APOGEE_ID,TEFF,TEFF_ERR,LOGG,LOGG_ERR,FE_H,FE_H_ERR,MG_FE,MG_FE_ERR,C_FE,C_FE_ERR,N_FE,N_FE_ERR,AL_FE,AL_FE_ERR,CA_FE,CA_FE_ERR,O_FE,O_FE_ERR,CE_FE,CE_FE_ERR,ND_FE,ND_FE_ERR,logAge,logAgeErr,age,KIC_ID,SNR,EVO_STATE
2M19242614+3648478,4673.952,1.366,2.728,0.003,-0.025,0.001,0.016,0.0017320508,0.015000001,0.0017320508,0.20500001,0.0017320508,0.179,0.0014142137,-0.023,0.0017320508,0.014,0.0017320508,-0.021999998,0.0014142137,0.214,0.0014142137,0.7582845876910226,0.045913505805666506,5.731715,1161618.0,481.7388,2.0
2M19222790+3711159,4434.094,0.454,2.64,0.001,0.169,0.001,0.020999998,,0.033999994,,0.277,,0.16100001,0.0014142137,0.0119999945,,0.003999993,,-0.262,0.0014142137,0.239,0.0014142137,0.5647898264601303,0.03344309534223,3.671046,1569823.0,808.0976,2.0
2M19242968+3711000,4876.44,3.597,2.699,0.007,-0.3,0.001,0.027999997,0.00244949,0.11900002,0.00244949,0.26900002,0.003,0.22100002,0.0014142137,0.04000002,0.00244949,-0.012999982,0.00244949,1.299,0.0014142137,-1.921,0.0022360682,0.1837750400307038,0.021562897742415224,1.526775,1572049.0,292.07498,2.0
2M19291057+3713306,5070.55,1.663,3.048,0.002,-0.063,0.001,-0.064,0.00244949,-0.18,0.00244949,0.361,0.00244949,0.118,0.0014142137,0.015000001,0.00244949,-0.062,0.00244949,0.17,0.0014142137,0.206,0.0014142137,-0.04337589553809931,0.034141309330226605,0.904949,1725190.0,823.413,2.0
2M19274515+3727100,4960.865,5.267,3.038,0.007,-0.002,0.001,-0.023,0.003,-0.21599999,0.003,0.461,0.003,0.237,0.0014142137,0.014,0.003,-0.057,0.00244949,-0.072000004,0.0014142137,0.009000001,0.0014142137,-0.018055968219310464,0.03501082379936474,0.959277,2016676.0,218.25378,2.0
2M19300833+3726004,4766.182,4.053,3.185,0.006,-0.106,0.001,0.059,0.00244949,0.16,0.00244949,0.253,0.003,0.060999997,0.0014142137,0.004999995,0.00244949,-0.012000002,0.00244949,-0.037999995,0.0014142137,0.707,0.0014142137,0.6360806923456037,0.07230352145079395,4.325942,2019396.0,220.30702,2.0
2M19062014+3730377,5075.507,13.289,3.111,0.018,-0.191,0.002,0.054999992,0.0069999998,-0.0059999973,0.007483315,0.35799998,0.008062257,0.314,0.0028284274,0.047999993,0.0069999998,0.054000005,0.0069999998,0.376,0.0028284274,-0.012999997,0.0028284274,-0.06464289906097694,0.06851726725223253,0.861702,2142405.0,112.28241,2.0
2M19233177+3731446,4830.564,5.825,2.48,0.012,-0.47,0.001,0.048999995,0.0037416576,-0.08699998,0.004358899,0.229,0.004358899,0.226,0.0014142137,0.043000013,0.0037416576,0.07699999,0.0037416576,0.07100001,0.0014142137,0.322,0.0014142137,0.4691781942887113,0.10513023226179743,2.94563,2157725.0,203.49352,2.0
2M19034464+3738547,4421.519,1.343,2.686,0.003,0.211,0.001,0.030000001,0.0017320508,0.073000014,0.0017320508,0.35099998,0.0017320508,0.16600001,0.0014142137,0.023000002,,0.045000017,0.0017320508,-0.645,0.0014142137,0.185,0.0014142137,0.641032253927878,0.023968475858310016,4.375546,2282855.0,256.70538,2.0
2M19252964+3744385,4996.311,6.571,2.685,0.011,-0.467,0.001,0.062000006,0.0037416576,-0.030000001,0.004358899,0.30800003,0.0050990195,0.21000001,0.0014142137,0.06100002,0.0037416576,-0.023000002,0.004358899,-0.14599997,0.0022360682,0.375,0.0014142137,0.2791127739288846,0.09398242652689334,1.901572,2443035.0,222.75142,2.0
2M19062145+3750033,4816.63,2.563,2.679,0.005,-0.215,0.001,0.001000002,0.0017320508,-0.04699999,0.00244949,0.207,0.00244949,0.231,0.0014142137,0.033000007,0.0017320508,0.004000008,0.0017320508,0.074,0.0014142137,0.134,0.0014142137,0.4867334582665012,0.04109504060512942,3.067139,2556640.0,370.17917,2.0
2M19324627+3751249,4906.613,3.86,2.911,0.006,-0.033,0.001,-0.059,0.00244949,-0.20199999,0.003,0.306,0.003,0.127,0.0014142137,-0.026,0.003,-0.062,0.00244949,0.225,0.0014142137,0.029,0.0014142137,0.15604217864462258,0.012208105219597655,1.432327,2583884.0,283.2401,2.0
2M19044478+3757204,5065.39,7.381,3.081,0.01,-0.13,0.001,0.0119999945,0.0037416576,-0.117,0.0037416576,0.458,0.0037416576,0.23699999,0.0014142137,0.042999998,0.0037416576,0.003999993,0.0037416576,-0.03500001,0.0014142137,0.313,0.0014142137,-0.11751530740336605,0.056109392070359955,0.76293,2693967.0,183.4034,2.0
2M19064544+3754106,4840.583,6.37,2.655,0.012,-0.244,0.002,0.026000008,0.0041231057,-0.070999995,0.0041231057,0.218,0.0046904157,0.22500001,0.0022360682,0.07100001,0.0041231057,0.054000005,0.0041231057,-0.017999992,0.0028284274,0.179,0.0022360682,0.5715856283932608,0.08325894792176271,3.728942,2695592.0,163.87552,2.0
2M19192741+3801411,5064.806,1.689,3.128,0.002,-0.071,0.001,-0.019999996,0.00244949,-0.151,0.0033166248,0.27,0.0033166248,0.187,0.0014142137,0.056,0.00244949,-0.0029999986,0.00244949,0.137,0.0014142137,0.199,0.0014142137,-0.12032506492708647,0.07715042288313632,0.75801,2845610.0,869.83374,2.0
2M19312076+3810229,4613.956,1.391,2.535,0.003,-0.04,0.001,0.044999998,0.0017320508,0.055,0.0017320508,0.266,0.0017320508,0.17500001,0.0014142137,0.0,0.0017320508,0.082,0.0017320508,-0.078,0.0014142137,0.163,0.0014142137,0.9560146226412326,0.09408129688220006,9.036799,2996112.0,446.34787,2.0
2M19321332+3807437,4770.635,3.087,2.634,0.006,-0.132,0.001,0.016000003,0.00244949,-0.085999995,0.00244949,0.245,0.003,0.195,0.0014142137,0.031999998,0.00244949,0.008000001,0.00244949,0.052,0.0014142137,-0.092999995,0.0014142137,0.6445731900487948,0.128508623698499,4.411367,2997086.0,302.79642,2.0
2M19191423+3814087,4761.89,7.791,2.73,0.014,-0.093,0.002,-0.048,0.0057445625,0.017000005,0.0057445625,0.132,0.0061644143,0.25100002,0.0028284274,0.023000002,0.0057445625,-0.085,0.0057445625,-0.066999994,0.0028284274,0.38099998,0.0028284274,0.7182826595435234,0.06359475755658324,5.227363,3110056.0,116.02156,2.0
2M19211410+3812367,4801.516,3.563,2.776,0.006,-0.075,0.001,-0.026,0.00244949,-0.117,0.003,0.244,0.003,0.17500001,0.0014142137,0.058000002,0.00244949,0.002000004,0.00244949,0.097,0.0014142137,0.052,0.0014142137,0.2642394014766181,0.017831341077833306,1.837551,3112021.0,268.8252,2.0
2M19215076+3820311,4704.464,1.04,2.748,0.002,0.095,0.001,-0.070999995,0.0017320508,-0.155,0.0017320508,0.296,0.0017320508,0.126,0.0014142137,0.0029999986,0.0017320508,-0.067,0.0017320508,0.072,0.0014142137,0.266,0.0014142137,0.20036506416727362,0.07330933324994551,1.586226,3231503.0,742.95667,2.0
2M19252219+3820105,4647.42,1.043,2.669,0.002,0.066,0.001,-0.022,0.0017320508,-0.072,0.0017320508,0.325,0.0017320508,0.168,0.0014142137,0.009999998,0.0017320508,-0.051,0.0017320508,-0.14,0.0014142137,0.097,0.0014142137,0.5762815586003855,0.04374863521704445,3.769481,3234597.0,683.4402,2.0
2M19311740+3819055,4458.751,2.015,2.69,0.005,0.212,0.001,-0.008000001,,0.089,0.00244949,0.23400001,0.00244949,0.08499999,0.0014142137,-0.03199999,,-0.015000001,,-0.38300002,0.0014142137,0.22399999,0.0014142137,0.9396123913091863,0.060992438762599875,8.701866,3240573.0,200.55087,2.0
2M19361490+3820257,4894.643,6.691,2.854,0.011,-0.21,0.002,0.0029999912,0.00489898,-0.032000005,0.00489898,0.267,0.0053851646,0.249,0.0028284274,0.024999991,0.00489898,0.047999993,0.00489898,-0.135,0.0028284274,0.21,0.0028284274,0.3379641470297385,0.04522603638565863,2.17753,3245721.0,158.49194,2.0
2M19181953+3830139,4805.413,3.091,2.914,0.005,0.133,0.001,-0.028000005,0.00244949,-0.114,0.00244949,0.44199997,0.00244949,0.13399999,0.0014142137,0.033999994,0.00244949,-0.020000003,0.00244949,-0.013999999,0.0014142137,0.17400001,0.0014142137,0.013545011452958982,0.06959075709118727,1.03168,3437031.0,291.0597,2.0
2M19285739+3834137,4471.359,1.615,2.618,0.004,0.152,0.001,0.087,0.00244949,0.12300001,0.00244949,0.203,0.00244949,0.16400002,0.0014142137,0.008000001,,0.060000002,0.00244949,-0.11,0.0014142137,0.074,0.0014142137,0.9921512446982299,0.0407303958659385,9.820899,3446842.0,266.1148,2.0
2M19401962+3831015,4952.797,1.142,3.123,0.002,-0.019,0.001,-0.077,0.0017320508,0.0029999986,0.0017320508,0.488,0.0017320508,0.087000005,0.0014142137,-0.018000001,0.0017320508,-0.053999998,0.0017320508,0.604,0.0014142137,-0.024000002,0.0014142137,0.09510132407688654,0.08397570616334848,1.244805,3458643.0,906.8384,2.0
2M19291197+3839398,4509.687,1.268,2.634,0.003,0.047,0.001,0.124000005,0.0017320508,0.087000005,0.0017320508,0.12900001,0.00244949,0.20300001,0.0014142137,0.050000004,0.0017320508,0.115,0.0017320508,-0.049999997,0.0014142137,0.35000002,0.0014142137,0.9702053122177758,0.08053544682900626,9.336956,3547943.0,366.71655,2.0
2M19221439+3845022,5011.34,8.442,2.515,0.015,-0.652,0.002,0.316,0.0053851646,0.031000018,0.009165152,0.20200002,0.010049876,0.42900002,0.0028284274,0.13800001,0.0053851646,0.37800002,0.0053851646,-0.338,0.0028284274,-0.116,0.0028284274,0.5536365734624157,0.14030564357240793,3.577969,3642483.0,183.43335,2.0
2M19424202+3847430,5025.866,2.351,3.034,0.003,-0.022,0.001,-0.045,0.00244949,-0.121999994,0.00244949,0.292,0.00244949,0.151,0.0014142137,0.048,0.00244949,-0.037,0.00244949,0.0040000007,0.0014142137,-0.199,0.0014142137,-0.07426259076562268,0.05160159939104255,0.842825,3663200.0,510.9185,2.0
2M19302086+3852154,4790.227,2.547,2.638,0.005,-0.135,0.001,-0.008000001,0.0017320508,-0.078999996,0.00244949,0.2,0.00244949,0.183,0.0014142137,0.015000008,0.0017320508,0.020000003,0.0017320508,0.089,0.0014142137,0.165,0.0014142137,0.5141878164668937,0.038894073686117234,3.267291,3751222.0,367.42834,2.0
2M19401070+3852227,5028.201,1.994,2.832,0.003,-0.139,0.001,-0.044,0.00244949,-0.076000005,0.00244949,0.271,0.00244949,0.147,0.0014142137,0.033,0.00244949,-0.011000007,0.00244949,0.139,0.0014142137,0.111,0.0014142137,0.09695344028491906,0.07018869311188246,1.250125,3761250.0,646.9465,2.0
2M19010019+3854285,4655.574,4.728,2.684,0.009,-0.035,0.001,-0.008000001,0.0033166248,0.061,0.0033166248,0.14,0.0037416576,0.135,0.0014142137,-0.009,0.0033166248,0.0020000003,0.0033166248,-0.18900001,0.0014142137,0.15,0.0014142137,0.9144869107188864,0.08280264864255948,8.212718,3832396.0,153.31757,2.0
2M19024305+3854594,4573.912,0.487,2.636,0.001,-0.022,0.001,0.117,,0.137,,0.19,,0.271,0.0014142137,0.04,,0.093,,-0.305,0.0014142137,0.191,0.0014142137,0.6603527458957984,0.038116385143463195,4.574596,3833399.0,1150.4884,2.0
2M19061091+3859181,4549.218,2.003,2.601,0.005,0.028,0.001,0.013999999,0.00244949,0.013,0.00244949,0.204,0.00244949,0.169,0.0014142137,0.0009999983,0.00244949,0.018999998,0.00244949,-0.19,0.0014142137,0.372,0.0014142137,0.8996544104635282,0.09564748725296239,7.936964,3835454.0,268.50314,2.0
2M19253546+3857039,4773.984,4.81,2.691,0.009,-0.125,0.001,0.008000001,0.0033166248,0.009000003,0.0037416576,0.118,0.0037416576,0.22,0.0014142137,-0.009000003,0.0033166248,0.036,0.0033166248,-0.033999994,0.0014142137,-0.085999995,0.0014142137,0.4795780451995736,0.13758289127802345,3.017019,3850089.0,189.65527,2.0
2M19265897+3855109,4624.737,3.438,2.647,0.007,0.017,0.001,-0.006000001,0.00244949,-0.013,0.00244949,0.393,0.00244949,0.13599999,0.0014142137,-0.030000001,0.00244949,-0.018000001,0.00244949,-0.18800001,0.0014142137,0.17,0.0014142137,0.8103227289339804,0.09205977643047855,6.461342,3851328.0,204.1139,2.0
2M19440792+3856121,4752.332,1.5,2.767,0.003,0.105,0.001,-0.051999997,0.0017320508,-0.109,0.0017320508,0.35700002,0.0017320508,0.134,0.0014142137,0.0040000007,0.0017320508,-0.045999996,0.0017320508,-0.095,0.0014142137,0.16600001,0.0014142137,0.23472400504687518,0.1418031561318739,1.716817,3869326.0,524.4074,2.0
2M19263483+3905105,4828.493,4.459,3.064,0.006,0.242,0.001,-0.020999998,0.00244949,-0.122,0.00244949,0.517,0.00244949,0.172,0.0014142137,0.008999988,0.00244949,-0.065,0.00244949,-0.63,0.0014142137,0.42000002,0.0014142137,-0.01866033175855334,0.020448644083212925,0.957943,3954770.0,201.16077,2.0
2M19354697+3905234,4793.209,6.496,2.599,0.012,-0.188,0.002,-0.00500001,0.00489898,-0.08700001,0.00489898,0.265,0.0053851646,0.212,0.0028284274,0.03999999,0.00489898,0.026999995,0.00489898,-0.33699998,0.0028284274,-0.181,0.0028284274,0.6422223756205513,0.12811002895090287,4.387553,3963755.0,141.09032,2.0
2M19370444+3905345,4837.496,1.511,2.843,0.002,0.083,0.001,-0.054999996,0.0017320508,-0.122999996,0.0017320508,0.386,0.0017320508,0.10400001,0.0014142137,0.0050000027,0.0017320508,-0.060999997,0.0017320508,-0.14299999,0.0014142137,0.09600001,0.0014142137,-0.09918296779028687,0.06433209119906635,0.795824,3965022.0,583.7055,2.0
2M19402228+3902270,4690.716,2.016,2.676,0.004,0.115,0.001,-0.052,0.0017320508,-0.176,0.0017320508,0.22599998,0.0017320508,0.14999998,0.0014142137,0.0040000007,0.0017320508,-0.071,0.0017320508,-0.047,0.0014142137,0.201,0.0014142137,0.48867323230374304,0.03543914717841139,3.080869,3968382.0,362.9798,2.0
2M19452032+3905389,4735.777,1.547,2.786,0.003,0.141,0.001,-0.031000003,0.0017320508,-0.072000004,0.0017320508,0.41300002,0.0017320508,0.16,0.0014142137,0.0,0.0017320508,-0.025000006,0.0017320508,-0.197,0.0014142137,0.03199999,0.0014142137,0.3374796277267361,0.041452512614788745,2.175102,3974811.0,488.50522,2.0
2M18592624+3909431,4761.856,2.601,2.713,0.005,-0.09,0.001,-0.029999994,0.0017320508,-0.133,0.00244949,0.224,0.00244949,0.187,0.0014142137,0.026,0.0017320508,-0.009999998,0.0017320508,0.066,0.0014142137,0.083000004,0.0014142137,0.578105926580301,0.044034719717132596,3.785349,4036300.0,362.1859,2.0
2M19002258+3908388,4254.643,1.308,2.105,0.007,-0.243,0.001,0.17300001,0.00244949,0.067,0.00244949,0.17300001,0.003,0.313,0.0014142137,0.053000003,0.00244949,0.16,0.00244949,-0.102,0.0014142137,0.074,0.0014142137,0.1199997566854372,0.0033998851916786695,1.318256,4037216.0,198.6227,2.0
2M19245972+3911026,4652.261,2.493,2.748,0.004,0.296,0.001,-0.047000006,0.00244949,-0.018000007,0.00244949,0.29900002,0.00244949,0.143,0.0014142137,-0.04100001,0.00244949,-0.066,0.00244949,-0.252,0.0014142137,0.26200002,0.0014142137,0.07189856906803078,0.09591782339174533,1.180045,4056014.0,246.01799,2.0
2M19342059+3911303,5072.831,5.05,3.183,0.007,0.019,0.001,-0.060000002,0.003,-0.168,0.003,0.37800002,0.003,0.12900001,0.0014142137,0.038999997,0.003,-0.018,0.003,0.19500001,0.0014142137,0.15900001,0.0014142137,-0.0973760437936016,0.042910615564993225,0.799142,4065054.0,260.0421,2.0
2M19422940+3909088,4912.386,9.938,2.613,0.017,-0.377,0.002,0.04699999,0.0061644143,-0.044999987,0.0067082043,0.222,0.007348469,0.25300002,0.0028284274,-0.014999986,0.0061644143,-0.02000001,0.0061644143,-0.21800002,0.0028284274,0.361,0.0028284274,0.5796823256231891,0.06913597214497408,3.799114,4073771.0,124.45379,2.0
2M18584130+3917235,4489.332,0.871,2.701,0.002,0.166,0.001,0.006000012,0.0017320508,-0.0019999892,0.0017320508,0.36,0.0017320508,0.13200001,0.0014142137,0.00500001,0.0017320508,-0.01699999,0.0017320508,-0.248,0.0014142137,0.161,0.0014142137,0.38265612031385465,0.017878947918251557,2.413549,4135933.0,498.4092,2.0
2M19105207+3915104,4532.252,2.171,2.751,0.005,0.019,0.001,0.053999998,0.00244949,0.031999998,0.00244949,0.164,0.003,0.19600001,0.0014142137,0.037,0.00244949,0.052999996,0.00244949,-0.137,0.0014142137,0.024000002,0.0014142137,0.39276499325930153,0.02269896777888812,2.470387,4143913.0,239.46065,2.0
2M19261062+3916281,4869.356,11.931,2.767,0.02,-0.285,0.003,0.032999992,0.007348469,-0.21599999,0.0083666,0.374,0.009,0.22399999,0.0036055513,0.126,0.00781025,-0.046000004,0.007348469,-0.18,0.004242641,-0.113000005,0.004242641,0.44725030911545743,0.11339718062400328,2.800595,4157276.0,105.40079,2.0
2M19155474+3918470,4873.394,6.408,2.609,0.013,-0.388,0.001,0.042000026,0.0037416576,-0.034999996,0.004358899,0.23200001,0.004358899,0.23400001,0.0014142137,0.045000017,0.0037416576,0.13000003,0.0037416576,-0.095,0.0014142137,0.202,0.0014142137,0.5519171012268854,0.05777109501835425,3.563831,4253026.0,185.3479,2.0
2M19245193+3919487,4837.596,4.13,2.967,0.006,0.025,0.001,-0.035,0.00244949,-0.213,0.00244949,0.38099998,0.003,0.155,0.0014142137,0.045,0.00244949,-0.024,0.00244949,0.054000005,0.0014142137,0.091,0.0014142137,-0.15149805726589602,0.13479135171557274,0.705508,4260884.0,248.96324,2.0
2M19343202+3923079,4299.653,2.39,2.324,0.008,0.057,0.001,-0.0040000007,0.0033166248,0.047000002,0.0033166248,0.198,0.0037416576,0.171,0.0014142137,-0.021000002,0.0033166248,0.025000002,0.0033166248,-0.226,0.0014142137,-0.078,0.0014142137,1.1257133479048869,0.14389546142508003,13.357136,4270704.0,138.22966,2.0
2M19050911+3924239,5012.743,1.026,3.132,0.001,0.054,0.001,-0.114,,-0.155,,0.381,,0.08399999,0.0014142137,-0.0050000027,,-0.12900001,,0.226,0.0014142137,0.15799999,0.0014142137,-0.25148792410872656,0.12324996214493267,0.560418,4348593.0,1188.6274,2.0
2M19321880+3928485,4971.961,2.412,2.912,0.004,-0.01,0.001,-0.074,0.0017320508,-0.144,0.0017320508,0.38099998,0.00244949,0.088,0.0014142137,0.048,0.0017320508,-0.088,0.0017320508,0.087,0.0014142137,0.251,0.0014142137,-0.29516767848299497,0.07158988410043421,0.506795,4370592.0,464.20184,2.0
2M19393896+3926255,4741.716,3.575,2.763,0.006,0.12,0.001,-0.042999998,0.00244949,-0.085999995,0.00244949,0.348,0.00244949,0.12600002,0.0014142137,-0.004999995,0.00244949,-0.040999994,0.00244949,-0.030999996,0.0014142137,0.35,0.0014142137,0.4063158221652073,0.03457126073317803,2.548683,4378405.0,211.82048,2.0
2M19011309+3930132,4779.73,1.762,2.547,0.004,-0.498,0.001,0.31199998,0.00244949,0.118,0.0033166248,0.120000005,0.004242641,0.424,0.0014142137,0.171,0.00244949,0.399,0.00244949,-0.298,0.0022360682,0.032999992,0.0014142137,1.0711917773808106,0.13396622604842226,11.781261,4446181.0,566.5874,2.0
2M19161976+3935170,4927.591,6.175,2.817,0.01,-0.203,0.001,0.020999998,0.0037416576,-0.06199999,0.0037416576,0.251,0.004358899,0.241,0.0014142137,0.033999994,0.0037416576,0.06299999,0.0037416576,0.0029999912,0.0014142137,0.127,0.0014142137,0.19592676039073006,0.062226642356291675,1.570098,4455785.0,184.06767,2.0
2M19392823+3930587,4665.992,3.665,2.608,0.007,-0.181,0.001,0.037999988,0.00244949,-0.07100001,0.00244949,0.176,0.003,0.177,0.0014142137,0.048999995,0.00244949,-0.02700001,0.00244949,0.14299999,0.0014142137,0.030000001,0.0014142137,0.20698634651613748,0.0535288620871797,1.610595,4476783.0,214.03282,2.0
2M19421875+3933056,4792.07,1.719,2.821,0.003,0.082,0.001,-0.042000003,0.0017320508,-0.134,0.0017320508,0.329,0.0017320508,0.151,0.0014142137,0.015000001,0.0017320508,-0.036000002,0.0017320508,0.019000001,0.0014142137,0.14299999,0.0014142137,0.21840761370758122,0.012080961042860213,1.653513,4479889.0,497.7966,2.0
2M19430914+3932335,4746.192,1.919,2.675,0.003,0.051,0.001,-0.044999998,0.0017320508,-0.291,0.0017320508,0.501,0.0017320508,0.102,0.0014142137,0.0040000007,0.0017320508,-0.085999995,0.0017320508,0.056,0.0014142137,0.065,0.0014142137,0.39417367842249756,0.08102211359781165,2.478413,4480938.0,436.3006,2.0
2M19011769+3938293,5071.985,5.215,3.036,0.007,-0.199,0.001,0.004999995,0.003,-0.13299999,0.0037416576,0.237,0.0037416576,0.16,0.0014142137,0.068,0.003,-0.020999998,0.003,-0.106000006,0.0014142137,-0.47100002,0.0022360682,-0.11054029908404872,0.04273079650251385,0.775282,4543371.0,293.00497,2.0
2M19181198+3940078,4686.903,5.31,2.646,0.011,-0.032,0.002,-0.004999999,0.0037416574,-0.022999998,0.0037416574,0.201,0.0041231057,0.19600001,0.0028284274,0.008000001,0.0037416574,-0.0069999993,0.0037416574,-0.281,0.0028284274,0.006000001,0.0028284274,0.7895507476315772,0.05886270208354362,6.159575,4554222.0,147.44481,2.0
2M19355625+3939394,5044.717,2.204,3.035,0.003,0.011,0.001,-0.059,0.00244949,-0.162,0.00244949,0.334,0.00244949,0.139,0.0014142137,0.017,0.00244949,-0.101,0.00244949,0.1,0.0014142137,0.113,0.0014142137,-0.08341815081984624,0.05892324904729703,0.825243,4570120.0,574.12115,2.0
2M19405985+3939150,4553.949,3.992,2.344,0.011,-0.263,0.002,0.032000005,0.0037416574,0.0,0.0041231057,0.12500001,0.0041231057,0.199,0.0022360682,-0.01699999,0.0037416574,0.106000006,0.0041231057,-0.09099999,0.0028284274,0.053000018,0.0028284274,1.003823283588266,0.11661994660903317,10.088423,4575396.0,151.9792,2.0
2M19420183+3937122,4589.551,4.124,2.573,0.009,-0.014,0.001,0.015000001,0.0033166248,0.005000001,0.0033166248,0.135,0.0037416576,0.223,0.0014142137,0.027,0.0033166248,0.048,0.0033166248,-0.067,0.0014142137,0.106,0.0014142137,1.02264975132118,0.1131954381305045,10.535369,4576632.0,145.08163,2.0
2M19490856+3940517,4617.285,1.373,2.688,0.003,0.02,0.001,0.007000001,0.0017320508,0.08,0.0017320508,0.21100001,0.0017320508,0.161,0.0014142137,-0.0069999993,0.0017320508,0.029,0.0017320508,-0.128,0.0014142137,0.033,0.0014142137,0.4711342507678463,0.07138155960037504,2.958927,4585508.0,450.61575,2.0
2M19134585+3946100,4778.029,1.241,2.728,0.002,0.04,0.001,-0.062,0.0017320508,-0.17699999,0.0017320508,0.292,0.00244949,0.14899999,0.0014142137,0.035000004,0.0017320508,-0.059,0.0017320508,0.024999999,0.0014142137,0.36,0.0014142137,0.265048126833452,0.02915130608165971,1.840976,4643888.0,691.40015,2.0
2M19155240+3947492,4814.919,5.676,2.827,0.009,-0.273,0.002,0.031000003,0.0041231057,-0.006000012,0.0041231057,0.156,0.0046904157,0.20899999,0.0028284274,-0.016000003,0.0041231057,0.0,0.0041231057,-0.74100006,0.0028284274,-0.06999999,0.0028284274,0.34920892878334747,0.06000925237718417,2.234647,4645455.0,191.08247,2.0
2M19184058+3947227,4602.691,1.311,2.595,0.003,-0.041,0.001,-0.053999998,0.0017320508,-0.14899999,0.0017320508,0.262,0.00244949,0.139,0.0014142137,0.014,0.0017320508,-0.047,0.0017320508,-0.085,0.0014142137,0.038000003,0.0014142137,0.5514382865030955,0.047699690640545106,3.559904,4647756.0,505.74948,2.0
2M19313338+3944196,4519.471,0.655,2.688,0.002,0.047,0.001,0.0,0.0017320508,-0.029,0.0017320508,0.222,0.0017320508,0.148,0.0014142137,0.007000003,0.0017320508,-0.0059999973,0.0017320508,-0.092999995,0.0014142137,0.224,0.0014142137,0.5124969529015999,0.04789796710450473,3.254595,4658645.0,774.82855,2.0
2M19360356+3945297,4770.321,0.976,2.916,0.001,0.245,0.001,-0.040000007,0.0017320508,-0.106000006,0.0017320508,0.39,0.0017320508,0.16099998,0.0014142137,-0.025000006,0.0017320508,-0.065,0.0017320508,-0.18800001,0.0014142137,0.27099997,0.0014142137,-0.1428358252949101,0.09469358884361227,0.719721,4662939.0,804.7775,2.0
2M19375183+3949461,5090.069,4.579,3.072,0.006,-0.077,0.001,-0.067999996,0.003,-0.114,0.003,0.352,0.003,0.133,0.0014142137,-0.001000002,0.003,-0.023000002,0.003,0.155,0.0014142137,0.265,0.0014142137,-0.3442048552606771,0.029036495191532757,0.452684,4756445.0,303.2544,2.0
2M19392385+3952379,5088.161,8.158,3.181,0.01,-0.074,0.001,-0.023000002,0.0037416576,-0.106000006,0.004358899,0.345,0.004358899,0.183,0.0014142137,0.025000002,0.0037416576,0.083000004,0.0037416576,-0.061000004,0.0014142137,0.231,0.0014142137,-0.21119197554604768,0.03694262881328249,0.614905,4758020.0,180.62735,2.0
2M19421008+3953561,5025.931,7.253,3.073,0.01,0.003,0.001,-0.062,0.0037416576,-0.171,0.0037416576,0.375,0.0037416576,0.111,0.0014142137,0.0,0.0037416576,-0.118999995,0.0037416576,-0.18100001,0.0014142137,0.062,0.0014142137,-0.06775968060193543,0.06366190390860595,0.85554,4761037.0,176.27234,2.0
2M19500458+3952215,4865.624,1.806,3.032,0.002,0.041,0.001,-0.085,0.0017320508,-0.07,0.0017320508,0.282,0.00244949,0.16600001,0.0014142137,-0.0030000024,0.0017320508,-0.07,0.0017320508,-1.221,0.0014142137,0.373,0.0014142137,0.16986362535188704,0.011664745096715414,1.478644,4770846.0,568.03217,2.0
2M19330707+3957558,4846.689,5.249,2.692,0.009,-0.125,0.001,0.0019999966,0.0037416576,-0.08400001,0.0037416576,0.214,0.0037416576,0.163,0.0014142137,0.036,0.0037416576,0.030000001,0.0037416576,0.20199999,0.0014142137,0.113,0.0014142137,0.3005743990114002,0.02396419831978888,1.997903,4840815.0,195.37231,2.0
2M19061728+4002351,4484.551,1.695,2.719,0.004,0.143,0.001,0.018999994,0.0017320508,0.027999997,0.0017320508,0.262,0.0017320508,0.127,0.0014142137,0.0069999993,0.0017320508,-0.013000011,0.0017320508,-0.261,0.0014142137,0.023999989,0.0014142137,0.41620632868996776,0.028996582702398913,2.607392,4908318.0,279.72192,2.0
2M19345069+4004116,4717.294,3.926,2.803,0.007,0.068,0.001,-0.014000002,0.00244949,-0.106000006,0.00244949,0.40100002,0.003,0.19699998,0.0014142137,-0.016000003,0.00244949,-0.016000003,0.00244949,0.0009999946,0.0014142137,0.311,0.0014142137,0.15503800313687646,0.06252739287789717,1.429019,4930617.0,204.87761,2.0
2M19443270+4003587,4991.659,1.802,2.912,0.003,-0.049,0.001,-0.055000003,0.00244949,-0.143,0.00244949,0.278,0.00244949,0.15,0.0014142137,0.044999998,0.00244949,-0.041000005,0.00244949,0.146,0.0014142137,0.070999995,0.0014142137,0.04795168331729992,0.042302079777840854,1.116739,4940916.0,673.2816,2.0
2M19515497+4001290,4871.481,3.431,2.873,0.005,0.034,0.001,-0.044,0.00244949,-0.092,0.00244949,0.32299998,0.003,0.134,0.0014142137,0.0019999966,0.00244949,-0.068,0.00244949,-0.0090000015,0.0014142137,0.345,0.0014142137,0.006097912621113403,0.10738761206708133,1.01414,4949422.0,230.3274,2.0
2M19545934+4005159,4770.609,2.062,2.642,0.004,-0.029,0.001,-0.026,0.0017320508,-0.199,0.00244949,0.23,0.00244949,0.159,0.0014142137,0.045,0.0017320508,-0.0069999993,0.0017320508,0.062,0.0014142137,0.119,0.0014142137,0.2780217699317341,0.05715360908559813,1.896801,4953192.0,434.8202,2.0
2M19405704+4010068,4641.228,2.15,2.807,0.004,0.037,0.001,-0.019000001,0.0017320508,-0.075,0.0017320508,0.268,0.00244949,0.134,0.0014142137,0.027000003,0.0017320508,-0.032,0.0017320508,0.042999998,0.0014142137,0.091000006,0.0014142137,0.2977629177621386,0.010736531490474505,1.985011,5023931.0,337.95187,2.0
2M19411564+4010105,4716.877,5.995,2.773,0.01,0.063,0.002,-0.067,0.0037416574,-0.087,0.0041231057,0.262,0.0041231057,0.144,0.0028284274,0.016999997,0.0037416574,-0.046,0.0037416574,-0.032,0.0028284274,0.28100002,0.0028284274,0.31555935462645823,0.01860109750276904,2.068042,5024404.0,135.34367,2.0
2M19413444+4008462,4744.295,2.332,2.718,0.004,0.019,0.001,-0.029,0.0017320508,-0.087000005,0.0017320508,0.26700002,0.0017320508,0.155,0.0014142137,0.026000002,0.0017320508,-0.033,0.0017320508,-0.011999999,0.0014142137,0.025,0.0014142137,0.3518113755722519,0.02170923764705622,2.248078,5024967.0,360.1466,2.0
2M18592342+4015598,4966.604,1.576,2.997,0.002,0.085,0.001,-0.077,0.0017320508,-0.169,0.0017320508,0.38599998,0.00244949,0.14699998,0.0014142137,0.024999999,0.0017320508,-0.054,0.0017320508,-0.016999997,0.0014142137,0.227,0.0014142137,-0.2734145913057944,0.029606467427289108,0.532826,5080332.0,722.5259,2.0
2M19115123+4013021,4834.321,6.373,3.095,0.008,0.174,0.001,-0.051999994,0.0033166248,-0.155,0.0037416576,0.35200003,0.0037416576,0.11200002,0.0014142137,0.017000005,0.0033166248,-0.081999995,0.0033166248,-0.116,0.0022360682,0.224,0.0014142137,0.10174192010468704,0.05027344696011348,1.263985,5087190.0,153.72342,2.0
2M19231917+4017517,4529.363,2.734,2.615,0.006,0.178,0.001,-0.027999997,0.00244949,0.026999995,0.00244949,0.288,0.00244949,0.157,0.0014142137,-0.024000004,0.00244949,-0.037,0.00244949,-0.264,0.0014142137,0.28,0.0014142137,0.8381090269774649,0.052934701994529765,6.888252,5096114.0,174.82332,2.0
2M19324737+4014234,4701.334,2.13,2.491,0.005,-0.341,0.001,0.234,0.0017320508,0.051999986,0.0017320508,0.35099998,0.00244949,0.42,0.0014142137,0.14999999,0.0017320508,0.25599998,0.0017320508,-0.04700002,0.0014142137,0.173,0.0014142137,0.8043127064885991,0.11726050920609339,6.372542,5104153.0,392.36484,2.0
2M19504935+4013522,4729.458,3.633,2.612,0.007,0.034,0.001,-0.039,0.00244949,-0.192,0.00244949,0.265,0.003,0.134,0.0014142137,0.003999997,0.00244949,-0.049000002,0.00244949,-0.029000003,0.0014142137,0.12499999,0.0014142137,0.31834887321491584,0.08172139786254633,2.081368,5123475.0,202.11395,2.0
2M19395336+4023570,4805.766,7.559,2.555,0.015,-0.235,0.002,0.016000003,0.00489898,-0.033000007,0.0053851646,0.11,0.006,0.253,0.0028284274,0.067,0.00489898,0.055999994,0.00489898,-0.156,0.0028284274,0.229,0.0028284274,0.8747721007405359,0.09702432578496409,7.495008,5198552.0,135.2904,2.0
2M19414807+4019455,4817.944,6.988,2.815,0.011,0.123,0.002,-0.003000006,0.0045825755,-0.056,0.00489898,0.34,0.00489898,0.20000002,0.0028284274,0.013999991,0.00489898,-0.031000003,0.0045825755,0.013999991,0.0028284274,0.46699998,0.0028284274,0.2571573487784069,0.07860704922338031,1.807829,5200629.0,124.600075,2.0
2M19510245+4018183,4775.122,2.117,2.769,0.004,-0.011,0.001,-0.023000002,0.0017320508,-0.089,0.0017320508,0.251,0.00244949,0.188,0.0014142137,0.0069999998,0.0017320508,0.006,0.0017320508,0.005,0.0014142137,0.257,0.0014142137,0.24990366581267714,0.07019842413610784,1.777885,5211720.0,377.91873,2.0
2M19574078+4020223,4542.703,2.743,2.533,0.006,0.088,0.001,-0.031999998,0.00244949,0.036,0.00244949,0.161,0.00244949,0.157,0.0014142137,0.008000001,0.00244949,-0.018,0.00244949,-0.122999996,0.0014142137,0.139,0.0014142137,1.0038099382559056,0.12344454204396603,10.088113,5220107.0,183.8951,2.0
2M19113030+4029318,4908.536,7.635,2.609,0.014,-0.341,0.002,0.068999976,0.00489898,-0.026000023,0.0053851646,0.23699999,0.0053851646,0.259,0.0028284274,0.04099998,0.00489898,0.013999999,0.00489898,-0.395,0.0028284274,0.039000005,0.0028284274,0.42061329741552295,0.07092535890779322,2.633985,5262788.0,146.1163,2.0
2M19343839+4024392,4610.938,5.921,2.553,0.013,0.061,0.002,0.003999997,0.0045825755,-0.0020000003,0.00489898,0.25500003,0.00489898,0.183,0.0028284274,0.029999997,0.0045825755,0.035,0.0045825755,-0.40699998,0.0028284274,0.10499999,0.0028284274,0.863729478703368,0.13625347913776636,7.306838,5281405.0,108.98361,2.0
2M19353565+4025596,4902.385,1.675,2.78,0.003,-0.055,0.001,-0.033,0.0017320508,-0.15799999,0.00244949,0.34,0.00244949,0.18,0.0014142137,0.037,0.0017320508,-0.044,0.0017320508,0.087,0.0014142137,-0.14899999,0.0014142137,0.22707852514274385,0.030342670316474602,1.686858,5282288.0,625.0407,2.0
2M19353767+4026498,4716.592,1.477,2.731,0.003,-0.05,0.001,-0.096,0.0017320508,-0.179,0.0017320508,0.27400002,0.00244949,0.073,0.0014142137,0.039,0.0017320508,-0.070999995,0.0017320508,0.125,0.0014142137,0.142,0.0014142137,-0.048482776824566975,0.14126212611164843,0.89437,5282322.0,638.25684,2.0
2M19431995+4025391,4870.702,8.938,2.852,0.015,-0.321,0.002,0.013000011,0.0061644143,-0.025999993,0.0061644143,0.22100002,0.0067082043,0.135,0.0028284274,0.10400002,0.0061644143,0.103000015,0.0061644143,-0.369,0.0028284274,-0.072999984,0.0028284274,0.5362873026437261,0.06111888741826362,3.437853,5290071.0,135.44345,2.0
2M19522197+4033436,4816.632,6.137,2.529,0.012,-0.137,0.002,-0.018000007,0.0041231057,-0.113000005,0.0041231057,0.174,0.0046904157,0.203,0.0022360682,0.06599999,0.0041231057,-0.048000008,0.0041231057,-0.019000009,0.0028284274,0.236,0.0022360682,0.493325302507782,0.10015716777875135,3.114048,5387638.0,149.48024,2.0
2M19544599+4032478,4622.2,4.393,2.571,0.009,-0.108,0.001,-0.011,0.0033166248,-0.15199998,0.0037416576,0.193,0.0037416576,0.133,0.0014142137,0.027000003,0.0033166248,-0.04299999,0.0033166248,0.119,0.0014142137,0.22600001,0.0014142137,0.6943263713509393,0.11922701176738218,4.946823,5390762.0,162.05147,2.0
2M19105612+4038321,4706.187,3.003,2.73,0.005,-0.01,0.001,-0.01,0.00244949,-0.011,0.00244949,0.294,0.00244949,0.179,0.0014142137,-0.011,0.00244949,0.0059999996,0.00244949,-0.064,0.0014142137,0.08,0.0014142137,0.5555257464403055,0.03993706537133349,3.593567,5436082.0,262.49426,2.0
2M19155185+4040542,5077.667,3.97,3.229,0.005,-0.003,0.001,-0.063,0.003,-0.162,0.003,0.333,0.003,0.109,0.0014142137,0.024,0.003,-0.13499999,0.003,0.069,0.0014142137,0.037,0.0014142137,-0.22254200233112043,0.012205408877296282,0.599043,5439339.0,359.45673,2.0
2M19410442+4036470,4673.609,3.333,2.912,0.005,0.107,0.001,-0.030000001,0.00244949,-0.125,0.00244949,0.359,0.003,0.024999999,0.0014142137,0.0029999986,0.00244949,-0.073,0.00244949,-0.0069999993,0.0014142137,0.115,0.0014142137,0.4756669760832749,0.03710501340040962,2.989971,5460741.0,235.39688,2.0
2M19413361+4040207,5000.635,7.824,2.463,0.014,-0.768,0.002,0.24000001,0.0053851646,0.11900002,0.008306623,0.12400001,0.010049876,0.337,0.0028284274,0.19800001,0.0053851646,0.357,0.0053851646,-0.53499997,0.0028284274,0.338,0.0028284274,0.8516578381856609,0.06405157534242725,7.106534,5461244.0,222.6589,2.0
2M19421132+4045130,4792.783,2.808,2.799,0.005,-0.006,0.001,-0.061,0.00244949,0.062000003,0.00244949,0.402,0.00244949,0.144,0.0014142137,-0.044,0.00244949,-0.055,0.00244949,0.35500002,0.0014142137,0.20899999,0.0014142137,0.15591905832764333,0.07596083972623714,1.431921,5547077.0,292.38406,2.0
2M19035686+4049356,4707.771,3.125,2.749,0.006,0.123,0.001,-0.0070000067,0.00244949,-0.014000006,0.00244949,0.324,0.00244949,0.155,0.0014142137,0.009999998,0.00244949,-0.026,0.00244949,-0.275,0.0014142137,0.33,0.0014142137,0.3844546719905988,0.030361987917301787,2.423565,5603153.0,227.42758,2.0
2M19212398+4052278,4889.978,2.667,2.717,0.005,-0.211,0.001,0.03899999,0.00244949,-0.11500001,0.00244949,0.304,0.00244949,0.227,0.0014142137,0.01699999,0.00244949,0.045,0.00244949,-0.118,0.0014142137,-0.015000001,0.0014142137,0.23835175894174498,0.08161513101737901,1.731218,5615331.0,435.55118,2.0
2M19281060+4048488,4907.686,4.541,2.887,0.007,-0.076,0.001,-0.028000005,0.003,-0.116000004,0.003,0.29299998,0.003,0.188,0.0014142137,0.008999996,0.003,-0.0060000047,0.003,0.121,0.0014142137,0.117,0.0014142137,0.16519445212499914,0.027348701854488212,1.462832,5620720.0,233.00662,2.0
2M19373341+4050070,4553.607,2.437,2.571,0.006,0.053,0.001,0.0030000024,0.00244949,0.029999997,0.00244949,0.22299999,0.00244949,0.161,0.0014142137,-0.017,0.00244949,-0.0040000007,0.00244949,-0.168,0.0014142137,0.107999995,0.0014142137,0.6072740831098421,0.0616410717484034,4.048313,5628779.0,224.90695,2.0
2M19222199+4059209,4535.591,3.015,2.568,0.007,0.165,0.001,-0.00500001,0.00244949,0.0119999945,0.00244949,0.21999998,0.00244949,0.129,0.0014142137,-0.011000007,0.00244949,0.0019999892,0.00244949,-0.22600001,0.0014142137,0.31,0.0014142137,0.9920082089480425,0.06901326522011605,9.817665,5701821.0,169.65549,2.0
2M19314933+4059408,4791.203,4.912,2.691,0.009,-0.245,0.001,0.060000002,0.0037416576,0.017000005,0.0037416576,0.169,0.0037416576,0.279,0.0014142137,0.045,0.0037416576,0.087,0.0037416576,0.08,0.0014142137,0.17500001,0.0014142137,0.9102544568190384,0.08579213656915412,8.133069,5709182.0,194.03319,2.0
2M19544486+4056532,4887.274,3.439,2.88,0.006,-0.062,0.001,-0.029,0.00244949,-0.16600001,0.003,0.357,0.003,0.20300001,0.0014142137,0.009999998,0.00244949,0.015000001,0.00244949,-0.113,0.0014142137,0.24200001,0.0014142137,-0.3382033997414274,0.06491476357724049,0.458983,5733555.0,315.24597,2.0
2M19555957+4058335,4779.79,1.747,2.844,0.003,0.12,0.001,-0.060999997,0.0017320508,-0.196,0.0017320508,0.35999998,0.00244949,0.14899999,0.0014142137,0.001000002,0.0017320508,-0.07699999,0.0017320508,0.016999997,0.0014142137,0.16600001,0.0014142137,0.24273865457168342,0.07364803409789383,1.748794,5735042.0,503.10358,2.0
2M19165694+4105055,4635.281,4.692,2.585,0.01,-0.014,0.002,0.016,0.0037416574,-0.009,0.0037416574,0.16,0.0041231057,0.226,0.0022360682,0.025,0.0037416574,0.033,0.0037416574,-0.112,0.0028284274,-0.163,0.0028284274,0.9628429177450134,0.09573228948408119,9.180005,5782792.0,150.75478,2.0
2M19273103+4104518,4720.006,2.437,2.86,0.004,0.257,0.001,-0.023000002,0.0017320508,-0.049999997,0.0017320508,0.331,0.0017320508,0.16600001,0.0014142137,-0.015000001,0.0017320508,-0.047000006,0.0017320508,-0.132,0.0014142137,0.30600002,0.0014142137,0.16667368857877818,0.10258278500317315,1.467823,5791135.0,289.67334,2.0
2M19311995+4105084,4631.518,2.214,2.72,0.004,0.06,0.001,0.0040000044,0.0017320508,0.035,0.0017320508,0.263,0.0017320508,0.156,0.0014142137,-0.004999999,0.0017320508,0.024,0.0017320508,-0.299,0.0014142137,0.292,0.0014142137,0.7691812584305069,0.0866635455672377,5.877346,5794100.0,281.22086,2.0
2M19330625+4101343,4729.962,4.793,2.642,0.009,-0.038,0.001,0.004999999,0.0033166248,-0.072,0.0033166248,0.2,0.0037416576,0.207,0.0014142137,0.04,0.0033166248,0.016999999,0.0033166248,-0.094,0.0014142137,-0.0050000027,0.0014142137,0.8287677479737157,0.062390430463001786,6.741674,5795583.0,171.91577,2.0
2M19330865+4103086,4916.962,1.529,2.557,0.003,-0.733,0.002,0.28199998,0.0037416574,0.06399995,0.006403124,0.116,0.007348469,0.45399997,0.0022360682,0.20599997,0.0037416574,0.371,0.0037416574,-0.27599996,0.0028284274,0.17299998,0.0028284274,0.47547534853595363,0.04688507068100123,2.988652,5795626.0,888.71844,2.0
2M19040181+4110491,4719.094,3.992,2.506,0.009,-0.369,0.001,0.195,0.003,0.08499998,0.003,0.14099999,0.003,0.33699998,0.0014142137,0.07999998,0.00244949,0.23099999,0.003,-0.27400002,0.0014142137,0.014999986,0.0014142137,0.5947447054769374,0.13810699411068136,3.933188,5860478.0,218.04337,2.0
2M19135012+4106294,4989.003,3.123,3.169,0.004,0.095,0.001,-0.078999996,0.0017320508,-0.18,0.00244949,0.395,0.00244949,0.097,0.0014142137,-0.0019999966,0.0017320508,-0.055999998,0.0017320508,0.070999995,0.0014142137,0.298,0.0014142137,-0.1280098985379632,0.030986960707344736,0.744715,5866138.0,391.07324,2.0
2M19274808+4106292,4870.896,8.589,2.679,0.016,-0.312,0.002,-0.012999982,0.0053851646,-0.035999984,0.0053851646,0.176,0.006,0.25300002,0.0028284274,0.03999999,0.0053851646,0.03999999,0.0053851646,0.142,0.0028284274,-0.19500002,0.0028284274,0.6712360839804931,0.12925240214455974,4.690683,5876758.0,136.51971,2.0
2M19451972+4110314,4626.086,2.874,2.616,0.006,0.197,0.001,0.004000008,0.00244949,0.106000006,0.00244949,0.15200001,0.00244949,0.09,0.0014142137,-0.06199999,0.00244949,0.016000003,0.00244949,-0.357,0.0014142137,0.17000002,0.0014142137,1.2611179449379444,0.029858569726739826,18.243911,5892647.0,196.91867,2.0
2M19544774+4106066,4588.469,2.0,2.665,0.004,0.106,0.001,-0.049999997,0.0017320508,-0.085999995,0.0017320508,0.308,0.0017320508,0.132,0.0014142137,-0.034,0.0017320508,-0.053,0.0017320508,-0.134,0.0014142137,0.012000002,0.0014142137,0.3629502579759783,0.07324793356483657,2.306483,5903484.0,303.45312,2.0
2M19563125+4110548,4803.946,6.523,2.718,0.011,-0.06,0.002,-0.008000005,0.0041231057,-0.137,0.0041231057,0.249,0.0046904157,0.13599999,0.0028284274,0.062,0.0041231057,0.0020000003,0.0041231057,0.11,0.0028284274,-0.12099999,0.0028284274,0.3515767858872904,0.046988984264131825,2.246864,5905685.0,151.93419,2.0
2M19173696+4117046,4738.517,3.235,2.668,0.006,0.026,0.001,-0.014,0.00244949,-0.095,0.00244949,0.24400002,0.003,0.19999999,0.0014142137,0.026,0.00244949,-0.023,0.00244949,-0.094000004,0.0014142137,0.333,0.0014142137,0.5210237393221474,0.03375016497510518,3.319126,5952802.0,259.53802,2.0
2M19274204+4115182,4715.182,3.304,2.807,0.006,0.049,0.001,0.010000002,0.00244949,-0.058,0.00244949,0.301,0.003,0.16000001,0.0014142137,-0.007999998,0.00244949,0.007000003,0.00244949,-0.044999998,0.0014142137,0.143,0.0014142137,0.531643917597258,0.05942575450178036,3.401292,5960594.0,243.85484,2.0
2M19451285+4115593,4895.767,4.287,2.874,0.007,-0.123,0.001,-0.045999996,0.003,-0.10899999,0.003,0.24700001,0.003,0.125,0.0014142137,0.017000005,0.003,-0.034,0.003,0.109000005,0.0014142137,0.204,0.0014142137,0.16936873362304566,0.047902773096344435,1.47696,5976798.0,269.1854,2.0
2M19493102+4114177,5001.804,1.966,3.12,0.003,0.059,0.001,-0.078999996,0.0017320508,-0.189,0.00244949,0.394,0.00244949,0.116,0.0014142137,0.0050000027,0.0017320508,-0.074,0.0017320508,0.100999996,0.0014142137,0.291,0.0014142137,-0.10120024899262327,0.05799028947033179,0.792136,5981666.0,623.2905,2.0
2M19511957+4116154,4889.793,4.54,2.778,0.007,-0.106,0.001,-0.013999999,0.00244949,-0.099,0.00244949,0.405,0.003,0.205,0.0014142137,0.058,0.00244949,-0.052999996,0.00244949,0.207,0.0014142137,0.099,0.0014142137,0.20921224330541416,0.05596648208205372,1.618871,5983759.0,240.0486,2.0
2M19520941+4112151,5058.123,5.993,3.025,0.008,-0.032,0.001,-0.114999995,0.0037416576,-0.16,0.0037416576,0.356,0.0037416576,0.086,0.0014142137,0.028,0.0037416576,-0.103,0.0037416576,0.013000002,0.0014142137,0.13,0.0014142137,-0.05185023381498679,0.046991451605544514,0.887462,5984633.0,223.55275,2.0
2M19141495+4118432,4790.167,3.212,2.909,0.005,-0.054,0.001,-0.039999995,0.00244949,-0.047000002,0.00244949,0.22500001,0.003,0.143,0.0014142137,0.010000002,0.00244949,-0.039,0.00244949,-0.161,0.0014142137,0.38599998,0.0014142137,0.35541243761183516,0.07585471924186438,2.266796,6032639.0,299.01367,2.0
2M19354247+4123225,4765.118,8.49,2.478,0.018,-0.293,0.002,0.038000017,0.0061644143,-0.05699998,0.0061644143,0.16700001,0.0067082043,0.317,0.0028284274,0.048000008,0.0061644143,0.14700001,0.0061644143,-0.068999976,0.0028284274,-0.294,0.0028284274,0.8642482890029062,0.10058824322813782,7.315572,6049343.0,111.05375,2.0
2M19540665+4118111,4788.449,1.961,2.756,0.004,-0.152,0.001,-0.061000004,0.0017320508,-0.12700002,0.00244949,0.211,0.00244949,0.182,0.0014142137,0.024999991,0.00244949,-0.050000012,0.0017320508,0.208,0.0014142137,0.13499999,0.0014142137,0.30193910756113945,0.037874280660124736,2.004191,6067987.0,520.52704,2.0
2M19004503+4126251,4742.511,6.586,2.685,0.012,-0.108,0.002,-0.031999998,0.00489898,-0.037999995,0.00489898,0.188,0.0053851646,0.2,0.0028284274,0.016000003,0.00489898,0.014000006,0.00489898,-0.08099999,0.0028284274,0.25,0.0028284274,0.6571044452039279,0.057303958349341606,4.540508,6105925.0,134.28728,2.0
2M19184248+4125258,4708.051,9.753,2.508,0.021,-0.59,0.003,0.12999997,0.007348469,0.032999992,0.00781025,0.23899996,0.0083666,0.30399996,0.0036055513,0.099999964,0.007348469,0.29299998,0.00781025,-0.030000031,0.004242641,-0.90000004,0.004242641,0.042955304781025605,0.009414536143507872,1.103965,6116806.0,107.12578,2.0
2M19372371+4126341,4562.966,2.839,2.49,0.008,-0.209,0.001,0.215,0.00244949,0.165,0.00244949,0.20300001,0.003,0.307,0.0014142137,0.07200001,0.00244949,0.221,0.00244949,-0.15299998,0.0014142137,0.09,0.0014142137,1.1592883913686303,0.10862045598912067,14.430733,6131901.0,195.77126,2.0
2M19525271+4127446,4980.163,4.407,2.943,0.006,0.026,0.001,-0.068,0.00244949,-0.16800001,0.003,0.414,0.003,0.136,0.0014142137,-0.012,0.00244949,-0.061,0.00244949,0.067999996,0.0014142137,0.394,0.0014142137,-0.32029507917181665,0.07744353039013017,0.478305,6148227.0,269.5877,2.0
2M19085734+4134346,4627.009,1.324,2.648,0.003,0.04,0.001,-0.011999998,0.0017320508,0.0020000003,0.0017320508,0.17300001,0.0017320508,0.17899999,0.0014142137,-0.022,0.0017320508,-0.0059999973,0.0017320508,-0.141,0.0014142137,0.27,0.0014142137,0.9645976918572586,0.1246889103608829,9.217172,6191711.0,492.88354,2.0
2M19540311+4134295,4982.899,3.052,2.925,0.004,-0.002,0.001,0.003,0.00244949,-0.347,0.00244949,0.514,0.00244949,0.229,0.0014142137,0.022,0.00244949,-0.011,0.00244949,-0.082,0.0014142137,0.055,0.0014142137,0.028467953143880176,0.0668211999478113,1.067746,6230903.0,398.80148,2.0
2M19075561+4136535,4781.47,1.558,2.673,0.003,-0.275,0.001,0.048000008,0.0017320508,0.025000006,0.00244949,0.199,0.00244949,0.262,0.0014142137,0.0029999912,0.0017320508,0.039000005,0.0017320508,-0.0069999993,0.0014142137,0.117,0.0014142137,0.8826008031592787,0.09208923414584512,7.63134,6271732.0,588.5775,2.0
2M19163450+4140329,4894.071,1.665,2.817,0.003,-0.159,0.001,-0.019000009,0.00244949,-0.165,0.00244949,0.342,0.00244949,0.274,0.0014142137,0.042999998,0.00244949,-0.00500001,0.00244949,0.070999995,0.0014142137,-0.04900001,0.0014142137,0.05934034453546889,0.0789007460835597,1.146411,6276898.0,702.1524,2.0
2M19351709+4141455,5101.299,9.752,3.03,0.013,-0.097,0.002,-0.056999996,0.0053851646,-0.19799998,0.0053851646,0.347,0.006,0.155,0.0028284274,0.038000003,0.0053851646,-0.06299999,0.0053851646,0.028000005,0.0028284274,-0.08399999,0.0028284274,-0.10660723991012121,0.08956235989291664,0.782335,6291425.0,151.89897,2.0
2M19524727+4139016,4956.419,4.044,2.824,0.007,-0.183,0.001,-0.0119999945,0.00244949,0.138,0.00244949,0.29299998,0.003,0.16499999,0.0014142137,0.031000003,0.00244949,0.004999995,0.00244949,0.81500006,0.0014142137,-0.635,0.0014142137,-0.026603798371672115,0.08317997011756345,0.940581,6309307.0,270.88162,2.0
2M19562964+4138282,4779.871,6.138,2.789,0.011,-0.105,0.002,-0.05200001,0.0041231057,-0.062,0.0041231057,0.227,0.0041231057,0.124,0.0028284274,0.019999996,0.0041231057,-0.031999998,0.0041231057,-0.321,0.0028284274,0.167,0.0028284274,0.5455122134000178,0.037468225383945925,3.511658,6313603.0,153.24515,2.0
2M19193338+4144565,4623.029,1.159,2.638,0.002,0.023,0.001,-0.013,0.0017320508,-0.014,0.0017320508,0.212,0.0017320508,0.147,0.0014142137,-0.011,0.0017320508,-0.012,0.0017320508,-0.060000002,0.0014142137,0.175,0.0014142137,0.8089924048008478,0.07890172785403617,6.44158,6358280.0,590.44543,2.0
2M19341828+4143586,4684.586,6.008,2.633,0.012,-0.09,0.002,-0.107999995,0.0041231057,-0.013999999,0.0041231057,0.094000004,0.0046904157,-0.056999996,0.0028284274,-0.042999998,0.0041231057,-0.07599999,0.0041231057,-0.18900001,0.0028284274,0.448,0.0028284274,0.8661050744237929,0.05409250749073799,7.346916,6369592.0,140.05238,2.0
2M19115040+4151422,4670.574,5.188,2.626,0.01,-0.009,0.001,-0.023000002,0.0033166248,0.01,0.0033166248,0.23900001,0.0037416576,0.23300001,0.0014142137,0.0029999996,0.0033166248,-0.030000001,0.0033166248,-0.162,0.0014142137,0.273,0.0014142137,0.8001489630283863,0.08318354053091287,6.311738,6431857.0,143.56609,2.0
2M19563145+4152230,4683.38,2.361,2.792,0.004,0.094,0.001,-0.036999997,0.0017320508,-0.07699999,0.0017320508,0.32999998,0.0017320508,0.153,0.0014142137,0.010000005,0.0017320508,-0.032999996,0.0017320508,-0.125,0.0014142137,0.24800001,0.0014142137,0.4625101511980398,0.025703444992541007,2.900749,6471060.0,319.44788,2.0
2M19011934+4157502,4662.895,2.022,2.682,0.004,-0.01,0.001,0.012,0.0017320508,0.015,0.0017320508,0.19700001,0.0017320508,0.17500001,0.0014142137,0.029,0.0017320508,0.01,0.0017320508,0.018,0.0014142137,0.18,0.0014142137,0.8648796003320385,0.09472577536661952,7.326214,6504867.0,359.90735,2.0
2M19090062+4158160,4646.505,1.22,2.779,0.002,0.164,0.001,-0.018000007,0.0017320508,-0.025000006,0.0017320508,0.40299997,0.0017320508,0.192,0.0014142137,-0.026000008,0.0017320508,-0.012000009,0.0017320508,-0.127,0.0014142137,0.35599998,0.0014142137,0.459942848419509,0.05967623588112137,2.883652,6509096.0,530.1869,2.0
2M19090471+4158274,4590.436,2.485,2.599,0.005,0.116,0.001,-0.011,0.00244949,0.015000001,0.00244949,0.255,0.00244949,0.164,0.0014142137,-0.014999993,0.00244949,-0.029,0.00244949,-0.185,0.0014142137,0.13000001,0.0014142137,0.6758394501213931,0.08024619079348842,4.740667,6509135.0,228.60052,2.0
2M19101765+4159594,4813.813,6.128,2.467,0.012,-0.366,0.001,0.088,0.0037416576,-0.01699999,0.004358899,0.156,0.004358899,0.312,0.0014142137,0.09,0.0037416576,0.145,0.0037416576,0.035999984,0.0014142137,-0.078999996,0.0022360682,0.8743276708895695,0.09031941043487629,7.487342,6509819.0,171.58244,2.0
2M19514687+4154566,4530.565,1.635,2.473,0.005,-0.374,0.001,0.24700001,0.0017320508,0.053000003,0.00244949,0.22900002,0.00244949,0.405,0.0014142137,0.14700001,0.0017320508,0.22700001,0.0017320508,-0.102999985,0.0014142137,-0.10499999,0.0014142137,1.029467584374696,0.12949189261062266,10.702065,6545653.0,329.89963,2.0
2M19542906+4155490,4566.027,2.433,2.647,0.005,0.176,0.001,-0.034999996,0.00244949,-0.034999996,0.00244949,0.329,0.00244949,0.14000002,0.0014142137,0.018000007,0.00244949,-0.032999992,0.00244949,-0.241,0.0014142137,0.208,0.0014142137,0.8008461105421512,0.12317281219841668,6.321878,6548868.0,228.17152,2.0
2M18574627+4205178,4858.885,10.115,2.733,0.017,,,,,,,,,,,,,,,,,,,0.6353197495815451,0.09800775544908245,4.318369,6585857.0,110.48251,2.0
2M19504375+4204210,4585.298,0.6,2.597,0.001,-0.013,0.001,0.033,,0.027,,0.149,,0.25,0.0014142137,0.039,,0.044,,-0.197,0.0014142137,0.271,0.0014142137,0.17938717614976984,0.062477636285544494,1.511427,6629205.0,980.9619,2.0
2M19421087+4207154,4763.263,2.947,2.848,0.005,0.024,0.001,-0.025,0.00244949,-0.10699999,0.00244949,0.25500003,0.003,0.153,0.0014142137,0.030000001,0.00244949,-0.042999998,0.00244949,-0.626,0.0014142137,0.189,0.0014142137,0.33064263087782503,0.01978152940639497,2.141128,6705642.0,292.64536,2.0
2M19522434+4211213,4746.896,1.205,2.815,0.002,0.123,0.001,-0.055,0.0017320508,-0.155,0.0017320508,0.326,0.0017320508,0.17300001,0.0014142137,-0.013000004,0.0017320508,-0.069000006,0.0017320508,-0.20300001,0.0014142137,0.291,0.0014142137,0.30257030920868444,0.021387386778536955,2.007106,6717307.0,692.6509,2.0
2M19241450+4216185,4455.779,3.695,2.639,0.009,0.077,0.002,-0.017,0.0045825755,-0.0050000027,0.0045825755,0.19300002,0.00489898,0.12799999,0.0028284274,-0.06,0.0045825755,-0.028,0.0045825755,0.019000001,0.0028284274,0.067999996,0.0028284274,0.46879380373232116,0.09639207687078918,2.943024,6774956.0,119.492905,2.0
2M19280046+4213570,5069.057,7.155,3.184,0.009,-0.047,0.001,-0.089999996,0.0037416576,-0.20900002,0.004358899,0.311,0.004358899,0.117,0.0014142137,0.09,0.0037416576,-0.11800001,0.0037416576,0.176,0.0014142137,-0.162,0.0014142137,-0.0369023993742675,0.05117837958394113,0.918539,6777971.0,198.8346,2.0
2M19283704+4214488,4450.758,1.534,2.643,0.004,0.21,0.001,0.033000007,0.00244949,0.06900002,0.00244949,0.175,0.00244949,0.13200001,0.0014142137,-0.026999995,,0.021000013,0.00244949,-0.16999999,0.0014142137,0.126,0.0014142137,0.9837284222582838,0.04071838356509316,9.632265,6778474.0,259.8128,2.0
2M19431241+4215534,4440.471,0.697,2.5,0.002,0.033,0.001,-0.024999999,0.0017320508,-0.051,0.0017320508,0.289,0.0017320508,0.153,0.0014142137,-0.0009999983,0.0017320508,-0.01,0.0017320508,-0.13499999,0.0014142137,0.123,0.0014142137,0.10784330613200359,0.1411405907667868,1.281868,6792186.0,622.4339,2.0
2M19533008+4216116,5053.69,6.505,2.999,0.009,-0.065,0.001,-0.035000004,0.0037416576,-0.20899999,0.0037416576,0.333,0.004358899,0.12900001,0.0014142137,0.004999999,0.0037416576,-0.096,0.0037416576,0.14199999,0.0014142137,0.010999996,0.0014142137,-0.022682078031164715,0.04272349481419365,0.949113,6804138.0,216.01476,2.0
2M19163509+4220109,4922.737,2.766,2.935,0.004,-0.027,0.001,0.0,0.0017320508,-0.073,0.0017320508,0.417,0.00244949,0.20799999,0.0014142137,0.008000001,0.0017320508,0.0020000003,0.0017320508,-0.027,0.0014142137,0.264,0.0014142137,0.07198063248059737,0.08595311964464375,1.180268,6854391.0,371.81564,2.0
2M19305929+4222477,5128.307,6.638,3.244,0.008,0.011,0.001,-0.052,0.0037416576,-0.096,0.0037416576,0.29099998,0.0037416576,0.141,0.0014142137,0.019,0.0037416576,-0.095,0.0037416576,0.068,0.0014142137,0.20699999,0.0014142137,-0.2647485151408456,0.016470056846841902,0.543565,6866251.0,224.83354,2.0
2M19311076+4221546,4781.099,5.607,2.814,0.01,0.007,0.001,-0.062,0.0033166248,-0.036,0.0033166248,0.291,0.0037416576,0.108,0.0014142137,-0.009000001,0.0033166248,-0.051,0.0033166248,-0.049,0.0014142137,0.242,0.0014142137,0.41757298908853857,0.03551550922734724,2.61561,6866396.0,160.76903,2.0
2M19444879+4220501,4835.777,6.792,2.759,0.012,-0.178,0.002,-0.008000001,0.00489898,-0.032999992,0.00489898,0.16600001,0.0053851646,0.214,0.0028284274,0.1,0.00489898,0.056,0.00489898,0.25800002,0.0028284274,-0.047999993,0.0028284274,0.45764834391596937,0.027073825739572743,2.868457,6879650.0,148.4034,2.0
2M19462346+4222058,4703.878,1.855,2.563,0.004,-0.322,0.001,0.168,0.0017320508,0.09799999,0.00244949,0.114999995,0.00244949,0.369,0.0014142137,0.06799999,0.0017320508,0.20899999,0.0017320508,-0.09900001,0.0014142137,0.282,0.0014142137,1.1788873756054503,0.08315064593775268,15.096886,6881454.0,435.2783,2.0
2M18482034+4226016,4907.341,1.213,2.884,0.002,-0.052,0.001,-0.088,0.0017320508,-0.17,0.00244949,0.26700002,0.00244949,0.141,0.0014142137,0.017,0.00244949,-0.048,0.0017320508,0.15799999,0.0014142137,0.148,0.0014142137,-0.0007154376840887474,0.03695588279869552,0.998354,6923677.0,890.94916,2.0
2M19312837+4226024,4680.481,2.214,2.802,0.004,0.14,0.001,-0.067,0.0017320508,-0.142,0.0017320508,0.30400002,0.0017320508,0.14,0.0014142137,-0.0069999993,0.0017320508,-0.093,0.0017320508,-0.020000003,0.0014142137,0.30699998,0.0014142137,0.3918333084509473,0.023071178078538392,2.465093,6951925.0,340.31488,2.0
2M19472104+4227387,4662.999,2.319,2.921,0.004,0.098,0.001,-0.078999996,0.0017320508,-0.033,0.0017320508,0.29500002,0.0017320508,0.116000004,0.0014142137,-0.031999998,0.0017320508,-0.058999997,0.0017320508,-0.076,0.0014142137,0.28100002,0.0014142137,0.5165595667958174,0.03895972949619629,3.285183,6967600.0,311.35092,2.0
2M19051621+4232517,4453.363,1.433,2.558,0.004,0.245,0.001,0.058,0.0017320508,0.09399998,0.0017320508,0.248,0.0017320508,0.171,0.0014142137,-0.001000002,,0.048999995,0.0017320508,-0.23,0.0014142137,0.197,0.0014142137,0.9003648888929894,0.0854538618118362,7.949959,7018152.0,256.21405,2.0
2M19252144+4232507,4741.668,4.987,2.869,0.008,0.036,0.001,0.0,0.0033166248,-0.044,0.0033166248,0.315,0.0037416576,0.187,0.0014142137,0.016000003,0.0033166248,-0.035,0.0033166248,-0.089,0.0014142137,0.379,0.0014142137,0.4038972647714631,0.02716515600671054,2.534529,7032190.0,170.34772,2.0
2M19364761+4235320,4661.914,2.55,2.575,0.005,-0.031,0.001,0.0,0.00244949,-0.095,0.00244949,0.389,0.00244949,0.191,0.0014142137,0.003999999,0.00244949,0.013999999,0.00244949,-0.28100002,0.0014142137,0.184,0.0014142137,0.5398111411408841,0.08224897504980785,3.465861,7041744.0,291.60056,2.0
2M19441966+4230505,4608.251,3.145,2.698,0.006,0.1,0.001,-0.015000001,0.00244949,-0.0060000047,0.00244949,0.248,0.003,0.14699998,0.0014142137,-0.013999999,0.00244949,0.016999997,0.00244949,-0.112,0.0014142137,0.09499999,0.0014142137,0.7882680918120311,0.04994806239929067,6.14141,7049306.0,165.73239,2.0
2M19053698+4239561,4817.436,8.308,2.704,0.014,,,,,,,,,,,,,,,,,,,0.28763290431644506,0.14211542207568048,1.939246,7102213.0,113.91906,2.0
2M19282248+4240464,4829.253,1.993,2.978,0.003,0.145,0.001,-0.054999992,0.0017320508,-0.131,0.0017320508,0.38600004,0.0017320508,0.118000016,0.0014142137,-0.0019999892,0.0017320508,-0.056999996,0.0017320508,-0.063999996,0.0014142137,0.15699999,0.0014142137,0.10900214228062696,0.035024369831968744,1.285293,7118721.0,460.06897,2.0
2M19454511+4238338,4841.022,4.469,2.809,0.008,-0.055,0.001,-0.027999997,0.00244949,-0.078,0.003,0.18,0.003,0.215,0.0014142137,0.066,0.00244949,-0.081999995,0.00244949,0.0069999993,0.0014142137,-0.17199999,0.0014142137,0.3607262941614064,0.050034098738990014,2.294702,7134769.0,217.96329,2.0
2M19272514+4246552,4676.185,1.73,2.614,0.003,-0.049,0.001,-0.014000002,0.0017320508,-0.041000005,0.0017320508,0.168,0.00244949,0.191,0.0014142137,-0.006000001,0.0017320508,-0.006000001,0.0017320508,-0.120000005,0.0014142137,0.100999996,0.0014142137,0.8375196274087431,0.05271898285788202,6.87891,7200574.0,438.88016,2.0
2M19142322+4252378,4902.78,8.546,2.721,0.014,-0.18,0.002,0.0,0.00489898,-0.023999989,0.0053851646,0.149,0.0053851646,0.21000001,0.0028284274,0.002000004,0.00489898,-0.03199999,0.00489898,0.124000005,0.0028284274,0.07100001,0.0028284274,0.5025044120610831,0.04953728655637896,3.180566,7272020.0,134.85353,2.0
2M19141672+4254385,4633.435,2.186,2.608,0.005,-0.003,0.001,0.006,0.0017320508,-0.041,0.0017320508,0.30499998,0.0017320508,0.185,0.0014142137,0.011,0.0017320508,0.018,0.0017320508,-0.052,0.0014142137,0.014,0.0014142137,0.4888267159876807,0.08496350346540366,3.081958,7352718.0,315.23602,2.0
2M19141781+4254478,4769.753,2.297,2.638,0.004,-0.149,0.001,-0.009000003,0.0017320508,-0.08399999,0.00244949,0.18200001,0.00244949,0.23500001,0.0014142137,0.027000003,0.0017320508,0.001000002,0.0017320508,-0.14599998,0.0014142137,0.255,0.0014142137,0.6467848165883701,0.048995207453725015,4.433889,7352727.0,419.80252,2.0
2M19313409+4255245,4859.216,3.658,2.788,0.006,-0.203,0.001,0.05299999,0.003,-0.168,0.003,0.296,0.0037416576,0.262,0.0014142137,0.03899999,0.003,0.10299999,0.003,0.004999995,0.0014142137,-0.112,0.0014142137,0.3324756258530252,0.09536926930996663,2.150184,7366321.0,298.18787,2.0
2M19341484+4256292,4961.235,3.593,2.783,0.006,-0.215,0.001,-0.022,0.003,-0.07999998,0.003,0.26,0.003,0.18800001,0.0014142137,0.07000001,0.003,-0.026999995,0.003,0.14,0.0014142137,0.136,0.0014142137,0.16970646136128384,0.018072869273585358,1.478109,7368584.0,359.21713,2.0
2M19122494+4302507,4799.998,4.412,2.753,0.008,-0.117,0.001,0.0040000007,0.00244949,-0.085999995,0.003,0.201,0.003,0.252,0.0014142137,0.0,0.00244949,0.057,0.00244949,0.029,0.0014142137,0.048,0.0014142137,0.37677198082489516,0.04355495401690881,2.381069,7433485.0,223.94096,2.0
2M19280492+4300061,4452.042,0.957,2.635,0.002,0.185,0.001,0.0059999973,0.0017320508,0.08399999,0.0017320508,0.18,0.0017320508,0.12399998,0.0014142137,0.0109999925,0.0017320508,-0.004000008,0.0017320508,-0.045,0.0014142137,-0.003000006,0.0014142137,0.9199409574019206,0.05171961711334176,8.316507,7445653.0,437.78537,2.0
2M19492417+4300029,4936.919,5.377,3.056,0.007,0.146,0.001,-0.022999994,0.0033166248,-0.144,0.0033166248,0.536,0.0037416576,0.197,0.0014142137,0.010000005,0.0033166248,-0.020999998,0.0033166248,-0.368,0.0014142137,0.419,0.0014142137,-0.25093341590707996,0.0725961552156921,0.561134,7466616.0,183.23035,2.0
2M19501503+4305506,4945.885,1.971,3.128,0.003,0.148,0.001,-0.096,0.0017320508,-0.055,0.0017320508,0.439,0.0017320508,0.104,0.0014142137,-0.042000003,0.0017320508,-0.097,0.0017320508,0.146,0.0014142137,0.11199999,0.0014142137,-0.19463441267422163,0.10959017934792781,0.638801,7467630.0,495.75662,2.0
2M19520640+4307318,4628.214,1.596,2.836,0.003,0.28,0.001,-0.048000008,0.0017320508,-0.063999996,0.0017320508,0.381,0.0017320508,0.08700001,0.0014142137,-0.02700001,0.0017320508,-0.058,0.0017320508,-0.44,0.0014142137,0.17699999,0.0014142137,0.2726859177093486,0.06579334047676816,1.873639,7552577.0,384.1702,2.0
2M19095280+4316024,4775.834,1.781,2.864,0.003,0.061,0.001,0.010000002,0.0017320508,-0.058000002,0.0017320508,0.177,0.00244949,0.23,0.0014142137,0.015999999,0.0017320508,-0.022,0.0017320508,-0.060000002,0.0014142137,0.09799999,0.0014142137,0.24615573693552228,0.06407231294116643,1.762608,7595572.0,481.25134,2.0
2M19381498+4312214,4699.006,6.421,2.627,0.012,-0.057,0.002,-0.007000003,0.00489898,0.0009999983,0.00489898,0.151,0.0053851646,0.16,0.0028284274,0.022,0.00489898,-0.08600001,0.0045825755,0.188,0.0028284274,0.176,0.0028284274,0.8610515798630877,0.10784672857580448,7.261922,7616870.0,122.096954,2.0
2M19392438+4314028,4530.658,2.66,2.68,0.006,0.183,0.001,0.003000006,0.00244949,0.06300001,0.00244949,0.297,0.00244949,0.096000016,0.0014142137,-0.024999991,0.00244949,-0.016000003,0.00244949,-0.262,0.0014142137,0.19999999,0.0014142137,0.662201862265258,0.04248936691780871,4.594115,7617928.0,176.84735,2.0
2M19470909+4312337,4488.764,0.967,2.765,0.002,0.171,0.001,-0.030000001,0.0017320508,-0.036,0.0017320508,0.40600002,0.0017320508,0.116,0.0014142137,-0.00500001,0.0017320508,-0.036,0.0017320508,-0.469,0.0014142137,0.34899998,0.0014142137,0.14842217535594507,0.0159956537754812,1.407415,7625670.0,357.44278,2.0
2M19490207+4313249,4772.569,5.248,2.545,0.011,-0.415,0.002,0.23699999,0.0041231057,0.106000006,0.0046904157,0.102,0.0046904157,0.355,0.0022360682,0.13799998,0.0041231057,0.34399998,0.0041231057,-0.28599998,0.0028284274,-0.031000018,0.0028284274,0.7363119460741065,0.09085440252170025,5.448939,7627700.0,182.27415,2.0
2M19052316+4322467,4344.732,0.789,2.123,0.003,-0.368,0.001,0.067,0.0017320508,0.00999999,0.0017320508,0.144,0.00244949,0.232,0.0014142137,0.02000001,0.0017320508,0.072,0.0017320508,-0.10699999,0.0014142137,-0.120000005,0.0014142137,0.08720872256482301,0.006707938619745083,1.222387,7668782.0,500.8383,2.0
2M19090386+4322404,4844.908,4.354,2.564,0.008,-0.352,0.001,0.069000006,0.003,-0.055999994,0.003,0.191,0.0037416576,0.283,0.0014142137,0.07499999,0.003,0.097,0.003,-0.376,0.0014142137,0.037999988,0.0014142137,0.7371940744424275,0.05848690525518294,5.460018,7670794.0,256.18405,2.0
2M19051719+4329438,5038.073,2.929,2.956,0.004,-0.17,0.001,0.004999995,0.00244949,-0.21100001,0.0033166248,0.338,0.0033166248,0.241,0.0014142137,0.042999998,0.00244949,0.013999999,0.00244949,0.047,0.0014142137,0.149,0.0014142137,-0.02900774161950799,0.06214398113732744,0.935389,7739685.0,483.48932,2.0
2M19120267+4327431,4773.47,1.869,2.633,0.004,-0.226,0.001,0.04699999,0.0017320508,-0.030000016,0.00244949,0.199,0.00244949,0.254,0.0014142137,0.055999994,0.0017320508,0.052,0.0017320508,-0.026000008,0.0014142137,0.24499999,0.0014142137,0.780704475456271,0.0701659355117392,6.035378,7743176.0,490.19968,2.0
2M19124404+4324534,4779.419,1.441,2.602,0.003,-0.029,0.001,-0.032,0.0017320508,-0.177,0.00244949,0.356,0.00244949,0.251,0.0014142137,0.031999998,0.0017320508,0.096,0.0017320508,0.019,0.0014142137,0.107,0.0014142137,0.4737681850377589,0.03056898319761467,2.976927,7743539.0,611.39813,2.0
2M19185126+4328299,4781.125,6.531,3.014,0.009,-0.005,0.002,-0.02,0.0045825755,-0.088999994,0.00489898,0.368,0.00489898,0.14,0.0028284274,-0.039,0.0045825755,-0.044,0.0045825755,-0.169,0.0028284274,0.096,0.0028284274,0.3337746353254439,0.06000407696202634,2.156625,7747060.0,151.328,2.0
2M19404035+4325197,4740.961,6.25,2.652,0.012,-0.127,0.002,0.022000007,0.0041231057,-0.054999992,0.0041231057,0.245,0.0041231057,0.176,0.0028284274,0.003000006,0.0041231057,0.025000006,0.0041231057,0.0050000027,0.0028284274,0.067,0.0028284274,0.6000919851175679,0.03879634767361172,3.981915,7763313.0,131.81395,2.0
2M19415391+4329186,4860.394,2.371,2.9,0.004,0.027,0.001,-0.014,0.0017320508,-0.066,0.0017320508,0.345,0.00244949,0.184,0.0014142137,-0.015000001,0.0017320508,-0.022,0.0017320508,-0.15699999,0.0014142137,0.221,0.0014142137,-0.07430175413744385,0.08445085880951407,0.842749,7764361.0,406.90723,2.0
2M19075087+4331313,4601.793,1.938,2.723,0.004,0.141,0.001,-0.009000003,0.0017320508,0.009000003,0.0017320508,0.284,0.0017320508,0.146,0.0014142137,-0.010000005,0.0017320508,0.002000004,0.0017320508,-0.15900001,0.0014142137,0.13999999,0.0014142137,0.677699093665281,0.04709321296259054,4.76101,7809908.0,310.10443,2.0
2M19250515+4335467,4682.277,4.652,2.566,0.009,-0.075,0.001,0.042000003,0.0033166248,-0.013999999,0.0037416576,0.067,0.0037416576,0.25300002,0.0014142137,0.002000004,0.0033166248,0.09200001,0.0037416576,-0.09899999,0.0014142137,-0.126,0.0014142137,1.196764944530408,0.08486311939755176,15.731312,7820868.0,169.71623,2.0
2M19414321+4334497,5014.287,8.221,2.924,0.012,-0.32,0.002,0.08499999,0.00489898,-0.027999997,0.0053851646,0.29999998,0.006,0.25199997,0.0022360682,0.058,0.00489898,-0.09800002,0.00489898,0.16199999,0.0022360682,-0.31700003,0.0028284274,-0.02116510954096819,0.068792909116325,0.952434,7833491.0,182.65132,2.0
2M19562576+4333125,4819.203,2.036,2.887,0.003,-0.038,0.001,-0.059000004,0.0017320508,-0.145,0.00244949,0.204,0.00244949,0.13599999,0.0014142137,0.009999998,0.0017320508,-0.028,0.0017320508,0.19600001,0.0014142137,0.147,0.0014142137,0.2593879104465565,0.02173554092325918,1.817138,7847816.0,460.34207,2.0
2M19565550+4330561,4969.777,8.593,2.848,0.012,-0.088,0.002,0.0019999966,0.00489898,-0.605,0.006,0.608,0.006,0.205,0.0028284274,0.046,0.00489898,-0.068,0.00489898,0.12900001,0.0028284274,0.213,0.0028284274,-0.2317704904781262,0.10573694098687207,0.586448,7848354.0,150.47131,2.0
2M19395038+4340202,4809.471,3.605,2.782,0.006,0.047,0.001,-0.042999998,0.00244949,-0.181,0.00244949,0.262,0.003,0.208,0.0014142137,0.033,0.00244949,-0.088,0.00244949,0.124000005,0.0014142137,0.054000005,0.0014142137,0.2227726397356158,0.015671972886160717,1.670216,7900441.0,260.97806,2.0
2M19401193+4337080,4715.859,2.8,2.627,0.005,-0.084,0.001,-0.023000002,0.00244949,-0.057000004,0.00244949,0.234,0.003,0.21399999,0.0014142137,0.0040000007,0.00244949,-0.023000002,0.00244949,0.018,0.0014142137,0.081,0.0014142137,0.5250025422934526,0.09382302587880653,3.349674,7900733.0,298.24054,2.0
2M19483344+4339297,4846.681,6.794,2.491,0.013,-0.321,0.002,0.01000002,0.0041231057,-0.023999989,0.0046904157,0.15500002,0.0046904157,0.20000002,0.0022360682,0.027999997,0.0041231057,0.04100001,0.0041231057,0.043000013,0.0028284274,-0.141,0.0028284274,0.3584309545069587,0.12600623811105247,2.282606,7908059.0,166.25443,2.0
2M19381095+4345499,4599.338,3.397,2.714,0.006,0.189,0.001,-0.022,0.00244949,0.0059999973,0.00244949,0.30800003,0.00244949,0.15699999,0.0014142137,-0.00999999,0.00244949,-0.033999994,0.00244949,-0.113,0.0014142137,0.07700001,0.0014142137,0.8204012152820189,0.10510009064843001,6.613041,7967898.0,178.11063,2.0
2M19482217+4345097,4849.553,4.529,2.936,0.007,0.073,0.001,-0.066,0.00244949,-0.095,0.00244949,0.25599998,0.003,0.155,0.0014142137,-0.011999998,0.00244949,-0.031,0.00244949,0.065,0.0014142137,0.105000004,0.0014142137,0.3437737990571597,0.02029284263699181,2.206855,7976420.0,215.58453,2.0
2M18472487+4353280,4833.29,1.052,3.072,0.001,0.204,0.001,-0.026999995,0.0017320508,-0.048999995,0.0017320508,0.503,0.0017320508,0.201,0.0014142137,-0.024999991,0.0017320508,-0.0119999945,0.0017320508,-0.225,0.0014142137,0.276,0.0014142137,-0.1576079619353021,0.023650611232601673,0.695652,8007217.0,823.7327,2.0
2M18574167+4405419,4833.353,5.099,2.656,0.01,-0.292,0.001,0.039000005,0.0037416576,-0.095,0.0037416576,0.22999999,0.004358899,0.281,0.0014142137,0.03999999,0.0037416576,0.06799999,0.0037416576,0.12799999,0.0014142137,0.082,0.0014142137,0.5488290185553248,0.08149842327029329,3.53858,8148993.0,213.49109,2.0
2M19260322+4401297,4755.482,2.522,2.363,0.006,-0.301,0.001,0.04699999,0.00244949,0.129,0.00244949,0.337,0.00244949,0.238,0.0014142137,0.020999998,0.00244949,0.0119999945,0.00244949,0.871,0.0014142137,-0.951,0.0014142137,0.4160280699277263,0.06203753409507698,2.606322,8164977.0,342.1276,2.0
2M19231486+4406148,5089.347,8.756,2.949,0.013,-0.272,0.002,0.037000015,0.0053851646,-0.176,0.0067082043,0.22300002,0.0067082043,0.19200002,0.0022360682,0.04600002,0.0053851646,-0.072,0.0053851646,0.09900002,0.0028284274,0.0150000155,0.0028284274,-0.11640555922760425,0.06390167133142051,0.764882,8230578.0,178.90413,2.0
2M19412709+4409097,4893.201,2.202,2.644,0.004,-0.358,0.001,0.066000015,0.00244949,-0.048999995,0.00244949,0.272,0.0033166248,0.28500003,0.0014142137,0.056000024,0.00244949,0.060000002,0.00244949,0.15400001,0.0014142137,0.093000025,0.0014142137,0.42937659005619644,0.10319582739070585,2.687674,8243725.0,549.74994,2.0
2M19463143+4406467,4910.0,6.348,2.706,0.011,-0.397,0.001,0.08900002,0.0037416576,-0.012999982,0.004358899,0.21400002,0.004358899,0.23700002,0.0014142137,0.081,0.0037416576,0.17700002,0.0037416576,-0.21200001,0.0022360682,-0.22099996,0.0022360682,0.38953693755147023,0.059427987972143055,2.452093,8247851.0,203.8549,2.0
2M19572569+4410143,4793.101,4.412,2.675,0.008,-0.041,0.001,-0.049000002,0.00244949,-0.110999994,0.00244949,0.21900001,0.003,0.139,0.0014142137,0.039,0.00244949,-0.037,0.00244949,0.019000001,0.0014142137,0.22800002,0.0014142137,0.3131627127144928,0.06887890747520038,2.056661,8258595.0,204.33678,2.0
2M19592289+4408304,4764.883,2.65,2.83,0.005,-0.043,0.001,-0.018999998,0.0017320508,-0.042,0.0017320508,0.249,0.00244949,0.161,0.0014142137,-0.003999997,0.0017320508,-0.058000002,0.0017320508,-0.061999995,0.0014142137,0.069000006,0.0014142137,0.4159717449402489,0.02645729561789887,2.605984,8260453.0,321.26932,2.0
2M19442398+4417281,4801.109,3.834,2.736,0.007,-0.134,0.001,-0.003999993,0.00244949,-0.073,0.003,0.209,0.003,0.174,0.0014142137,0.038000003,0.00244949,-0.024999991,0.00244949,0.106000006,0.0014142137,0.075,0.0014142137,0.5726985466622518,0.04577342397442173,3.73851,8312170.0,255.10205,2.0
2M19440539+4423418,4790.211,4.18,2.762,0.007,0.082,0.001,-0.05,0.00244949,-0.34399998,0.00244949,0.569,0.003,0.138,0.0014142137,-0.011,0.00244949,-0.057000004,0.00244949,0.088,0.0014142137,0.361,0.0014142137,0.3969382397042198,0.11703101379892769,2.49424,8377727.0,219.51685,2.0
2M19442310+4421488,4689.873,3.004,2.733,0.005,0.051,0.001,0.026,0.00244949,-0.228,0.00244949,0.442,0.003,0.24599999,0.0014142137,0.020999998,0.00244949,0.006000001,0.00244949,0.068,0.0014142137,0.215,0.0014142137,0.3113174407102745,0.08163476430197132,2.047941,8377969.0,261.50748,2.0
2M19464518+4420074,4629.998,1.367,2.673,0.003,0.03,0.001,-0.042,0.0017320508,-0.111,0.0017320508,0.405,0.0017320508,0.120000005,0.0014142137,0.0040000025,0.0017320508,-0.042,0.0017320508,0.007999999,0.0014142137,0.074999996,0.0014142137,0.738147755409176,0.10931516037817125,5.472021,8379961.0,531.21606,2.0
2M18492457+4432239,4869.631,3.553,2.597,0.007,,,,,,,,,,,,,,,,,,,0.7913493938551803,0.08730346076752776,6.185138,8475872.0,351.92462,2.0
2M19425300+4434338,4754.002,6.328,2.793,0.011,0.025,0.002,0.003999999,0.0045825755,-0.038000003,0.00489898,0.303,0.00489898,0.262,0.0028284274,0.021999998,0.0045825755,-0.038000003,0.0045825755,0.050000004,0.0028284274,-0.126,0.0028284274,0.23178398329082106,0.06049656012055342,1.705234,8506096.0,134.52977,2.0
2M20000175+4434477,5057.627,5.071,2.856,0.008,-0.57,0.002,0.29299998,0.0041231057,0.023000002,0.0057445625,0.383,0.0057445625,0.417,0.0022360682,0.213,0.0041231057,0.295,0.0041231057,-0.416,0.0028284274,0.11199999,0.0028284274,-0.06354909402297476,0.06106264622563879,0.863875,8522050.0,324.8462,2.0
2M19210796+4437273,4670.94,1.2,2.6,0.002,-0.017,0.001,-0.037,0.0017320508,-0.044,0.0017320508,0.10700001,0.00244949,0.163,0.0014142137,-0.0019999985,0.0017320508,0.007000001,0.0017320508,-0.117,0.0014142137,0.30699998,0.0014142137,0.6890249206886052,0.05218185944570786,4.886804,8555914.0,627.32916,2.0
2M19265502+4436285,4445.399,1.771,2.591,0.005,0.257,0.001,0.00999999,0.00244949,0.06999999,0.00244949,0.23699999,0.00244949,0.125,0.0014142137,0.00999999,0.00244949,0.0069999993,0.00244949,-0.182,0.0014142137,0.14899999,0.0014142137,0.8756962008069836,0.14699891838480428,7.510973,8559852.0,212.56924,2.0
2M19285951+4441373,4611.205,3.288,2.71,0.006,0.113,0.001,-0.022999994,0.00244949,-0.037999995,0.00244949,0.285,0.00244949,0.157,0.0014142137,0.0060000047,0.00244949,-0.004999995,0.00244949,-0.505,0.0014142137,0.098,0.0014142137,0.7535753227141851,0.06820758464140644,5.669899,8561126.0,190.10881,2.0
2M19291104+4441085,4820.294,3.52,2.826,0.006,0.061,0.001,-0.001000002,0.00244949,-0.114,0.00244949,0.45700002,0.00244949,0.223,0.0014142137,0.014000002,0.00244949,-0.0020000003,0.00244949,-0.135,0.0014142137,0.24799998,0.0014142137,0.12024216145509037,0.06643774550735214,1.318992,8561238.0,257.13272,2.0
2M19422579+4436400,4738.828,4.278,2.675,0.008,-0.099,0.001,-0.002000004,0.0033166248,-0.044000007,0.0033166248,0.213,0.0037416576,0.213,0.0014142137,0.023999996,0.0033166248,0.009999998,0.0033166248,0.026,0.0014142137,0.169,0.0014142137,0.7935399997107824,0.060401467081265627,6.216415,8570254.0,205.3308,2.0
2M19430724+4437348,4948.218,4.654,2.664,0.008,-0.402,0.001,0.029000014,0.003,-0.048999995,0.0037416576,0.30400002,0.0037416576,0.358,0.0014142137,0.052000016,0.003,-0.111,0.003,-0.024999976,0.0014142137,-0.055999994,0.0014142137,0.22849839757260726,0.1121533033578747,1.692382,8570823.0,296.88403,2.0
2M19190884+4446426,5031.678,1.869,3.033,0.003,-0.096,0.001,-0.023000002,0.00244949,-0.207,0.00244949,0.43400002,0.00244949,0.198,0.0014142137,0.018,0.00244949,-0.019000001,0.00244949,0.013000004,0.0014142137,0.31599998,0.0014142137,0.016840787238504414,0.035974903283022525,1.039539,8619322.0,722.7016,2.0
2M19202332+4442142,5098.308,11.029,2.742,0.017,-0.511,0.002,0.11799997,0.0053851646,-0.14700001,0.007483315,0.48,0.0067082043,0.31299996,0.0028284274,0.054999977,0.0053851646,0.24199998,0.0053851646,-0.08200002,0.0028284274,-0.171,0.0028284274,0.06526293394423947,0.06357751598193796,1.162152,8620063.0,181.55374,2.0
2M19372766+4446578,4566.908,0.638,2.588,0.001,0.168,0.001,-0.038000003,,-0.048,,0.27499998,,0.19500001,0.0014142137,-0.022,,-0.025999993,,-0.156,0.0014142137,0.149,0.0014142137,0.7314291185247058,0.06601756619943555,5.388019,8631442.0,857.38257,2.0
2M19545962+4447254,4651.577,3.444,2.756,0.006,-0.06,0.001,-0.015999999,0.00244949,-0.08,0.00244949,0.234,0.003,0.099999994,0.0014142137,0.042,0.00244949,-0.043,0.00244949,0.003999997,0.0014142137,0.145,0.0014142137,0.5370359039459853,0.14274543307115642,3.443784,8646982.0,237.9706,2.0
2M19331881+4449576,4972.443,5.055,3.083,0.007,0.074,0.001,-0.058,0.00244949,-0.184,0.003,0.407,0.003,0.121999994,0.0014142137,0.015000001,0.00244949,-0.085,0.00244949,-0.035,0.0014142137,0.19800001,0.0014142137,-0.13349409149219624,0.027652410866522977,0.73537,8693018.0,221.45113,2.0
2M19523122+4448093,4953.103,2.265,2.85,0.004,-0.143,0.001,-0.054999992,0.00244949,-0.185,0.00244949,0.24400002,0.0033166248,0.14600001,0.0014142137,0.008000001,0.00244949,-0.08299999,0.00244949,0.23300001,0.0014142137,0.16700001,0.0014142137,0.15044695234229238,0.01739982736415844,1.413992,8708654.0,548.4634,2.0
2M19225519+4459361,4637.737,3.488,2.554,0.007,-0.161,0.001,0.018999994,0.00244949,-0.11100002,0.00244949,0.268,0.003,0.257,0.0014142137,0.024999991,0.00244949,0.029,0.00244949,0.019999996,0.0014142137,-0.0059999973,0.0014142137,0.1022473924970395,0.05615476037622739,1.265457,8750704.0,221.58353,2.0
2M19360805+4454226,5070.151,5.579,3.025,0.008,-0.158,0.001,0.009000003,0.003,-0.202,0.0037416576,0.42900002,0.0037416576,0.238,0.0014142137,0.043000005,0.003,0.035000004,0.003,-0.06699999,0.0014142137,-0.023999989,0.0014142137,0.00914652806344984,0.02368521787577922,1.021284,8759207.0,239.71649,2.0
2M20051982+4459585,4936.003,5.278,2.694,0.009,-0.231,0.001,0.0,0.0037416576,0.0069999993,0.0037416576,0.356,0.0037416576,0.20300001,0.0014142137,0.030000001,0.0037416576,0.029,0.0037416576,0.629,0.0014142137,-0.008999988,0.0014142137,0.13648401830660348,0.014267051429268145,1.369254,8784382.0,223.36423,2.0
2M19234627+4505227,4978.864,1.573,3.134,0.002,-0.023,0.001,-0.067,0.00244949,-0.139,0.00244949,0.235,0.00244949,0.098000005,0.0014142137,0.022,0.00244949,-0.088,0.00244949,0.17,0.0014142137,0.3,0.0014142137,-0.10564350106393061,0.10616652924230399,0.784073,8816525.0,818.8353,2.0
2M19262179+4500459,4643.207,2.177,2.557,0.004,-0.142,0.001,0.008000001,0.0017320508,-0.019999996,0.0017320508,0.22600001,0.00244949,0.17300001,0.0014142137,-0.004999995,0.0017320508,0.026000008,0.0017320508,0.048000008,0.0014142137,0.054000005,0.0014142137,1.1461133935031644,0.11988453464413502,13.999528,8818252.0,358.16333,2.0
2M19372696+4503329,5034.652,3.693,3.05,0.005,0.08,0.001,-0.087,0.00244949,-0.157,0.003,0.41900003,0.003,0.08500001,0.0014142137,0.018,0.00244949,-0.083,0.00244949,-0.114999995,0.0014142137,0.15100001,0.0014142137,-0.13920996346745027,0.09852717025080146,0.725755,8825444.0,317.85834,2.0
2M19405000+4503470,4784.054,2.464,2.896,0.004,0.089,0.001,-0.042000003,0.0017320508,-0.040000003,0.0017320508,0.57,0.0017320508,0.114999995,0.0014142137,0.023000002,0.0017320508,-0.033,0.0017320508,-0.088,0.0014142137,-0.0069999993,0.0014142137,0.1902532378866119,0.011047925664037304,1.54972,8827934.0,342.96008,2.0
2M20005721+4501282,4902.67,3.769,2.752,0.007,-0.644,0.002,0.274,0.0041231057,-0.027999997,0.0057445625,0.278,0.0066332496,0.406,0.0022360682,0.224,0.0041231057,0.392,0.0041231057,-0.532,0.0028284274,-0.060000002,0.0028284274,0.4182109420397188,0.11441298791150208,2.619455,8845313.0,366.3222,2.0
2M19404886+4511295,4914.941,6.018,2.892,0.01,-0.116,0.001,-0.023000002,0.0037416576,-0.07100001,0.0037416576,0.319,0.0037416576,0.141,0.0014142137,0.018,0.0037416576,-0.074,0.0037416576,-0.096,0.0014142137,0.366,0.0014142137,0.18944539404148833,0.08460704170136547,1.54684,8895291.0,186.00189,2.0
2M19550926+4510375,4514.78,1.127,2.652,0.003,0.221,0.001,-0.013999999,0.0017320508,0.05299999,0.0017320508,0.26599997,0.0017320508,0.124999985,0.0014142137,-0.030000001,0.0017320508,-0.0059999973,0.0017320508,-0.421,0.0014142137,0.32999998,0.0014142137,0.8128042347981378,0.07625113429774484,6.498367,8907943.0,400.2655,2.0
2M20031610+4509192,4862.406,1.956,3.031,0.003,0.043,0.001,-0.049000002,0.0017320508,-0.112,0.0017320508,0.278,0.00244949,0.12100001,0.0014142137,0.009,0.0017320508,-0.027,0.0017320508,0.058000002,0.0014142137,0.30699998,0.0014142137,0.054111449759402325,0.03722263406140738,1.132691,8914923.0,522.1674,2.0
2M18575109+4516185,4802.053,3.21,2.912,0.005,-0.019,0.001,0.0010000002,0.00244949,-0.208,0.003,0.329,0.003,0.17099999,0.0014142137,0.024,0.00244949,-0.016999999,0.00244949,0.058,0.0014142137,0.258,0.0014142137,0.3779391964563295,0.05256987526669877,2.387477,8936339.0,309.12186,2.0
2M19245271+4517111,4935.764,2.798,2.744,0.005,-0.159,0.001,0.0009999871,0.00244949,-0.25300002,0.00244949,0.44699997,0.00244949,0.182,0.0014142137,0.041999996,0.00244949,-0.089,0.00244949,0.078999996,0.0014142137,-0.14400001,0.0014142137,-0.11645779930571677,0.1270438702416116,0.76479,8951252.0,446.9543,2.0
2M19062541+4519576,4608.532,1.211,2.581,0.003,-0.04,0.001,-0.057000004,0.0017320508,-0.11800001,0.0017320508,0.277,0.00244949,0.136,0.0014142137,0.011999998,0.0017320508,-0.015000001,0.0017320508,0.115,0.0014142137,0.15900001,0.0014142137,0.29286011810028606,0.0909658823966231,1.962728,9009158.0,552.103,2.0
2M19213304+4522372,4880.013,8.542,2.694,0.016,-0.344,0.002,0.025000006,0.0061644143,-0.004999995,0.0067082043,0.12200001,0.0067082043,0.31100002,0.0028284274,0.039000005,0.0061644143,0.15500002,0.0061644143,-0.885,0.0028284274,0.22100002,0.0028284274,0.9504318435151092,0.10573422536532642,8.921376,9018004.0,137.80815,2.0
2M19361872+4519393,5036.824,3.927,3.032,0.005,0.111,0.001,-0.13,0.00244949,-0.195,0.003,0.39999998,0.003,0.112,0.0014142137,-0.036,0.00244949,-0.146,0.00244949,0.078999996,0.0014142137,-0.102,0.0014142137,-0.22505187351198516,0.12739181327606963,0.595591,9028221.0,229.17252,2.0
2M19424835+4522404,4993.98,9.194,2.771,0.016,-0.325,0.002,-0.043000013,0.0053851646,0.072,0.0053851646,0.17699999,0.006,0.269,0.0028284274,-0.026000023,0.0053851646,-0.15400001,0.0053851646,0.505,0.0028284274,0.10899998,0.0028284274,0.29970925423766154,0.06909510079980145,1.993927,9033281.0,150.34175,2.0
2M19231055+4527206,4772.361,4.542,2.931,0.007,-0.057,0.001,-0.032,0.0033166248,-0.065,0.0033166248,0.249,0.0037416576,0.104,0.0014142137,0.0069999993,0.0033166248,-0.058000002,0.0033166248,0.106,0.0014142137,0.43,0.0014142137,0.29162988155577707,0.06698828222823443,1.957176,9086060.0,217.0697,2.0
2M19240504+4529436,4512.057,2.145,2.804,0.005,0.029,0.001,0.120000005,0.00244949,0.135,0.00244949,0.144,0.003,0.134,0.0014142137,0.036,0.00244949,0.088,0.00244949,0.283,0.0014142137,0.371,0.0014142137,0.7670059529360282,0.13716498336301194,5.847981,9086653.0,224.49739,2.0
2M19333331+4526056,4506.993,3.356,2.676,0.008,0.086,0.002,0.07999999,0.0037416574,0.114,0.0037416574,0.19800001,0.0041231057,0.24900001,0.0028284274,0.012999997,0.0037416574,0.101,0.0037416574,-0.512,0.0028284274,0.234,0.0028284274,1.003306390536066,0.06305285155754428,10.076423,9093038.0,131.25134,2.0
2M19554378+4527330,4791.427,2.902,2.817,0.005,-0.081,0.001,-0.054000005,0.00244949,0.029,0.00244949,0.234,0.003,0.106,0.0014142137,0.041,0.00244949,-0.056999996,0.00244949,0.311,0.0014142137,-0.121999994,0.0014142137,0.2200021177237704,0.0723827625665782,1.659595,9112472.0,312.87878,2.0
2M19590472+4528355,4804.178,2.058,2.979,0.003,0.145,0.001,-0.051,0.0017320508,-0.083,0.0017320508,0.374,0.0017320508,0.128,0.0014142137,-0.003999993,0.0017320508,-0.022999994,0.0017320508,-0.14899999,0.0014142137,0.25,0.0014142137,0.10847775018532999,0.04336002830090304,1.283742,9115334.0,431.48135,2.0
2M19142703+4535380,4799.592,2.729,2.721,0.005,0.076,0.001,-0.036,0.00244949,-0.116,0.00244949,0.339,0.00244949,0.153,0.0014142137,0.0040000007,0.00244949,-0.019999996,0.00244949,-0.27,0.0014142137,0.169,0.0014142137,0.27648455233604,0.02749031987710006,1.890099,9147335.0,315.64615,2.0
2M19222634+4532326,4531.974,0.849,2.448,0.002,-0.107,0.001,0.0069999993,0.0017320508,0.076000005,0.0017320508,0.36699998,0.0017320508,0.178,0.0014142137,0.0,0.0017320508,-0.0040000007,0.0017320508,0.391,0.0014142137,-0.243,0.0014142137,0.4398051071197239,0.10732472487760128,2.752993,9151578.0,674.6511,2.0
2M19532144+4538467,4680.563,6.505,2.511,0.014,-0.43,0.002,0.07700002,0.00489898,-0.027999997,0.00489898,0.221,0.0053851646,0.27,0.0028284274,0.134,0.00489898,0.10800001,0.00489898,-0.032999992,0.0028284274,-0.112999976,0.0028284274,0.7083768735310515,0.10823817684907523,5.109482,9237611.0,151.55283,2.0
2M19010868+4542564,4785.663,5.144,2.818,0.009,-0.132,0.001,0.023000002,0.0033166248,-0.027999997,0.0037416576,0.17899999,0.0037416576,0.221,0.0014142137,0.023999996,0.0033166248,0.073,0.0037416576,-0.16100001,0.0014142137,-0.08,0.0014142137,0.42220494286301524,0.030550037703233394,2.643656,9268083.0,187.70834,2.0
2M19012443+4547079,4533.573,1.351,2.524,0.004,-0.101,0.001,0.194,0.0017320508,0.15200001,0.0017320508,0.208,0.0017320508,0.285,0.0014142137,0.105000004,0.0017320508,0.18200001,0.0017320508,0.026,0.0014142137,0.163,0.0014142137,1.0783414863178855,0.11220445082395061,11.976819,9268197.0,366.60272,2.0
2M19253635+4547265,4808.159,2.428,2.63,0.004,-0.157,0.001,-0.008999988,0.0017320508,-0.157,0.00244949,0.22800002,0.00244949,0.192,0.0014142137,0.043000005,0.00244949,-0.004999995,0.0017320508,0.09900001,0.0014142137,-0.036,0.0014142137,0.5435199913072517,0.05331409777354684,3.495586,9279769.0,423.91043,2.0
2M19383551+4551079,4967.241,5.155,3.108,0.007,0.108,0.001,-0.04,0.00244949,-0.174,0.00244949,0.39799997,0.003,0.12799999,0.0014142137,0.016999997,0.00244949,-0.048000004,0.00244949,0.064,0.0014142137,-0.062000003,0.0014142137,-0.21861016077415069,0.00715321321420785,0.604491,9349632.0,211.67429,2.0
2M19535162+4548487,4505.811,0.737,2.75,0.002,0.333,0.001,-0.0150000155,0.0017320508,-0.041999996,0.0017320508,0.49,0.0017320508,0.102,0.0014142137,-0.038000017,0.0017320508,-0.020999998,0.0017320508,-0.087,0.0014142137,0.16600001,0.0014142137,0.540943185925474,0.1139033687560241,3.474907,9361885.0,603.68036,2.0
2M19593711+4548542,4734.773,1.677,2.66,0.003,-0.092,0.001,-0.012000002,0.0017320508,-0.077,0.0017320508,0.17899999,0.00244949,0.193,0.0014142137,0.041,0.0017320508,-0.031999998,0.0017320508,-0.001000002,0.0014142137,-0.016999997,0.0014142137,0.6091279591677294,0.03345289680954263,4.065631,9366774.0,524.0607,2.0
2M19350640+4555045,4925.086,8.969,2.496,0.016,-0.479,0.002,0.076000005,0.0053851646,-0.030999988,0.006,0.197,0.0067082043,0.324,0.0028284274,0.02000001,0.0053851646,0.21900001,0.0053851646,-0.299,0.0028284274,0.277,0.0028284274,0.8694991979592143,0.09639237170800133,7.404559,9408909.0,146.21448,2.0
2M19390054+4602242,4894.384,2.115,2.846,0.004,-0.166,0.001,0.034999996,0.0017320508,0.06199999,0.0017320508,0.39499998,0.00244949,0.233,0.0014142137,0.03999999,0.0017320508,0.0059999973,0.0017320508,0.763,0.0014142137,-0.098000005,0.0014142137,-0.06640035678524019,0.08818603633772382,0.858222,9472481.0,488.85437,2.0
2M20013827+4604468,4804.448,1.343,2.932,0.002,0.036,0.001,-0.065,0.0017320508,-0.103,0.0017320508,0.278,0.00244949,0.122999996,0.0014142137,-0.008999998,0.0017320508,-0.081,0.0017320508,0.083000004,0.0014142137,0.30800003,0.0014142137,0.20853030244936416,0.009626009128962401,1.616331,9491316.0,712.58966,2.0
2M19022297+4615098,4761.136,1.13,2.73,0.002,0.018,0.001,-0.037,0.0017320508,-0.105,0.0017320508,0.29299998,0.00244949,0.164,0.0014142137,0.022,0.0017320508,-0.031999998,0.0017320508,-0.004999999,0.0014142137,0.255,0.0014142137,0.3399411129270501,0.019347111232640553,2.187465,9575645.0,758.3687,2.0
2M19415343+4614449,4619.658,3.422,2.688,0.006,0.084,0.001,-0.033999998,0.00244949,-0.022999998,0.00244949,0.33,0.00244949,0.11800001,0.0014142137,-0.06,0.00244949,-0.033999998,0.00244949,-0.167,0.0014142137,0.356,0.0014142137,0.6510601335271587,0.049461625013474474,4.477753,9597524.0,194.26706,2.0
2M19504457+4615343,4709.961,2.166,2.778,0.004,0.153,0.001,-0.042999998,0.0017320508,-0.066999994,0.0017320508,0.39100003,0.0017320508,0.15599999,0.0014142137,-0.023000002,0.0017320508,-0.015000001,0.0017320508,-0.174,0.0014142137,0.157,0.0014142137,0.33794779234435535,0.013958687630308527,2.177448,9604524.0,340.70477,2.0
2M19513117+4620333,4762.091,5.541,2.642,0.011,-0.354,0.002,0.2,0.0041231057,0.131,0.0041231057,0.102,0.0046904157,0.341,0.0022360682,0.132,0.0041231057,0.229,0.0041231057,-0.37100002,0.0028284274,0.081,0.0028284274,1.10821914162753,0.11273440624193151,12.829778,9665985.0,162.2565,2.0
2M19194461+4626011,4689.277,6.075,2.72,0.011,0.005,0.002,-0.026,0.0041231057,-0.124000005,0.0041231057,0.176,0.0046904157,0.215,0.0028284274,-0.0139999995,0.0041231057,-0.026999999,0.0041231057,0.040000003,0.0028284274,0.336,0.0028284274,0.6913747850811868,0.046000203110632125,4.913317,9705759.0,131.63684,2.0
2M19292513+4624320,4793.327,3.934,2.864,0.006,0.095,0.001,-0.011,0.00244949,-0.163,0.00244949,0.46,0.00244949,0.167,0.0014142137,-0.012999997,0.00244949,-0.053999998,0.00244949,-0.152,0.0014142137,0.18200001,0.0014142137,0.2453260785163522,0.049580589836982214,1.759244,9711510.0,228.76138,2.0
2M19301359+4624506,4762.265,5.334,2.629,0.01,-0.142,0.001,-0.019999996,0.0033166248,-0.12299998,0.0037416576,0.321,0.0037416576,0.2,0.0014142137,0.001000002,0.0033166248,0.050000004,0.0037416576,-0.145,0.0014142137,-0.18299998,0.0014142137,0.32961568393505575,0.05312601078057742,2.136071,9711988.0,176.01884,2.0
2M19394402+4627390,4893.302,3.494,2.658,0.006,-0.457,0.001,0.17699999,0.003,-0.019000024,0.0037416576,0.273,0.004582576,0.34199998,0.0014142137,0.13499999,0.003,0.259,0.003,-0.15700004,0.0022360682,0.29799998,0.0014142137,0.6524762917584782,0.09195344192537748,4.492378,9718024.0,350.90427,2.0
2M19482778+4628063,4767.437,3.047,2.664,0.006,-0.225,0.001,0.00999999,0.00244949,-0.010000005,0.00244949,0.233,0.003,0.151,0.0014142137,0.048999995,0.00244949,0.048999995,0.00244949,0.072,0.0014142137,0.10599999,0.0014142137,0.4219102925038274,0.02634809909436271,2.641863,9724324.0,301.33127,2.0
2M19340577+4635435,5078.995,1.985,3.026,0.003,-0.161,0.001,-0.065,0.00244949,-0.16399999,0.0033166248,0.311,0.0033166248,0.127,0.0014142137,0.024999991,0.00244949,-0.023000002,0.00244949,0.24599999,0.0014142137,0.248,0.0014142137,-0.047761793274638364,0.037125300121753815,0.895856,9774549.0,763.9045,2.0
2M19464551+4630336,4602.356,3.835,2.73,0.008,0.11,0.001,-0.031999998,0.0033166248,-0.019999996,0.0033166248,0.142,0.0037416576,0.134,0.0014142137,-0.038999997,0.0033166248,0.0059999973,0.0033166248,0.048000008,0.0014142137,0.055000007,0.0014142137,1.0506792117733819,0.08164694723007734,11.237746,9783225.0,154.24818,2.0
2M18482411+4637472,4657.317,2.881,2.638,0.006,-0.113,0.001,0.077999994,0.00244949,0.089,0.00244949,0.076,0.003,0.243,0.0014142137,0.022999994,0.00244949,0.107999995,0.00244949,-0.13300002,0.0014142137,0.19299999,0.0014142137,1.1049137189573432,0.1084429910502139,12.732501,9813102.0,244.4858,2.0
2M19321410+4637097,4800.206,4.797,2.544,0.009,-0.295,0.001,0.06499998,0.0037416576,-0.0069999993,0.0037416576,0.17299998,0.0037416576,0.28,0.0014142137,0.035999984,0.0037416576,0.12699999,0.0037416576,-0.19600001,0.0014142137,0.013999999,0.0014142137,0.9313077741437702,0.09035402357165256,8.537049,9833831.0,207.75493,2.0
2M19352912+4638019,4298.855,1.154,2.531,0.003,0.191,0.001,0.0069999993,,0.07599999,,0.31300002,0.0017320508,0.117,0.0014142137,0.0,,0.023000002,,-0.224,0.0014142137,0.333,0.0014142137,0.1925468252525238,0.025125463658519663,1.557926,9835853.0,264.1108,2.0
2M19463333+4637486,4967.493,3.938,3.147,0.005,0.183,0.001,-0.053000003,0.00244949,-0.133,0.00244949,0.415,0.003,0.139,0.0014142137,0.017000005,0.00244949,-0.029,0.00244949,0.08399999,0.0014142137,0.45000002,0.0014142137,-0.1659393440261358,0.036984149328797254,0.682434,9843486.0,257.8209,2.0
2M19483057+4638589,5003.424,11.003,2.638,0.02,-0.645,0.002,0.267,0.0067082043,0.174,0.009643651,0.10499996,0.010488089,0.371,0.0028284274,0.12599999,0.0067082043,0.36599997,0.0067082043,-0.45500004,0.0036055513,0.29,0.0028284274,1.1619119671945501,0.08771890168421229,14.518173,9845028.0,136.15762,2.0
2M19504157+4639280,4578.424,2.748,2.622,0.006,0.076,0.001,0.008000001,0.00244949,-0.007999994,0.00244949,0.16600001,0.00244949,0.185,0.0014142137,-0.013999999,0.00244949,-0.0019999966,0.00244949,-0.145,0.0014142137,0.16299999,0.0014142137,0.9419937086591085,0.08807415700308951,8.749711,9846977.0,204.69646,2.0
2M19392003+4646168,4724.694,4.455,2.909,0.007,0.107,0.001,-0.0059999973,0.00244949,-0.105000004,0.00244949,0.307,0.003,0.16500002,0.0014142137,0.0059999973,0.00244949,-0.023000002,0.00244949,0.144,0.0014142137,0.016000003,0.0014142137,0.3690042264918564,0.030426479848056708,2.33886,9898373.0,184.75822,2.0
2M19103744+4651401,4939.113,5.0,2.735,0.009,-0.399,0.001,0.075999975,0.003,-0.052000016,0.0037416576,0.259,0.0037416576,0.273,0.0014142137,0.037,0.003,0.055999994,0.003,-0.056000024,0.0014142137,0.195,0.0014142137,0.41512866399025095,0.046020257316757206,2.60093,9942816.0,271.85263,2.0
2M19371819+4653535,4757.497,1.465,2.693,0.003,-0.107,0.001,-0.048,0.0017320508,-0.1,0.0017320508,0.234,0.00244949,0.164,0.0014142137,0.029,0.0017320508,-0.008999996,0.0017320508,0.156,0.0014142137,0.131,0.0014142137,0.33635525044262354,0.03544725687068293,2.169478,9957288.0,637.79443,2.0
2M19504258+4651019,4994.432,6.819,3.069,0.008,-0.026,0.001,-0.082,0.0037416576,-0.17199999,0.0037416576,0.278,0.0037416576,0.068,0.0014142137,0.034,0.0037416576,-0.12900001,0.0037416576,0.157,0.0014142137,0.38,0.0014142137,0.07155911080757531,0.08336166196564908,1.179123,9966914.0,193.14369,2.0
2M19124694+4658537,4636.233,2.574,2.667,0.005,0.034,0.001,-0.008000001,0.00244949,-0.060000002,0.00244949,0.26,0.00244949,0.16999999,0.0014142137,-0.011000002,0.00244949,-0.0020000003,0.00244949,-0.14500001,0.0014142137,0.195,0.0014142137,0.6958255610763432,0.057995809466492396,4.963929,10003419.0,270.03784,2.0
2M19174437+4659260,4442.446,0.925,2.642,0.002,0.217,0.001,0.0140000135,,0.09900002,0.0017320508,0.207,0.0017320508,0.13200001,0.0014142137,-0.030999988,,0.025000006,,-0.137,0.0014142137,0.334,0.0014142137,0.9436693361816632,0.05048426409464622,8.783535,10005966.0,420.77338,2.0
2M19192095+4659270,5000.836,3.536,2.992,0.005,-0.083,0.001,-0.062,0.003,-0.162,0.003,0.333,0.003,0.118,0.0014142137,0.0059999973,0.003,-0.051000006,0.003,-0.037,0.0014142137,0.018,0.0014142137,-0.030445247442671956,0.04584255245007391,0.932298,10006852.0,370.27182,2.0
2M19390103+4659348,4818.933,6.691,2.917,0.01,0.06,0.002,-0.020999998,0.0045825755,-0.074999996,0.00489898,0.409,0.00489898,0.186,0.0028284274,0.022000004,0.0045825755,-0.022,0.0045825755,-0.096,0.0028284274,0.09,0.0028284274,0.04781049139631118,0.04324909773330143,1.116376,10018967.0,138.14893,2.0
2M19174683+4705314,4829.297,6.501,2.35,0.013,-0.527,0.002,0.06800002,0.0041231057,-0.097,0.0046904157,0.23700002,0.0053851646,0.284,0.0022360682,0.029000014,0.0041231057,0.23900002,0.0041231057,-0.30799997,0.0028284274,-0.14200002,0.0028284274,0.5394916176755855,0.12427051583687812,3.463312,10069277.0,189.28688,2.0
2M19053778+4708331,4767.817,5.367,3.027,0.008,-0.11,0.001,-0.037,0.00244949,-0.033000007,0.003,0.198,0.003,0.081,0.0014142137,-0.049999997,0.00244949,-0.060000002,0.00244949,0.18599999,0.0014142137,0.121,0.0014142137,0.6064167307212441,0.1119969850664874,4.040329,10128629.0,187.47607,2.0
2M19375110+4709246,4815.372,2.946,3.013,0.004,0.016,0.001,-0.015000001,0.00244949,-0.068,0.00244949,0.387,0.003,0.161,0.0014142137,-0.015000001,0.00244949,-0.041,0.00244949,0.0019999985,0.0014142137,0.471,0.0014142137,0.1689109565492096,0.036264256250327205,1.475404,10148118.0,334.35135,2.0
2M18550107+4716208,4810.956,1.187,2.645,0.002,-0.259,0.001,0.066,0.0017320508,-0.072,0.00244949,0.33,0.00244949,0.288,0.0014142137,0.025000006,0.0017320508,0.089,0.0017320508,-0.048000008,0.0014142137,0.0029999912,0.0014142137,0.6664161340456186,0.07280646499184369,4.638912,10190841.0,829.5284,2.0
2M19071356+4717043,4694.336,2.355,2.626,0.005,-0.225,0.001,0.03999999,0.0017320508,0.01699999,0.00244949,0.078999996,0.00244949,0.23699999,0.0014142137,-0.003000006,0.0017320508,0.047999993,0.0017320508,-0.12600002,0.0014142137,0.041999996,0.0014142137,0.9438400333049436,0.11992615897695176,8.786988,10196797.0,355.70206,2.0
2M19101090+4713136,4389.445,3.039,2.427,0.009,0.104,0.002,0.008999996,0.0037416574,0.040999994,0.0037416574,0.215,0.0041231057,0.126,0.0028284274,-0.0060000047,0.0037416574,0.0040000007,0.0037416574,-0.087,0.0028284274,-0.047000002,0.0028284274,1.1366319557027107,0.11125385141129396,13.697205,10198207.0,125.31973,2.0
2M19102813+4716385,4866.035,2.525,3.047,0.004,-0.257,0.001,0.018000007,0.00244949,-0.02000001,0.00244949,0.17,0.0033166248,0.104,0.0014142137,0.042999998,0.00244949,-0.023999989,0.00244949,0.268,0.0014142137,0.154,0.0014142137,0.379930488174415,0.060167768742208416,2.398449,10198347.0,468.92734,2.0
2M19195338+4715050,4765.724,5.947,2.604,0.012,-0.222,0.002,0.04100001,0.0041231057,0.04100001,0.0041231057,0.121,0.0046904157,0.297,0.0028284274,0.045,0.0041231057,0.112,0.0041231057,-0.185,0.0028284274,0.214,0.0028284274,1.0278568446950251,0.12629465615354138,10.662446,10203168.0,154.70515,2.0
2M19270794+4714354,4569.215,1.393,3.027,0.002,0.342,0.001,0.014999986,0.0017320508,0.023000002,0.0017320508,0.503,0.0017320508,0.102,0.0014142137,-0.016000003,0.0017320508,-0.01000002,0.0017320508,-0.10900001,0.0014142137,0.49699998,0.0014142137,0.5123729690673842,0.03534938012426658,3.253666,10207623.0,350.93375,2.0
2M19374037+4722120,4735.361,7.26,2.667,0.013,-0.061,0.002,-0.013,0.00489898,-0.124,0.00489898,0.231,0.0053851646,0.223,0.0028284274,0.019000001,0.00489898,-0.0030000024,0.00489898,0.042000003,0.0028284274,-0.004999999,0.0028284274,0.6688880472307481,0.07856645666845477,4.665391,10280656.0,126.800255,2.0
2M19451664+4725070,4585.625,4.699,2.501,0.011,-0.143,0.002,0.024000004,0.0041231057,-0.015999988,0.0041231057,0.069000006,0.0046904157,0.178,0.0028284274,-0.029,0.0037416574,0.08800001,0.0041231057,-0.003999993,0.0028284274,0.261,0.0028284274,0.7214880297240592,0.115891126559251,5.266087,10351764.0,142.73091,2.0
2M19543467+4728247,4759.734,6.621,2.655,0.012,-0.207,0.002,0.037,0.00489898,0.0059999973,0.00489898,0.144,0.0053851646,0.21000001,0.0028284274,-0.017000005,0.00489898,0.07800001,0.00489898,-0.165,0.0028284274,0.20300001,0.0028284274,0.8785505177314279,0.0735866777928969,7.5605,10359816.0,149.09186,2.0
2M19555417+4726384,5109.636,2.652,2.849,0.004,0.059,0.001,-0.13,0.00244949,-0.23900001,0.00244949,0.467,0.0033166248,0.145,0.0014142137,-0.024999999,0.00244949,0.0029999986,0.00244949,-0.147,0.0014142137,0.072,0.0014142137,-0.32857628348008094,0.03164400543071475,0.469271,10361019.0,470.4032,2.0
2M19561423+4729475,4862.253,11.957,2.563,0.024,-0.673,0.003,0.25199997,0.0083666,-0.05700004,0.011224973,0.304,0.012884098,0.45699996,0.004242641,0.22299999,0.0083666,0.50299996,0.0083666,-0.18600005,0.004242641,0.34899998,0.004242641,0.7310495509009011,0.07289016372831662,5.383312,10361301.0,109.074684,2.0
2M19495640+4730562,4830.905,8.071,2.685,0.015,-0.226,0.002,0.024999991,0.00489898,-0.013999999,0.0053851646,0.19999999,0.0053851646,0.25599998,0.0028284274,0.03899999,0.00489898,0.052,0.00489898,-0.054999992,0.0028284274,0.267,0.0028284274,0.6602935966534099,0.0535824661690699,4.573973,10420662.0,129.36938,2.0
2M19102133+4743193,4691.732,2.084,2.638,0.004,-0.238,0.001,0.22,0.0017320508,0.074,0.0017320508,0.325,0.00244949,0.384,0.0014142137,0.14400001,0.0017320508,0.221,0.0017320508,-0.32799998,0.0014142137,-0.19099998,0.0014142137,0.5673046256287122,0.03956823207222201,3.692365,10525475.0,385.9818,2.0
2M19435384+4744446,4588.258,3.022,2.581,0.006,-0.001,0.001,-0.034,0.00244949,-0.041,0.00244949,0.191,0.003,0.153,0.0014142137,-0.007,0.00244949,-0.044000003,0.00244949,0.015000001,0.0014142137,-0.059,0.0014142137,0.5823840766699586,0.08774344195079381,3.822822,10545904.0,213.32242,2.0
2M19552174+4743524,4795.596,1.331,2.787,0.002,-0.155,0.001,-0.008000001,0.0017320508,-0.017000005,0.00244949,0.159,0.00244949,0.24000001,0.0014142137,0.018000007,0.0017320508,0.091,0.0017320508,0.109,0.0014142137,0.184,0.0014142137,0.8477068132064738,0.07208474040587919,7.042175,10555618.0,716.2134,2.0
2M19433020+4751530,4773.431,6.899,2.608,0.013,-0.207,0.002,0.037,0.00489898,-0.027999997,0.00489898,0.17300001,0.0053851646,0.23300001,0.0028284274,0.002000004,0.00489898,0.063999996,0.00489898,-0.16399999,0.0028284274,0.049999997,0.0028284274,0.9685554650080143,0.099701169935671,9.301553,10610644.0,139.94296,2.0
2M19474182+4753375,4680.562,3.639,2.547,0.008,-0.162,0.001,0.027999997,0.00244949,-0.016000003,0.00244949,0.205,0.003,0.216,0.0014142137,0.024000004,0.00244949,0.029,0.00244949,-0.306,0.0014142137,0.251,0.0014142137,0.9254503010032824,0.11281244512795,8.42268,10614000.0,221.38263,2.0
2M19480780+4750357,4967.517,1.905,3.05,0.003,0.026,0.001,-0.063999996,0.0017320508,-0.132,0.00244949,0.335,0.00244949,0.148,0.0014142137,0.022,0.0017320508,-0.04,0.0017320508,0.024,0.0014142137,0.20300001,0.0014142137,-0.007319260914739109,0.019953365302639952,0.983288,10614382.0,602.4299,2.0
2M18511149+4754162,4799.287,5.665,2.573,0.011,-0.425,0.002,0.24700001,0.0041231057,0.026000023,0.0046904157,0.292,0.0046904157,0.448,0.0022360682,0.216,0.0041231057,0.316,0.0041231057,-0.24299997,0.0028284274,0.097,0.0022360682,0.5703420906204587,0.052971936121372507,3.71828,10647267.0,180.12271,2.0
2M19535439+4756543,5138.2,4.936,2.933,0.007,-0.247,0.001,0.003999993,0.003,-0.20400001,0.004582576,0.348,0.004582576,0.189,0.0014142137,0.056999996,0.003,-0.049999997,0.003,-0.040000007,0.0014142137,-0.058000013,0.0014142137,-0.21674835152054373,0.054818690208018016,0.607088,10684837.0,339.63107,2.0
2M19474735+4800540,5053.334,5.498,3.081,0.007,-0.052,0.001,-0.042999998,0.003,-0.13599999,0.003,0.25599998,0.0037416576,0.115,0.0014142137,0.025,0.003,-0.018,0.003,0.15900001,0.0014142137,0.02,0.0014142137,-0.14876489583298494,0.04543728069115062,0.709962,10745554.0,244.83546,2.0
2M19514212+4801493,4672.684,3.928,2.721,0.007,0.102,0.001,-0.049,0.00244949,-0.074999996,0.00244949,0.252,0.003,0.155,0.0014142137,0.020000003,0.00244949,-0.055999998,0.00244949,-0.525,0.0014142137,0.25800002,0.0014142137,0.5306711449599903,0.05783856247172313,3.393682,10749235.0,189.85655,2.0
2M19325798+4811002,4693.691,5.622,2.75,0.01,0.115,0.002,-0.024999999,0.0037416574,-0.048,0.0037416574,0.32,0.0041231057,0.183,0.0028284274,0.05099999,0.0037416574,-0.023000002,0.0037416574,-0.22600001,0.0028284274,0.043000005,0.0028284274,0.4178009014590738,0.08880234777033104,2.616983,10800641.0,137.69951,2.0
2M19493046+4807352,4899.711,1.64,2.839,0.003,-0.121,0.001,-0.049000002,0.00244949,-0.204,0.00244949,0.224,0.0033166248,0.134,0.0014142137,0.045999996,0.00244949,-0.013000004,0.00244949,0.244,0.0014142137,0.313,0.0014142137,0.1445103818669002,0.024770878521799416,1.394795,10812837.0,724.5398,2.0
2M19504048+4806541,4506.488,2.755,2.556,0.007,0.006,0.001,0.11,0.0033166248,0.122999996,0.0033166248,0.23200001,0.0037416576,0.222,0.0014142137,0.019000001,0.0033166248,0.12100001,0.0033166248,-0.22399999,0.0014142137,0.147,0.0014142137,1.0591440285278875,0.12329025525414994,11.458929,10813862.0,170.34444,2.0
2M19535106+4814272,4686.244,4.777,2.583,0.01,-0.13,0.001,0.001000002,0.0033166248,0.037999995,0.0033166248,0.14299999,0.0037416576,0.195,0.0014142137,-0.009000003,0.0033166248,0.047999993,0.0033166248,-0.106000006,0.0014142137,-0.011000007,0.0014142137,1.1736135613067353,0.08272075065976305,14.914667,10879853.0,165.91562,2.0
2M19481263+4823475,4864.384,8.668,2.504,0.017,-0.396,0.002,0.076000005,0.0053851646,0.009000003,0.006,0.168,0.006,0.34,0.0028284274,0.01699999,0.0053851646,0.03400001,0.0053851646,-0.224,0.0028284274,0.08199999,0.0028284274,0.6935625188764901,0.07606439456172653,4.93813,10932891.0,139.97269,2.0
2M19523172+4818406,4946.387,4.627,3.135,0.006,-0.067,0.001,-0.001000002,0.003,-0.14,0.003,0.357,0.003,0.141,0.0014142137,0.035,0.003,-0.06999999,0.003,0.069,0.0014142137,0.446,0.0014142137,0.12278647759682168,0.05702770203947483,1.326742,10935853.0,268.14615,2.0
2M19535355+4823527,4753.405,2.324,2.749,0.004,-0.062,0.001,-0.037,0.0017320508,-0.07400001,0.0017320508,0.227,0.00244949,0.12799999,0.0014142137,-0.009999998,0.0017320508,-0.013999999,0.0017320508,0.022999998,0.0014142137,0.277,0.0014142137,0.6165590038346169,0.053553180038390595,4.135795,10936814.0,392.2447,2.0
2M19535560+4823354,4741.703,2.863,2.723,0.005,-0.092,0.001,-0.051000006,0.00244949,-0.086,0.00244949,0.22999999,0.003,0.175,0.0014142137,0.011,0.00244949,-0.047,0.00244949,-0.067999996,0.0014142137,0.178,0.0014142137,0.6436471771129536,0.05128946055798071,4.401971,10936833.0,314.58975,2.0
2M19215727+4834077,4813.654,2.232,2.807,0.004,0.005,0.001,-0.019000001,0.0017320508,-0.145,0.0017320508,0.26500002,0.00244949,0.18800001,0.0014142137,-0.0029999998,0.0017320508,-0.042,0.0017320508,0.019000001,0.0014142137,0.053,0.0014142137,0.2549256548724404,0.022734284325003972,1.798563,11027005.0,421.68823,2.0
2M19543309+4831256,4906.523,2.478,2.475,0.005,-0.482,0.001,0.041999996,0.00244949,-0.059000015,0.0033166248,0.232,0.0033166248,0.257,0.0014142137,0.067,0.00244949,0.09900001,0.00244949,-0.065999985,0.0014142137,0.204,0.0014142137,0.586974171952795,0.08659725897806875,3.86344,11046496.0,541.6997,2.0
2M19521070+4837036,4519.43,2.543,2.649,0.006,0.21,0.001,0.013000011,0.00244949,0.04600002,0.00244949,0.244,0.00244949,0.13700001,0.0014142137,-0.012999997,0.00244949,-0.022,0.00244949,-0.23799999,0.0014142137,0.15500002,0.0014142137,0.8727254957082116,0.13479648296625263,7.459771,11098762.0,182.2787,2.0
2M19204772+4842357,4886.361,9.519,2.758,0.017,-0.36,0.002,0.04100001,0.0061644143,0.048000008,0.0061644143,0.21900001,0.0067082043,0.289,0.0028284274,0.023000002,0.0061644143,0.10200003,0.0061644143,-0.18900001,0.0028284274,-0.25799996,0.0028284274,0.19979191525799705,0.07039389333466492,1.584134,11134475.0,126.30086,2.0
2M19335319+4844510,5016.254,4.667,2.741,0.008,-0.359,0.001,0.06299999,0.003,-0.011000007,0.0037416576,0.233,0.0037416576,0.239,0.0014142137,0.025000006,0.003,0.09,0.003,-0.16499999,0.0014142137,-0.032000005,0.0014142137,0.22257523746453134,0.05378327450351259,1.669457,11140732.0,310.2552,2.0
2M19220808+4850043,4615.018,1.797,2.772,0.003,0.116,0.001,0.025000006,0.0017320508,-0.023999996,0.0017320508,0.33,0.0017320508,0.139,0.0014142137,0.0040000007,0.0017320508,0.008000001,0.0017320508,-0.171,0.0014142137,0.32,0.0014142137,0.5787658129912204,0.03563023479029085,3.791105,11188067.0,352.53232,2.0
2M19451193+4850433,4787.596,6.533,2.636,0.012,-0.181,0.002,0.015999988,0.00489898,-0.08200002,0.0053851646,0.249,0.0053851646,0.306,0.0028284274,0.060999997,0.00489898,0.09899999,0.00489898,0.0059999973,0.0028284274,0.36699998,0.0028284274,0.7298860429774343,0.049160598526368254,5.368909,11200291.0,111.2158,2.0
2M19293576+4857241,4914.705,7.315,2.598,0.014,-0.493,0.002,0.09900001,0.0046904157,-0.062000006,0.0053851646,0.231,0.0053851646,0.248,0.0022360682,0.066000015,0.0046904157,0.055000007,0.0046904157,-0.169,0.0028284274,-0.04099998,0.0028284274,0.6204443258658086,0.1068004429145927,4.172961,11245225.0,191.49509,2.0
2M19425474+4855219,4786.318,3.65,2.742,0.007,-0.082,0.001,-0.051,0.00244949,-0.070999995,0.00244949,0.21700001,0.003,0.18,0.0014142137,0.0040000007,0.00244949,-0.020999998,0.00244949,-0.011,0.0014142137,0.133,0.0014142137,0.4380015568682699,0.029241150319028745,2.741584,11252706.0,245.37291,2.0
2M19245919+4904405,5087.636,5.354,3.075,0.007,-0.019,0.001,-0.07,0.003,-0.232,0.003,0.414,0.003,0.112,0.0014142137,0.033,0.003,-0.098,0.003,-0.041,0.0014142137,0.084,0.0014142137,-0.2218190738406704,0.023094564331120556,0.600041,11295851.0,260.50748,2.0
2M19284253+4903436,5007.387,2.522,2.796,0.004,-0.125,0.001,-0.059,0.0017320508,-0.037,0.0017320508,0.486,0.00244949,0.134,0.0014142137,-0.009000003,0.0017320508,-0.06999999,0.0017320508,0.553,0.0014142137,0.041,0.0014142137,-0.34950791664528436,0.0333783944090293,0.44719,11297585.0,483.4722,2.0
2M19424145+4900432,5027.324,5.076,3.056,0.007,-0.088,0.001,0.012999997,0.003,-0.258,0.003,0.537,0.003,0.227,0.0014142137,0.028,0.003,-0.063999996,0.003,-0.069000006,0.0014142137,0.106,0.0014142137,-0.07213299779910727,0.05111895583349181,0.846968,11305250.0,225.99992,2.0
2M19441480+4905035,4605.423,3.486,2.748,0.006,0.285,0.001,-0.018999994,0.00244949,-0.059,0.00244949,0.497,0.00244949,0.19,0.0014142137,0.002000004,0.00244949,0.0010000169,0.00244949,-0.204,0.0014142137,0.08500001,0.0014142137,0.48569105319102207,0.04198395545548983,3.059786,11306275.0,167.34427,2.0
2M19321992+4906298,4884.09,8.343,2.518,0.017,-0.401,0.002,0.08499998,0.0053851646,0.021999985,0.006,0.175,0.006,0.288,0.0028284274,0.060000002,0.0053851646,0.188,0.0053851646,-0.369,0.0028284274,-0.16099998,0.0028284274,0.8036604216654056,0.09029752680119851,6.362978,11352764.0,144.7707,2.0
2M19442264+4915048,4685.912,5.507,2.634,0.011,-0.058,0.002,0.022,0.0037416574,-0.0030000024,0.0041231057,0.194,0.0041231057,0.174,0.0028284274,0.003999997,0.0037416574,0.053999998,0.0037416574,-0.068,0.0028284274,0.155,0.0028284274,0.8900136977325227,0.12311966111958848,7.762716,11412082.0,140.44525,2.0
2M19304347+4921105,5153.612,2.77,3.047,0.004,-0.114,0.001,-0.029999994,0.00244949,-0.11000001,0.0033166248,0.323,0.0033166248,0.193,0.0014142137,0.026,0.00244949,0.013999999,0.00244949,0.023000002,0.0014142137,0.262,0.0014142137,-0.23372400695593226,0.05227905298792211,0.583816,11456735.0,552.42224,2.0
2M19100103+4928499,4877.8,6.424,2.682,0.012,-0.332,0.001,0.10599999,0.0037416576,-0.009000003,0.0037416576,0.267,0.004358899,0.259,0.0014142137,0.049999982,0.0037416576,0.12099999,0.0037416576,0.037999988,0.0014142137,0.058999985,0.0014142137,0.7754335634904561,0.09598256275431177,5.962571,11499428.0,186.8033,2.0
2M19380381+4929429,4866.06,8.966,2.615,0.016,-0.338,0.002,0.029000014,0.0061644143,-0.011000007,0.0061644143,0.178,0.0067082043,0.226,0.0028284274,0.006000012,0.0061644143,0.105000004,0.0061644143,-0.037,0.0028284274,0.072,0.0028284274,0.10128298307001873,0.01592286983565373,1.26265,11512915.0,113.29192,2.0
2M19312086+4934152,4531.514,1.448,2.627,0.004,-0.024,0.001,0.131,0.0017320508,0.141,0.0017320508,0.17400001,0.0017320508,0.192,0.0014142137,0.034,0.0017320508,0.129,0.0017320508,-0.011,0.0014142137,0.088,0.0014142137,1.0422200960494412,0.09958849181836027,11.020977,11560948.0,349.44513,2.0
2M19030418+4939499,5089.514,3.461,3.214,0.005,-0.149,0.001,-0.06299999,0.00244949,-0.126,0.00244949,0.38300002,0.0033166248,0.043000005,0.0014142137,0.029000007,0.00244949,-0.06199999,0.00244949,0.058000006,0.0014142137,0.322,0.0014142137,-0.00730424419827151,0.07745201364985702,0.983322,11600413.0,434.8425,2.0
2M19302760+4941468,4648.308,3.086,2.745,0.005,0.138,0.001,-0.0119999945,0.00244949,-0.11399999,0.00244949,0.44199997,0.00244949,0.202,0.0014142137,-0.012999997,0.00244949,-0.051999994,0.00244949,-0.13599999,0.0014142137,0.114999995,0.0014142137,0.43544953259339253,0.11319566208288448,2.725521,11612171.0,235.46472,2.0
2M18562652+4945381,4653.212,1.843,2.642,0.004,-0.006,0.001,-0.008,0.0017320508,-0.053,0.0017320508,0.159,0.00244949,0.188,0.0014142137,0.042,0.0017320508,-0.005,0.0017320508,-0.111,0.0014142137,0.275,0.0014142137,0.8718156990060619,0.07108645208623045,7.44416,11649294.0,395.05536,2.0
2M18575991+4947290,4774.91,7.332,2.149,0.017,,,,,,,,,,,,,,,,,,,1.1646757199537598,0.10399408912742325,14.610858,11649869.0,160.72916,2.0
2M19181434+4948384,5021.545,11.95,2.691,0.02,-0.495,0.002,0.055000007,0.0061644143,0.066000015,0.0067082043,0.34,0.007348469,0.284,0.0028284274,0.097,0.0061644143,0.15400001,0.0061644143,0.12799999,0.0028284274,0.308,0.0028284274,0.2810276827277777,0.07162792132819813,1.909975,11708622.0,133.26889,2.0
2M19491544+4959530,4984.388,7.911,3.016,0.012,-0.537,0.002,0.06799999,0.0053851646,0.02700001,0.006,0.241,0.0067082043,0.21599999,0.0028284274,0.027999997,0.0053851646,0.13999999,0.0053851646,0.276,0.0028284274,0.13,0.0028284274,0.701524726135058,0.10589318237777967,5.029499,11775041.0,211.2106,2.0
2M19455292+5002304,4876.672,3.688,2.671,0.007,-0.413,0.001,0.20799999,0.003,-0.046000004,0.0037416576,0.32799998,0.0037416576,0.42,0.0014142137,0.13799998,0.003,0.23299998,0.003,-0.16500002,0.0014142137,0.13,0.0014142137,0.24709520261002862,0.08366000285047318,1.766425,11823838.0,315.86673,2.0
2M19384144+5009175,4885.658,6.92,2.719,0.012,-0.228,0.001,0.040999994,0.0037416576,-0.056999996,0.0037416576,0.194,0.004358899,0.221,0.0014142137,0.019999996,0.0037416576,-0.07000001,0.0037416576,-0.05299999,0.0014142137,-0.03199999,0.0014142137,0.4434623259095294,0.07976941018144958,2.776274,11869694.0,171.17061,2.0
2M19445035+5006019,4789.154,4.851,2.676,0.009,-0.137,0.001,0.032999992,0.0033166248,-0.045,0.0037416576,0.258,0.0037416576,0.162,0.0014142137,0.052999996,0.0033166248,0.059999995,0.0033166248,-0.0069999993,0.0014142137,0.225,0.0014142137,0.3422907932010215,0.04862001418600591,2.199332,11873200.0,193.26897,2.0
2M19350137+5016590,4848.131,7.761,2.767,0.014,-0.141,0.002,0.038000003,0.00489898,0.075,0.00489898,0.43,0.00489898,0.19500001,0.0028284274,0.023000002,0.00489898,0.015000001,0.00489898,0.69299996,0.0028284274,0.074,0.0028284274,0.37079426298750423,0.12164570833476238,2.34852,11917935.0,124.327484,2.0
2M19022344+5021306,4513.884,1.217,2.707,0.003,0.273,0.001,0.006000012,0.0017320508,0.011000007,0.0017320508,0.30299997,0.0017320508,0.127,0.0014142137,0.025999993,0.0017320508,-0.006000012,0.0017320508,-0.156,0.0014142137,0.24900001,0.0014142137,0.6524029102752589,0.041786985431430855,4.491619,11953581.0,379.80545,2.0
2M19030437+5019018,4755.399,3.652,2.708,0.007,-0.07,0.001,0.0040000007,0.00244949,-0.052,0.00244949,0.266,0.003,0.15200001,0.0014142137,-0.0050000027,0.00244949,-0.016999997,0.00244949,-0.101,0.0014142137,0.048,0.0014142137,0.6606340454910774,0.04698449684755669,4.57756,11953849.0,244.37178,2.0
2M19335072+5018091,5024.278,15.438,3.093,0.022,-0.491,0.003,0.025999993,0.00781025,-0.037999988,0.0096953595,0.28,0.010440307,0.19799998,0.004242641,0.03999999,0.00781025,0.037999988,0.00781025,0.32099998,0.004242641,0.20899999,0.004242641,0.32956505564164285,0.0918730366314299,2.135822,11966513.0,110.62422,2.0
2M19342372+5019090,4647.863,3.511,2.574,0.008,-0.371,0.001,0.07999998,0.00244949,-0.045000017,0.003,0.28599998,0.003,0.26299998,0.0014142137,0.074,0.00244949,0.146,0.003,-0.384,0.0014142137,0.38799998,0.0014142137,0.4857397345885411,0.014946480248421832,3.060129,11966805.0,234.48064,2.0
2M19353823+5029002,4390.72,3.686,2.338,0.013,-0.094,0.002,0.007999994,0.0045825755,-0.081,0.00489898,0.24,0.0053851646,0.13599999,0.0028284274,-0.012000002,0.0045825755,0.014999993,0.0045825755,0.004999995,0.0028284274,0.241,0.0028284274,0.6608276415307763,0.07713054468850503,4.579601,12017132.0,110.2013,2.0
2M19352533+5036463,4829.489,4.355,2.546,0.009,-0.325,0.001,0.044999987,0.0033166248,0.151,0.0033166248,0.239,0.0037416576,0.225,0.0014142137,0.04699999,0.0033166248,0.01999998,0.0033166248,0.97499996,0.0014142137,-0.241,0.0014142137,0.45046235307025856,0.07317202085669651,2.821385,12114999.0,223.4416,2.0
2M19393497+5036085,4721.6,5.701,2.723,0.01,0.039,0.002,-0.025,0.0037416574,-0.14,0.0041231057,0.287,0.0041231057,0.184,0.0028284274,0.035,0.0041231057,0.0069999993,0.0041231057,0.018999998,0.0028284274,0.18699999,0.0028284274,0.4833240732685644,0.036294565930712015,3.043155,12117138.0,147.52225,2.0
2M19442767+5041476,4711.702,5.15,2.64,0.01,-0.155,0.002,0.033,0.0041231057,-0.017999992,0.0041231057,0.106000006,0.0041231057,0.255,0.0022360682,0.031000003,0.0041231057,-0.027999997,0.0037416574,-0.052,0.0028284274,-0.120000005,0.0028284274,0.9163284324690485,0.0799599273944106,8.247616,12119865.0,168.77507,2.0
2M19451497+5036578,4677.356,1.439,2.672,0.003,-0.108,0.001,-0.0119999945,0.0017320508,-0.015999995,0.0017320508,0.223,0.00244949,0.193,0.0014142137,0.002000004,0.0017320508,0.009000003,0.0017320508,0.003000006,0.0014142137,0.15,0.0014142137,0.7747754947051445,0.05685445249867151,5.953543,12120327.0,556.6374,2.0
2M19101753+5044559,4645.352,2.864,2.67,0.006,-0.127,0.001,0.093,0.00244949,0.069000006,0.00244949,0.124000005,0.003,0.19,0.0014142137,0.048,0.00244949,0.1,0.00244949,-0.018999994,0.0014142137,0.218,0.0014142137,0.9507618186493001,0.09485368524355883,8.928157,12152850.0,252.61935,2.0
2M19432174+5056396,5085.71,3.069,3.275,0.004,0.104,0.001,-0.118,0.0017320508,-0.013999999,0.0017320508,0.352,0.00244949,0.061000004,0.0014142137,0.004999995,0.0017320508,-0.075,0.0017320508,0.20899999,0.0014142137,0.363,0.0014142137,-0.1864230141643728,0.04197251353496967,0.650994,12266731.0,393.39905,2.0
2M19442942+5108058,4877.084,9.99,2.549,0.019,-0.437,0.002,0.08000001,0.0061644143,-0.041999996,0.007348469,0.13800001,0.008062257,0.297,0.0028284274,0.11200002,0.0061644143,0.045000017,0.0061644143,-0.30499998,0.0028284274,-0.01699999,0.0028284274,0.872503278193744,0.1381229338347137,7.455955,12366768.0,120.42338,2.0
2M19461996+5107396,4764.502,3.657,2.968,0.006,-0.121,0.001,-0.062,0.00244949,0.020999998,0.00244949,0.283,0.003,0.07,0.0014142137,-0.027000003,0.00244949,-0.030999996,0.00244949,0.256,0.0014142137,0.185,0.0014142137,0.6215371780320241,0.10141560840628402,4.183475,12367827.0,257.95813,2.0
2M19140572+5123376,4981.987,2.044,3.029,0.003,-0.005,0.001,-0.06,0.00244949,-0.19500001,0.00244949,0.387,0.00244949,0.114,0.0014142137,0.04,0.00244949,-0.0039999997,0.00244949,0.132,0.0014142137,0.275,0.0014142137,0.01783854273038397,0.05950942719358222,1.04193,12455203.0,610.5515,2.0
2M19154367+5124490,4827.668,1.972,2.736,0.004,-0.318,0.001,0.06399998,0.00244949,-0.03400001,0.00244949,0.22599998,0.00244949,0.26999998,0.0014142137,0.044,0.00244949,0.102999985,0.00244949,-0.41099998,0.0014142137,0.18599999,0.0014142137,0.5468807140283362,0.05590396108139899,3.522741,12506130.0,546.632,2.0
2M19162285+5139076,4920.478,4.995,2.63,0.009,-0.528,0.002,0.17699999,0.0046904157,-0.08700001,0.0053851646,0.306,0.0053851646,0.388,0.0022360682,0.141,0.0046904157,0.28,0.0046904157,-0.07800001,0.0028284274,0.118,0.0028284274,0.5421065665141586,0.08956201565193418,3.484228,12600075.0,280.01328,2.0
2M07383872-6757217,4753.457,2.273,2.74,0.004,0.015,0.001,-0.018,0.0017320508,-0.133,0.0017320508,0.249,0.00244949,0.147,0.0014142137,-0.0009999992,0.0017320508,-0.07,0.0017320508,0.11,0.0014142137,0.077,0.0014142137,0.4666710316745424,0.04537251321764695,2.928674,,382.84668,2.0
2M04491626-7127066,4962.325,3.917,3.01,0.006,-0.253,0.001,0.107999995,0.003,-0.08000001,0.003,0.37,0.0037416576,0.318,0.0014142137,0.10599999,0.003,0.041999996,0.003,-0.072,0.0014142137,0.319,0.0014142137,-0.330814264547687,0.025639950514948592,0.466859,,326.7962,2.0
2M06230003-6910200,4920.401,4.993,2.819,0.008,-0.153,0.001,0.004999995,0.003,-0.122999996,0.003,0.368,0.003,0.24599999,0.0014142137,0.0119999945,0.003,-0.022,0.003,0.078999996,0.0014142137,0.08,0.0014142137,0.2119693365703115,0.054164420243176706,1.629181,,231.12875,2.0
2M07110880-6102187,4601.768,0.992,2.602,0.002,-0.012,0.001,0.021,0.0017320508,-0.0069999993,0.0017320508,0.145,0.00244949,0.302,0.0014142137,0.007999999,0.0017320508,0.028,0.0017320508,-0.022000002,0.0014142137,-0.023,0.0014142137,-0.355697333474735,0.008726042436633247,0.440862,,633.7779,2.0
2M07402191-6113501,5092.524,3.107,3.255,0.004,-0.154,0.001,-0.08499999,0.00244949,0.146,0.00244949,0.23300001,0.00244949,0.074,0.0014142137,0.023000002,0.00244949,0.023000002,0.00244949,0.722,0.0014142137,0.089999996,0.0014142137,-0.06983166911601923,0.07917565008413914,0.851468,,432.19913,2.0
2M04232912-7127296,4389.302,0.7,2.367,0.003,-0.274,0.001,0.25599998,0.0017320508,0.18399999,0.0017320508,0.36699998,0.00244949,0.406,0.0014142137,0.13799998,0.0017320508,0.22399999,0.0017320508,0.32799998,0.0014142137,-0.15900001,0.0014142137,1.1768770261380896,0.10668918390494572,15.027164,,541.96875,2.0
2M07295112-6132552,4981.468,2.425,2.837,0.004,-0.09,0.001,-0.048999995,0.00244949,-0.19600001,0.00244949,0.358,0.00244949,0.208,0.0014142137,0.016000003,0.00244949,-0.065,0.00244949,0.156,0.0014142137,0.16,0.0014142137,0.0020657951384213578,0.12411220199630421,1.004768,,511.82074,2.0
2M04592613-5818214,4991.791,2.939,2.939,0.004,-0.089,0.001,-0.045,0.00244949,-0.189,0.00244949,0.347,0.00244949,0.148,0.0014142137,0.052,0.00244949,-0.030999996,0.00244949,0.068,0.0014142137,0.086,0.0014142137,-0.008997776594157375,0.11511633682309892,0.979495,,422.47662,2.0
2M06374962-6014512,4941.558,3.495,2.483,0.007,-0.607,0.002,0.231,0.0041231057,0.089999974,0.0057445625,0.089999974,0.0057445625,0.368,0.0022360682,0.088,0.0041231057,0.301,0.0041231057,-0.25,0.0028284274,0.01999998,0.0028284274,1.1212329991590289,0.1473038860307144,13.220047,,394.3127,2.0
2M06315922-6322026,4423.285,0.848,2.453,0.003,-0.376,0.001,0.282,0.0017320508,0.14999999,0.0017320508,0.14499998,0.00244949,0.415,0.0014142137,0.16799998,0.0017320508,0.26799998,0.0017320508,-0.333,0.0014142137,-0.148,0.0014142137,0.9815425907732431,0.13889005077207578,9.583907,,468.96823,2.0
2M06103236-6541248,4605.279,1.23,2.641,0.003,0.063,0.001,-0.041,0.0017320508,-0.034,0.0017320508,0.26000002,0.0017320508,0.171,0.0014142137,-0.036,0.0017320508,-0.035,0.0017320508,0.047,0.0014142137,0.109000005,0.0014142137,0.1457900851577263,0.12242093635022683,1.398911,,520.16705,2.0
2M07332861-7441431,4856.042,2.25,2.381,0.004,-0.622,0.002,0.22499996,0.0030000003,0.10699999,0.0045825755,0.11799997,0.0054772254,0.408,0.0022360682,0.09399998,0.0030000003,0.34899998,0.0030000003,-0.241,0.0028284274,0.19899997,0.0022360682,0.8435821293354275,0.13215940202355667,6.975609,,538.3664,2.0
2M05304989-7113073,4936.052,4.773,2.656,0.008,-0.293,0.001,0.028000027,0.003,-0.12699997,0.0037416576,0.31300002,0.0037416576,0.272,0.0014142137,0.026000023,0.003,0.08200002,0.003,0.106000006,0.0014142137,0.252,0.0014142137,0.2675075311963478,0.05398154367307804,1.851431,,263.52997,2.0
2M06251211-7614059,4494.057,0.614,2.504,0.002,-0.568,0.001,0.347,0.00244949,0.13000003,0.00244949,0.14200002,0.0033166248,0.39500004,0.0014142137,0.25300002,0.0017320508,0.26600003,0.00244949,-0.241,0.0022360682,-0.17499995,0.0022360682,1.096453659889264,0.1448247823726493,12.486872,,784.6679,2.0
2M05164159-5627358,4691.42,1.035,2.811,0.002,0.026,0.001,-0.032,0.0017320508,-0.162,0.0017320508,0.395,0.00244949,0.239,0.0014142137,-0.013,0.0017320508,-0.067,0.0017320508,-0.094000004,0.0014142137,0.139,0.0014142137,0.601395555631215,0.11770442467386939,3.993885,,787.02167,2.0
2M04373395-6338140,4782.709,3.522,2.766,0.006,-0.231,0.001,0.053000003,0.003,-0.12900001,0.003,0.271,0.003,0.21900001,0.0014142137,0.046000004,0.003,0.006000012,0.00244949,0.033000007,0.0014142137,-0.039000005,0.0014142137,-0.3239688515895007,0.0925488723685781,0.474276,,282.83795,2.0
2M06245769-7706027,5019.98,2.237,2.951,0.003,-0.03,0.001,0.024,0.0017320508,0.086,0.0017320508,0.489,0.0017320508,0.125,0.0014142137,0.06,0.0017320508,0.033999998,0.0017320508,1.012,0.0014142137,-0.907,0.0014142137,0.06120019835414762,0.06945280601060036,1.151331,,484.01038,2.0
2M04542537-6611059,4783.636,1.771,2.495,0.004,-0.322,0.001,0.085999995,0.00244949,-0.037,0.00244949,0.17,0.00244949,0.319,0.0014142137,0.044999987,0.00244949,0.095,0.00244949,-0.110000014,0.0014142137,0.069000006,0.0014142137,-0.07341783136193197,0.13861494584106923,0.844466,,542.3361,2.0
2M05090543-5610336,4756.896,1.365,2.753,0.002,0.025,0.001,-0.023,0.0017320508,-0.142,0.0017320508,0.41099998,0.00244949,0.227,0.0014142137,-0.029000001,0.0017320508,-0.049000002,0.0017320508,-0.15200001,0.0014142137,0.075,0.0014142137,0.4183301328200006,0.07924767828975221,2.620174,,629.83124,2.0
2M05480232-6122036,4389.121,1.239,2.347,0.005,-0.381,0.001,0.269,0.0017320508,0.13300002,0.0017320508,0.13900001,0.00244949,0.352,0.0014142137,0.127,0.0017320508,0.22700001,0.0017320508,-0.19299999,0.0014142137,-0.19399998,0.0014142137,1.180792810888006,0.1049299561778841,15.163268,,313.78,2.0
2M05295350-7328134,4936.086,2.271,2.9,0.003,0.054,0.001,-0.04,0.0017320508,-0.23400001,0.0017320508,0.49500003,0.00244949,0.182,0.0014142137,-0.019000001,0.0017320508,-0.04,0.0017320508,0.06299999,0.0014142137,0.138,0.0014142137,0.05983254406705894,0.10729396439150572,1.147711,,469.6633,2.0
2M05190132-5701503,4895.097,1.823,2.922,0.003,0.109,0.001,-0.087,0.0017320508,-0.227,0.0017320508,0.327,0.00244949,0.139,0.0014142137,-0.0040000007,0.0017320508,-0.099999994,0.0017320508,0.109,0.0014142137,0.14,0.0014142137,0.06753541794829379,0.05276891580236986,1.168249,,554.977,2.0
2M06210791-6014238,4793.294,1.412,3.014,0.002,0.032,0.001,-0.034,0.0017320508,-0.063,0.0017320508,0.32,0.00244949,0.218,0.0014142137,0.016999997,0.0017320508,-0.048,0.0017320508,0.06999999,0.0014142137,0.055999998,0.0014142137,0.26911933245984887,0.06352396523263894,1.858315,,660.5963,2.0
2M06410028-6113540,4841.606,3.449,2.626,0.006,-0.195,0.001,-0.012000009,0.003,-0.144,0.003,0.20799999,0.003,0.232,0.0014142137,0.012999997,0.003,0.08699999,0.003,0.08099999,0.0014142137,-0.127,0.0014142137,-0.3818755160370012,0.021233265156981148,0.415073,,304.66156,2.0
2M07125499-6041165,4691.244,1.099,2.615,0.002,-0.088,0.001,0.024999999,0.0017320508,0.012999997,0.0017320508,0.17199999,0.00244949,0.187,0.0014142137,-0.0069999993,0.0017320508,0.023000002,0.0017320508,-0.19,0.0014142137,-0.117,0.0014142137,1.067667963133988,0.1455856384519595,11.686056,,674.02484,2.0
2M06035066-5923427,4744.919,1.807,2.691,0.003,-0.008,0.001,-0.066,0.0017320508,-0.129,0.0017320508,0.267,0.00244949,0.171,0.0014142137,-0.026999999,0.0017320508,-0.063,0.0017320508,0.034,0.0014142137,-0.024999999,0.0014142137,0.3906460108763914,0.04554021756355296,2.458363,,477.16226,2.0
2M06194916-7122505,4722.209,1.583,2.644,0.003,-0.076,0.001,-0.024000004,0.0017320508,-0.078,0.0017320508,0.201,0.00244949,0.22,0.0014142137,-0.039000005,0.0017320508,0.020999998,0.0017320508,0.164,0.0014142137,0.275,0.0014142137,0.6960830554845848,0.07669485156974279,4.966873,,532.57025,2.0
2M05135106-6428084,5029.991,2.339,2.92,0.003,-0.221,0.001,0.0119999945,0.00244949,-0.145,0.0033166248,0.311,0.0033166248,0.27899998,0.0014142137,0.024000004,0.00244949,0.040000007,0.00244949,0.081,0.0014142137,-0.13000001,0.0014142137,-0.0511226657280634,0.06763429993525533,0.88895,,622.91797,2.0
2M06165168-7648066,4515.257,1.327,2.579,0.003,0.228,0.001,0.0059999973,0.0017320508,0.047000006,0.0017320508,0.30800003,0.0017320508,0.103,0.0014142137,-0.040999994,,0.018000007,0.0017320508,-0.196,0.0014142137,-0.031000003,0.0014142137,0.8154459126361757,0.13422485166667808,6.538015,,340.50763,2.0
2M06441372-5703147,4906.768,4.723,2.624,0.008,-0.183,0.001,0.0,0.003,-0.315,0.003,0.42000002,0.0037416576,0.284,0.0014142137,0.029,0.003,0.103,0.003,-0.074,0.0014142137,-0.287,0.0014142137,0.37777144746876795,0.07966695260959152,2.386555,,247.90392,2.0
2M05470176-6527270,4795.713,1.343,2.65,0.002,-0.158,0.001,-0.027999997,0.0017320508,-0.13599999,0.00244949,0.264,0.00244949,0.245,0.0014142137,0.015000001,0.0017320508,0.002000004,0.0017320508,0.134,0.0014142137,0.12200001,0.0014142137,1.255418789449363,0.00678989729997567,18.006064,,742.7586,2.0
2M05541144-5425279,4888.643,2.701,2.907,0.004,-0.107,0.001,-0.036000006,0.0017320508,-0.117000006,0.00244949,0.289,0.00244949,0.24200001,0.0014142137,0.027000003,0.0017320508,0.049000002,0.00244949,0.0050000027,0.0014142137,0.132,0.0014142137,0.08130157123404552,0.06872083435065159,1.205873,,406.76074,2.0
2M04172461-7525129,4680.444,1.407,2.482,0.003,-0.116,0.001,0.045999996,0.0017320508,-0.024000004,0.0017320508,0.21599999,0.00244949,0.25,0.0014142137,0.011,0.0017320508,0.066,0.0017320508,-0.153,0.0014142137,0.09199999,0.0014142137,0.9574441685580488,0.1468288842526196,9.066594,,551.4625,2.0
2M05273711-7524100,5038.479,3.25,2.925,0.005,-0.072,0.001,-0.072,0.00244949,-0.112,0.00244949,0.326,0.00244949,0.20899999,0.0014142137,0.003999993,0.00244949,0.019999996,0.00244949,0.206,0.0014142137,0.133,0.0014142137,-0.0434474080826011,0.12388648487559024,0.9048,,416.9457,2.0
2M06552659-5720508,4838.645,1.647,2.77,0.003,-0.051,0.001,-0.008000001,0.0017320508,-0.117,0.0017320508,0.329,0.00244949,0.229,0.0014142137,0.004999999,0.0017320508,0.0029999986,0.0017320508,0.055,0.0014142137,0.057,0.0014142137,0.23587322063602573,0.026579932598570777,1.721366,,606.96387,2.0
2M06244563-6531260,4621.332,2.081,2.313,0.006,-0.346,0.001,0.24399999,0.0017320508,0.10799998,0.0017320508,0.19099998,0.00244949,0.38399997,0.0014142137,0.12399998,0.0017320508,0.251,0.0017320508,-0.09100002,0.0014142137,-0.14400002,0.0014142137,-0.3751539970707754,0.02862263625047053,0.421547,,324.03485,2.0
2M04364524-6657221,4864.86,1.541,2.758,0.003,-0.189,0.001,0.025999993,0.00244949,-0.024000004,0.00244949,0.183,0.00244949,0.18599999,0.0014142137,0.056999996,0.00244949,0.03899999,0.00244949,0.227,0.0014142137,-0.292,0.0014142137,0.4362431351890969,0.06820038673776113,2.730506,,672.7862,2.0
2M05563690-5535001,5039.011,2.156,2.983,0.003,-0.022,0.001,-0.089,0.00244949,-0.155,0.00244949,0.328,0.00244949,0.172,0.0014142137,0.01,0.00244949,-0.068,0.00244949,0.233,0.0014142137,0.077,0.0014142137,-0.03225972257738663,0.07458933384343704,0.928411,,589.9246,2.0
2M06210374-5902580,4705.397,1.211,2.587,0.002,,,,,,,,,,,,,,,,,,,0.47886852099622246,0.0879864407758053,3.012094,,671.30896,2.0
2M06371428-6746161,4767.321,0.72,2.761,0.001,0.093,0.001,-0.029,,-0.207,,0.48400003,,0.211,0.0014142137,-0.0040000007,,-0.039,,-0.20300001,0.0014142137,0.13800001,0.0014142137,0.26598836716259044,0.031593916894733426,1.844966,,1175.7345,2.0
2M05563673-7710335,4987.375,1.794,2.854,0.003,-0.115,0.001,-0.05799999,0.00244949,-0.164,0.00244949,0.374,0.00244949,0.17300001,0.0014142137,0.0069999993,0.00244949,0.030000001,0.00244949,0.051,0.0014142137,0.193,0.0014142137,-0.005776580570074031,0.040998414512653084,0.986787,,707.61475,2.0
2M07070700-6926571,4496.699,1.886,2.634,0.006,-0.266,0.001,0.255,0.00244949,0.124,0.00244949,0.11,0.003,0.409,0.0014142137,0.134,0.00244949,0.214,0.00244949,-0.16299999,0.0014142137,-0.037999988,0.0014142137,1.1646451922387495,0.0832338272415703,14.609831,,243.95879,2.0
2M05463619-6355143,5081.706,5.476,2.959,0.008,-0.18,0.001,-0.072999984,0.003,-0.125,0.0037416576,0.24200001,0.0037416576,0.17500001,0.0014142137,0.030000001,0.003,-0.06799999,0.003,0.325,0.0014142137,0.227,0.0014142137,0.41005139755045195,0.10241887685833201,2.5707,,271.11337,2.0
2M06503881-5812435,4820.425,1.453,2.683,0.002,-0.04,0.001,-0.045,0.0017320508,-0.208,0.00244949,0.27899998,0.00244949,0.206,0.0014142137,-0.0020000003,0.0017320508,-0.030000001,0.0017320508,0.056,0.0014142137,0.053,0.0014142137,0.24769125144948534,0.03025205483133866,1.768851,,686.6827,2.0
2M04553903-7544408,4753.999,1.475,2.642,0.003,-0.049,0.001,-0.041000005,0.0017320508,-0.16600001,0.00244949,0.221,0.00244949,0.219,0.0014142137,-0.0050000027,0.0017320508,-0.015000004,0.0017320508,0.016999997,0.0014142137,0.053,0.0014142137,0.4971542060073812,0.12224309246037864,3.141624,,600.31946,2.0
2M06561919-6212422,4955.297,2.026,2.943,0.003,0.033,0.001,-0.036,0.0017320508,-0.225,0.00244949,0.472,0.00244949,0.24700001,0.0014142137,-0.029,0.0017320508,-0.049000002,0.0017320508,0.037,0.0014142137,0.062,0.0014142137,0.06333073140588112,0.08832146790812531,1.156993,,574.2077,2.0
2M04215507-6935054,4825.772,3.317,2.963,0.005,-0.416,0.002,-0.018999994,0.0034641016,0.034999996,0.0041231057,0.11900002,0.0041231057,0.16,0.0028284274,0.07100001,0.0034641016,0.034999996,0.0034641016,0.046000004,0.0028284274,0.008000016,0.0028284274,0.5181799311369829,0.12807418833842094,3.297463,,373.70364,2.0
2M07380585-7033164,4880.65,2.718,2.741,0.005,-0.169,0.001,-0.045,0.00244949,-0.13100001,0.00244949,0.20899999,0.00244949,0.17,0.0014142137,0.019999996,0.00244949,0.003999993,0.00244949,0.25599998,0.0014142137,0.241,0.0014142137,0.26520356006635615,0.038608460730383806,1.841635,,399.71167,2.0
2M07271834-6700515,5077.485,2.577,2.714,0.004,-0.059,0.001,-0.048,0.00244949,-1.322,0.009110434,0.74,0.011090536,0.25599998,0.0014142137,0.013,0.00244949,-0.085999995,0.00244949,0.235,0.0014142137,0.099,0.0014142137,-0.3546101565625303,0.02220078700364542,0.441967,,549.2805,2.0
2M06412266-7119027,4896.792,2.163,2.987,0.003,0.153,0.001,-0.024999991,0.0017320508,-0.184,0.0017320508,0.513,0.0017320508,0.211,0.0014142137,-0.029,0.0017320508,-0.066999994,0.0017320508,-0.038999997,0.0014142137,0.15900001,0.0014142137,-0.064670619733357,0.05954288046631477,0.861647,,450.90863,2.0
2M05550216-6742524,4657.014,1.412,2.732,0.003,0.08,0.001,-0.034999996,0.0017320508,-0.016999997,0.0017320508,0.29500002,0.0017320508,0.196,0.0014142137,-0.074,0.0017320508,-0.016999997,0.0017320508,-0.31599998,0.0014142137,0.288,0.0014142137,0.19839560695536815,0.14787942062776332,1.579049,,485.85513,2.0
2M05192321-6504038,4544.573,1.34,2.616,0.004,-0.308,0.001,0.163,0.0017320508,0.055999994,0.0017320508,0.117,0.00244949,0.342,0.0014142137,0.082,0.0017320508,0.12799999,0.0017320508,0.03999999,0.0014142137,-0.08000001,0.0014142137,1.084312439867576,0.1493946506465827,12.142621,,429.87814,2.0
2M05420685-6346042,4867.807,3.618,2.746,0.006,-0.185,0.001,-0.048999995,0.003,-0.224,0.003,0.244,0.0037416576,0.136,0.0014142137,0.013999999,0.003,0.020999998,0.003,0.202,0.0014142137,0.165,0.0014142137,-0.3507683715266499,0.039926118201678074,0.445894,,307.31577,2.0
2M07042658-6806526,4771.156,2.461,2.566,0.005,-0.169,0.001,0.012999997,0.0017320508,-0.073,0.0017320508,0.253,0.00244949,0.231,0.0014142137,0.018000007,0.0017320508,0.041999996,0.0017320508,-0.033999994,0.0014142137,0.098,0.0014142137,1.2790164981028826,0.01672804863977654,19.011505,,371.37704,2.0
2M06105380-6608140,4631.021,1.456,2.555,0.003,0.034,0.001,-0.0030000024,0.0017320508,-0.047000002,0.0017320508,0.29299998,0.0017320508,0.206,0.0014142137,-0.0020000003,0.0017320508,0.009,0.0017320508,-0.103,0.0014142137,0.088,0.0014142137,0.27228357231911005,0.14524136929566767,1.871904,,464.75168,2.0
2M07494718-6757371,4860.535,0.978,2.632,0.002,-0.192,0.001,-0.033999994,,-0.15,,0.167,,0.288,0.0014142137,0.074,,-0.010000005,,0.185,0.0014142137,-0.054999992,0.0014142137,0.3065909928368692,0.04770879800067867,2.025774,,1094.022,2.0
2M05470569-6249018,4817.613,5.046,2.75,0.009,-0.178,0.001,0.034999996,0.0037416576,-0.022,0.0037416576,0.172,0.0037416576,0.2,0.0014142137,-0.0109999925,0.0037416576,0.020999998,0.0037416576,0.049999997,0.0014142137,-0.092999995,0.0014142137,0.5456542895194538,0.08919208715712239,3.512807,,195.25381,2.0
2M05533953-5557091,4638.934,1.869,2.448,0.005,-0.309,0.001,0.23799998,0.0017320508,0.09999998,0.00244949,0.12299998,0.00244949,0.399,0.0014142137,0.07799998,0.0017320508,0.29999998,0.0017320508,-0.008000016,0.0014142137,0.007999986,0.0014142137,0.047240200342391785,0.1285226699767065,1.114911,,379.82852,2.0
2M05103973-6017556,4941.031,1.792,2.66,0.003,-0.454,0.001,0.002000004,0.00244949,-0.16799998,0.0033166248,0.341,0.004242641,0.273,0.0014142137,0.032000005,0.00244949,0.055000007,0.00244949,0.004000008,0.0014142137,0.23799999,0.0014142137,0.2786216925456921,0.05284305694063258,1.899423,,794.33307,2.0
2M05495536-6324338,4767.124,3.5,2.659,0.006,-0.114,0.001,0.016999997,0.00244949,-0.033,0.00244949,0.334,0.003,0.221,0.0014142137,-0.042000003,0.00244949,0.023000002,0.00244949,0.168,0.0014142137,-0.11799999,0.0014142137,0.48362637458284774,0.07658268786095515,3.045274,,250.12045,2.0
2M04231902-6703014,4772.859,1.548,2.602,0.003,-0.191,0.001,0.016000003,0.0017320508,-0.06500001,0.0017320508,0.365,0.00244949,0.282,0.0014142137,0.025999993,0.0017320508,0.040000007,0.0017320508,0.389,0.0014142137,-0.33500004,0.0014142137,0.29252919213957423,0.13034594098850627,1.961233,,623.473,2.0
2M06170001-7252302,4595.976,1.166,2.663,0.002,0.093,0.001,-0.027000003,0.0017320508,0.0019999966,0.0017320508,0.30900002,0.0017320508,0.16499999,0.0014142137,-0.037,0.0017320508,-0.010000005,0.0017320508,-0.15200001,0.0014142137,0.109000005,0.0014142137,0.1499740053904126,0.09505431363786253,1.412453,,505.08502,2.0
2M07352172-6514296,5005.799,1.587,2.923,0.002,-0.044,0.001,-0.098000005,0.0017320508,-0.057000004,0.0017320508,0.385,0.00244949,0.17,0.0014142137,-0.029,0.0017320508,-0.127,0.0017320508,0.24,0.0014142137,0.094,0.0014142137,-0.0120688604847994,0.08951371130601744,0.972593,,748.6568,2.0
2M06070318-6129038,5045.888,2.591,2.534,0.005,-0.311,0.001,0.22,0.00244949,0.09199999,0.00244949,0.325,0.0033166248,0.24999999,0.0014142137,-0.019000024,0.00244949,0.211,0.00244949,-1.128,0.0014142137,0.13599999,0.0014142137,-0.3878659523865196,0.012050622435934669,0.409387,,463.43683,2.0
2M07430508-6221537,4949.987,3.447,3.011,0.005,-0.014,0.001,-0.078,0.003,-0.154,0.003,0.24599999,0.003,0.212,0.0014142137,0.012,0.003,-0.033,0.003,0.179,0.0014142137,0.0010000002,0.0014142137,0.10002435029794422,0.14175378981556383,1.258996,,343.75638,2.0
2M06583895-7545316,4698.636,1.517,2.436,0.003,-0.202,0.001,0.060000002,0.0017320508,0.010000005,0.0017320508,0.146,0.00244949,0.29900002,0.0014142137,0.024000004,0.0017320508,0.113000005,0.0017320508,-0.09899999,0.0014142137,-0.39,0.0014142137,0.13940519519598357,0.0038042255278269,1.378495,,531.0397,2.0
2M06562123-6828526,4765.452,2.836,2.577,0.005,-0.083,0.001,-0.067999996,0.0017320508,-0.258,0.00244949,0.222,0.00244949,0.25599998,0.0014142137,-0.048,0.0017320508,-0.002000004,0.0017320508,0.133,0.0014142137,-0.028000005,0.0014142137,-0.34244318000553664,0.06436678321367531,0.454524,,333.65622,2.0
2M07095245-5906205,4757.503,1.694,2.592,0.003,-0.143,0.001,-0.0119999945,0.0017320508,-0.13499999,0.00244949,0.209,0.00244949,0.342,0.0014142137,0.046000004,0.0017320508,0.0069999993,0.0017320508,0.057000004,0.0014142137,-0.03899999,0.0014142137,0.6071863209278818,0.06438789807586563,4.047495,,534.3037,2.0
2M05072449-7622522,4881.523,1.88,2.791,0.003,-0.063,0.001,0.009,0.0017320508,-0.044,0.0017320508,0.391,0.00244949,0.17,0.0014142137,0.023000002,0.0017320508,0.0030000024,0.0017320508,0.169,0.0014142137,0.264,0.0014142137,0.3663101193999217,0.09486521973740192,2.324396,,526.6978,2.0
2M05475886-5822195,4455.195,0.95,2.573,0.002,0.248,0.001,-0.0029999912,,0.081,0.0017320508,0.26299998,0.0017320508,0.141,0.0014142137,-0.052,,0.031000018,0.0017320508,-0.185,0.0014142137,0.146,0.0014142137,0.0961561186923436,0.13115562351514004,1.247832,,411.93582,2.0
2M07231937-7235203,4845.393,1.905,2.621,0.003,-0.13,0.001,-0.07700001,0.0017320508,-0.16300002,0.00244949,0.278,0.00244949,0.22,0.0014142137,-0.012000009,0.0017320508,-0.013000011,0.0017320508,0.12699999,0.0014142137,0.212,0.0014142137,0.368295626501798,0.05049729517376922,2.335047,,544.5334,2.0
2M07231657-6907102,4666.285,2.355,2.749,0.004,0.014,0.001,-0.027,0.0017320508,-0.179,0.0017320508,0.27,0.00244949,0.177,0.0014142137,0.015999999,0.0017320508,-0.011,0.0017320508,0.067,0.0014142137,0.09,0.0014142137,0.3543967841201359,0.14427471392053237,2.261501,,315.50488,2.0
2M06034024-7304151,4906.826,3.247,2.746,0.005,-0.106,0.001,0.016999997,0.003,-0.299,0.003,0.43400002,0.003,0.266,0.0014142137,0.015000001,0.003,-0.013999999,0.003,0.011,0.0014142137,0.114,0.0014142137,0.2756137578044305,0.06264844094657042,1.886313,,349.9545,2.0
2M06314327-6750547,4902.133,1.359,2.35,0.003,-0.682,0.002,0.29999998,0.0037416574,0.06699997,0.0054772254,0.09099996,0.007348469,0.415,0.0022360682,0.13499999,0.0037416574,0.45,0.0030000003,-0.22400004,0.0028284274,-0.06400001,0.0028284274,-0.3093370828237052,0.11512951253654173,0.490527,,945.1573,2.0
2M05372723-6347260,4614.293,3.023,2.726,0.006,0.068,0.001,0.0009999946,0.00244949,0.025999993,0.00244949,0.27899998,0.00244949,0.151,0.0014142137,-0.0040000007,0.00244949,0.004999995,0.00244949,0.004999995,0.0014142137,0.26200002,0.0014142137,0.6495904913795664,0.13676756279984123,4.462626,,212.56422,2.0
2M03580051+2223476,4714.085,1.514,2.656,0.003,0.043,0.001,-0.040000003,0.0017320508,-0.067,0.0017320508,0.24300002,0.0017320508,,,-0.013000002,0.0017320508,-0.028,0.0017320508,-0.188,0.0014142137,-0.08,0.0014142137,0.4957389633094948,0.047942589294970625,3.131403,,511.50198,2.0
2M13303506-1051390,4677.285,1.141,2.642,0.002,0.041,0.001,0.034,0.0017320508,-0.022000002,0.0017320508,0.258,0.0017320508,0.215,0.0014142137,-0.009,0.0017320508,0.034999996,0.0017320508,-0.034,0.0014142137,0.229,0.0014142137,0.5085458784653222,0.10886616920638262,3.22512,,630.3757,2.0
2M13300617-1309321,4433.08,1.017,2.572,0.003,0.32,0.001,-0.016000003,,0.027999997,0.0017320508,0.265,0.0017320508,0.116,0.0014142137,-0.023000002,,-0.034999996,,-0.20199999,0.0014142137,0.13500002,0.0014142137,0.9608373709008778,0.0703220317312863,9.13771,,362.90967,2.0
2M17203902-2442170,4934.745,1.215,2.938,0.002,-0.06,0.001,-0.067,0.00244949,-0.181,0.00244949,0.306,0.00244949,0.157,0.0014142137,0.018999998,0.00244949,-0.043,0.00244949,-0.299,0.0014142137,0.386,0.0014142137,0.011427910726291044,0.11505897864658483,1.026663,,935.3533,2.0
2M13525022-1743313,4697.43,2.774,2.538,0.006,-0.089,0.001,0.002000004,0.00244949,-0.055999994,0.00244949,0.207,0.003,0.20300001,0.0014142137,0.009000003,0.00244949,0.054,0.00244949,-0.325,0.0014142137,0.315,0.0014142137,0.9133710700727864,0.1164120964709751,8.191644,,276.52557,2.0
2M08275022+2038000,4880.977,10.913,2.527,0.021,-0.446,0.002,0.043000013,0.0067082043,-0.032999992,0.008062257,0.073000014,0.008062257,0.37300003,0.0028284274,0.02700001,0.0067082043,0.171,0.0067082043,-0.50399995,0.0036055513,-0.19799998,0.0036055513,1.1485118999857276,0.11100640923875772,14.077058,,124.31537,2.0
2M03295892+2224138,4881.575,2.637,2.654,0.005,-0.232,0.001,0.044,0.00244949,-0.110000014,0.00244949,0.269,0.00244949,0.274,0.0014142137,0.032999992,0.00244949,0.012999997,0.00244949,-0.12400001,0.0014142137,0.362,0.0014142137,0.14249051856719144,0.11685715856775453,1.388323,,387.52625,2.0
2M13501057-1040283,4676.395,3.723,2.521,0.008,-0.191,0.001,0.103,0.00244949,0.008000001,0.003,0.143,0.003,0.206,0.0014142137,0.047999993,0.00244949,0.107,0.00244949,0.045,0.0014142137,0.166,0.0014142137,1.1191100989494775,0.10162063626292325,13.155582999999998,,215.8574,2.0
2M08144896+1253549,5090.191,7.547,2.938,0.011,-0.428,0.002,0.043000013,0.0046904157,-0.164,0.0053851646,0.441,0.0053851646,0.231,0.0022360682,0.07500002,0.0046904157,0.10100001,0.0046904157,-0.888,0.0028284274,-0.013999999,0.0028284274,0.07981196248498122,0.041589844555374365,1.201744,,231.69832,2.0
2M11593185-0250446,4725.023,4.325,2.558,0.009,-0.161,0.001,0.045,0.0033166248,-0.010000005,0.0037416576,0.077,0.0037416576,0.234,0.0014142137,0.030000001,0.0033166248,0.15799999,0.0037416576,-0.081,0.0014142137,0.089,0.0014142137,1.1640615428314127,0.09404115752639082,14.59021,,192.0977,2.0
2M08285788+2142152,4896.945,7.847,2.539,0.015,-0.439,0.002,0.053000003,0.0053851646,-0.034999996,0.006,0.17700002,0.006,0.324,0.0028284274,0.02000001,0.0053851646,0.143,0.0053851646,0.07500002,0.0028284274,0.12200001,0.0028284274,0.2644043383894056,0.12932485172746097,1.838249,,156.10594,2.0
2M16553541-2529167,4513.916,3.513,2.502,0.012,-0.396,0.002,0.24599999,0.0041231057,0.074,0.0041231057,0.116,0.0053851646,0.398,0.0028284274,0.13,0.0041231057,0.262,0.0041231057,-0.354,0.0028284274,0.037999988,0.0028284274,1.1474122980521304,0.10730674300826326,14.041460999999998,,143.36795,2.0
2M04010445+1332030,4670.125,2.716,2.495,0.006,-0.329,0.001,0.04699999,0.00244949,0.15799999,0.00244949,0.199,0.00244949,0.203,0.0014142137,0.08,0.00244949,0.05399999,0.00244949,-0.137,0.0014142137,-0.23000002,0.0014142137,0.2325059192027189,0.1374048842891058,1.708071,,265.38806,2.0
2M01132579+0738555,4822.949,3.516,2.695,0.007,-0.508,0.001,0.08500001,0.003,-0.08199996,0.0037416576,0.231,0.004582576,0.321,0.0014142137,0.08000001,0.003,0.14400002,0.003,-0.09799999,0.0014142137,-0.12599999,0.0014142137,0.7813444310292338,0.1286368655870742,6.044278,,336.26337,2.0
2M03534517+1110452,4737.004,2.454,2.621,0.005,-0.087,0.001,0.007999994,0.0017320508,-0.023000002,0.0017320508,0.127,0.00244949,0.16999999,0.0014142137,-0.026,0.0017320508,-0.061000004,0.0017320508,-0.126,0.0014142137,0.21599999,0.0014142137,1.124309531196077,0.1231156190915625,13.31403,,343.54773,2.0
2M09052782+1429342,4567.043,2.654,2.635,0.005,0.158,0.001,-0.013000011,0.00244949,0.0019999892,0.00244949,0.28899997,0.00244949,,,-0.022,0.00244949,-0.025000006,0.00244949,-0.229,0.0014142137,0.128,0.0014142137,0.15213478496361907,0.09284858906779238,1.419498,,210.1161,2.0
2M13450584-0851247,4965.002,3.628,2.705,0.006,-0.398,0.001,0.227,0.003,-0.06799999,0.0037416576,0.487,0.0037416576,0.424,0.0014142137,0.165,0.003,0.197,0.003,-0.20899999,0.0014142137,0.283,0.0014142137,0.148511961688173,0.021892643083725287,1.407706,,346.7062,2.0
2M01332831+0544267,4898.928,9.35,2.351,0.017,-0.581,0.002,0.09199998,0.0067082043,-0.04400003,0.008062257,0.14199996,0.009643651,0.35599998,0.0028284274,0.015999973,0.0067082043,0.37399995,0.0061644143,-0.43800008,0.0028284274,0.047999978,0.0028284274,1.0408868719408535,0.11712300565453325,10.987196,,140.75464,2.0
2M22164693-0647190,4615.175,1.445,2.61,0.003,0.032,0.001,-0.018000001,0.0017320508,-0.020000001,0.0017320508,0.24199998,0.0017320508,0.17,0.0014142137,-0.031000001,0.0017320508,-0.030000001,0.0017320508,-0.186,0.0014142137,0.144,0.0014142137,0.1619938336915389,0.08191515835216857,1.452091,,454.03214,2.0
2M04274403+1829458,4772.695,2.447,2.699,0.004,-0.019,0.001,-0.045999996,0.0017320508,-0.13800001,0.0017320508,0.264,0.00244949,0.126,0.0014142137,-0.014,0.0017320508,-0.038999997,0.0017320508,0.041,0.0014142137,0.319,0.0014142137,0.31406029091559273,0.07300227259603922,2.060916,,344.04153,2.0
2M04461665+2338275,5099.461,4.433,2.916,0.006,-0.223,0.001,-0.00999999,0.003,-0.105000004,0.0037416576,0.30400002,0.0037416576,0.15900001,0.0014142137,0.07800001,0.003,0.039000005,0.003,0.25800002,0.0014142137,0.21700001,0.0014142137,-0.027215097205691388,0.09159177583157173,0.939258,,357.97302,2.0
2M00491230+1018200,4543.743,5.372,2.549,0.017,-0.473,0.003,0.262,0.0065574385,0.109,0.007071068,0.118,0.0083666,0.393,0.0036055513,0.153,0.0065574385,0.267,0.0065574385,-0.07100004,0.004242641,0.05399999,0.004242641,1.1613550331095615,0.09411358601721062,14.499567,,101.83545,2.0
2M18450167-2453490,4424.284,2.807,2.506,0.011,-0.237,0.002,0.27,0.0041231057,0.08,0.0041231057,0.05600001,0.0053851646,0.421,0.0028284274,0.234,0.0041231057,0.211,0.0041231057,-0.417,0.0028284274,-0.012999997,0.0028284274,1.215382568566586,0.07631960979369033,16.420355999999998,,135.02892,2.0
2M08412739+1857313,4848.374,8.918,2.659,0.017,-0.158,0.002,0.026000008,0.0061644143,0.07700001,0.0057445625,0.08200001,0.0061644143,0.2,0.0028284274,-0.025999993,0.0061644143,0.311,0.0061644143,0.124000005,0.0028284274,-1.383,0.0036055513,0.7339620253580487,0.07382742147503119,5.419535,,107.6183,2.0
2M12024408-0501114,4582.652,2.265,2.467,0.005,-0.164,0.001,0.045,0.00244949,0.02700001,0.00244949,0.116000004,0.003,0.303,0.0014142137,0.001000002,0.00244949,0.065000005,0.00244949,0.00500001,0.0014142137,-0.0029999912,0.0014142137,1.0999155039789212,0.134837897313378,12.586805,,281.4567,2.0
2M03464693+1739498,4840.09,4.671,2.437,0.009,-0.357,0.001,0.08699998,0.003,-0.025999993,0.003,0.189,0.0037416576,0.35,0.0014142137,0.092999995,0.003,-0.008000016,0.003,-0.08900002,0.0014142137,-0.060000002,0.0014142137,-0.09054560327979473,0.12262810056514575,0.81181,,234.95122,2.0
2M04270102+1746365,4858.318,2.59,2.705,0.005,-0.309,0.001,0.029999971,0.00244949,-0.036000013,0.00244949,0.18199998,0.0033166248,0.23499998,0.0014142137,0.059999987,0.00244949,0.0059999824,0.00244949,-0.032000005,0.0014142137,0.004999995,0.0014142137,0.787655827668381,0.13590820095839673,6.132758,,429.67322,2.0
2M04412400+2005229,4883.332,5.541,2.546,0.01,-0.377,0.001,0.09,0.0037416576,0.013000011,0.004358899,0.113000005,0.004358899,,,0.05399999,0.0037416576,0.074,0.0037416576,-0.19399998,0.0014142137,0.044,0.0014142137,1.0559330023071336,0.13527735300208601,11.374518,,213.15309,2.0
2M04322240+2141051,5052.925,4.212,2.929,0.006,-0.169,0.001,-0.022,0.003,-0.018999994,0.003,0.388,0.003,0.164,0.0014142137,0.032000005,0.003,0.020999998,0.003,0.093,0.0014142137,0.164,0.0014142137,-0.10187512978572581,0.07115753202832788,0.790906,,301.5461,2.0
2M08363034+1613420,4896.961,1.77,2.782,0.003,-0.154,0.001,0.015000001,0.0017320508,-0.13200001,0.00244949,0.38599998,0.00244949,0.226,0.0014142137,0.023000002,0.0017320508,0.010000005,0.0017320508,-0.16700001,0.0014142137,0.052,0.0014142137,0.19454098149369692,0.1300301980058354,1.5650959999999998,,642.8657,2.0
2M09024364+1256455,4902.759,3.706,2.603,0.007,-0.487,0.001,0.04699999,0.003,-0.021000028,0.0037416576,0.22299999,0.0037416576,0.30299997,0.0014142137,0.074,0.003,0.14499998,0.003,-0.04100001,0.0014142137,0.06799999,0.0014142137,0.7046146034043284,0.102666536139712,5.06541,,351.7388,2.0
2M04111952+2424060,5113.676,3.522,3.017,0.005,-0.158,0.001,-0.036999986,0.00244949,-0.149,0.0033166248,0.298,0.0033166248,0.15200001,0.0014142137,0.058000006,0.00244949,-0.058,0.00244949,0.11000001,0.0014142137,-0.31800002,0.0014142137,-0.04351605200289482,0.05255899502486989,0.904657,,443.01633,2.0
2M09082753+1338335,4696.022,3.915,2.692,0.008,-0.415,0.001,0.288,0.003,0.13999999,0.003,0.09199998,0.0037416576,,,0.16999999,0.003,0.33999997,0.003,-0.266,0.0022360682,-0.127,0.0014142137,0.7332582707673159,0.14393270699334443,5.41076,,209.50899,2.0
2M08433921+1253420,4827.447,3.13,2.611,0.006,-0.312,0.001,0.037,0.003,-0.102,0.003,0.22100002,0.0037416576,0.289,0.0014142137,0.043000013,0.003,0.09400001,0.003,-0.15599999,0.0014142137,0.023000002,0.0014142137,0.7947483362013437,0.12802558388613156,6.233735,,350.48544,2.0
2M13345275-1418401,4519.688,1.905,2.638,0.006,-0.324,0.001,0.273,0.00244949,0.11400001,0.003,0.095,0.0037416576,0.393,0.0014142137,0.198,0.00244949,0.277,0.00244949,-0.14899999,0.0014142137,-0.109,0.0014142137,1.0204534361264015,0.14001076053925912,10.482224,,273.71783,2.0
2M03500256+1343405,4774.276,2.467,2.679,0.005,-0.14,0.001,0.046000004,0.0017320508,-0.025999993,0.0017320508,0.19600001,0.00244949,0.269,0.0014142137,0.048,0.0017320508,0.042000003,0.0017320508,-0.085999995,0.0014142137,-0.045,0.0014142137,0.5770225543404911,0.05472436337936248,3.775918,,371.02145,2.0
2M09024364+1256455,4902.759,3.706,2.603,0.007,-0.487,0.001,0.04699999,0.003,-0.021000028,0.0037416576,0.22299999,0.0037416576,0.30299997,0.0014142137,0.074,0.003,0.14499998,0.003,-0.04100001,0.0014142137,0.06799999,0.0014142137,0.7270555353676963,0.08195461332922115,5.334031,,351.7388,2.0
2M03470814+1539381,4849.696,2.246,2.473,0.005,-0.417,0.001,0.044,0.00244949,-0.08899999,0.0033166248,0.249,0.0033166248,0.296,0.0014142137,0.07699999,0.00244949,0.177,0.00244949,-0.034999996,0.0014142137,-0.329,0.0014142137,0.6791639689055724,0.134959866518932,4.777096,,519.303,2.0
2M08421895+1101060,4838.485,3.036,2.757,0.005,-0.129,0.001,-0.009000003,0.00244949,-0.07900001,0.003,0.217,0.003,0.18699999,0.0014142137,0.03599999,0.00244949,0.013999991,0.00244949,0.03199999,0.0014142137,0.233,0.0014142137,0.26588431041657967,0.02726130706103318,1.844524,,324.9978,2.0
2M09052782+1429342,4567.043,2.654,2.635,0.005,0.158,0.001,-0.013000011,0.00244949,0.0019999892,0.00244949,0.28899997,0.00244949,,,-0.022,0.00244949,-0.025000006,0.00244949,-0.229,0.0014142137,0.128,0.0014142137,0.658373857390817,0.07315710179037865,4.553799,,210.1161,2.0
2M04565848+1755268,4842.172,3.466,2.64,0.006,-0.147,0.001,-0.023000002,0.00244949,-0.10900001,0.003,0.244,0.003,0.148,0.0014142137,0.034,0.00244949,-0.010000005,0.00244949,-0.117999986,0.0014142137,0.17300001,0.0014142137,0.2556639175258946,0.09298100601593408,1.801623,,279.74994,2.0
2M08294317+2236184,4515.152,1.131,2.421,0.004,-0.557,0.001,0.33699998,0.00244949,0.07499999,0.00244949,0.041999996,0.004242641,0.37799996,0.0014142137,0.21899998,0.00244949,0.33999997,0.00244949,-0.33900005,0.0022360682,-0.007000029,0.0014142137,1.0770940862591771,0.105130202398667,11.942468,,445.28537,2.0
2M18443057-2448014,4275.934,1.752,2.523,0.006,0.3,0.001,0.044999987,0.00244949,0.058999985,0.00244949,0.25800002,0.003,0.13599998,0.0014142137,0.016000003,0.00244949,0.03999999,0.00244949,-0.18200001,0.0014142137,-0.038000017,0.0014142137,1.1531124157273664,0.1154682087290352,14.22697,,152.5737,2.0
2M03504786+1851390,4810.544,3.787,2.645,0.007,-0.191,0.001,0.032000005,0.00244949,-0.0119999945,0.003,0.149,0.003,0.259,0.0014142137,0.078999996,0.003,-0.003000006,0.00244949,-0.100999996,0.0014142137,-0.20099999,0.0014142137,0.9204979002985912,0.13055966456820453,8.327179,,261.34186,2.0
2M09023584+1302133,4987.745,13.899,2.527,0.024,-0.553,0.002,0.07899997,0.007483315,0.0039999485,0.009433981,0.29099998,0.009433981,0.29099998,0.0028284274,0.06399998,0.007483315,-0.599,0.008717798,-0.11400002,0.0036055513,0.19499996,0.0028284274,0.8549509304370555,0.13741036468426088,7.160625,,116.04897,2.0
2M23175821-0102018,4705.393,5.472,2.461,0.012,-0.339,0.002,0.25399998,0.0041231057,0.10599999,0.0041231057,0.14199999,0.0046904157,0.348,0.0028284274,0.12599999,0.0041231057,0.269,0.0041231057,-0.468,0.0028284274,0.27499998,0.0028284274,0.9338073734647987,0.12656563228359383,8.586326,,152.7532,2.0
2M13541461-1102364,4949.489,13.19,2.444,0.025,-0.583,0.003,0.241,0.009110434,0.12600002,0.011789826,0.116,0.012569805,0.448,0.004242641,0.118,0.009110434,0.423,0.009110434,-0.23799998,0.004242641,0.298,0.004242641,1.2490224753338581,0.04757885345800272,17.742813,,102.06,2.0
2M13481839-0906057,4610.991,2.851,2.573,0.006,-0.185,0.001,0.212,0.00244949,0.167,0.00244949,0.131,0.003,0.282,0.0014142137,0.089,0.00244949,0.19600001,0.00244949,-0.21399999,0.0014142137,-0.030000001,0.0014142137,1.192430509122953,0.08028010131912057,15.575088,,207.44139,2.0
2M08504112+1552480,4744.626,1.994,2.622,0.004,-0.099,0.001,-0.024999999,0.0017320508,-0.048,0.0017320508,0.222,0.00244949,0.22999999,0.0014142137,0.018,0.0017320508,-0.043000005,0.0017320508,-0.0029999986,0.0014142137,0.023999996,0.0014142137,0.7082939078012763,0.06376291597194426,5.108505999999999,,429.52957,2.0
2M05000776+2219593,4883.879,8.871,2.659,0.016,-0.165,0.002,0.05200001,0.0061644143,-0.023999989,0.0061644143,0.20400001,0.0067082043,0.23200001,0.0028284274,0.04900001,0.0061644143,0.031000003,0.0061644143,-0.030999988,0.0028284274,-0.11999999,0.0028284274,0.4411192549071337,0.08618351773633147,2.761336,,120.077446,2.0
2M13470601-1114313,4662.495,2.69,2.66,0.005,0.016,0.001,0.0029999986,0.00244949,0.081,0.00244949,0.063999996,0.003,0.083,0.0014142137,-0.057000004,0.00244949,0.003999999,0.00244949,-0.252,0.0014142137,0.309,0.0014142137,1.2549142816050378,0.04115534687722186,17.985159,,258.94086,2.0
2M22184840-0431434,4833.448,6.759,2.464,0.015,-0.935,0.002,0.472,0.0053851646,0.296,0.008306623,0.13200003,0.011874342,0.887,0.0022360682,0.37300003,0.0053851646,0.705,0.0053851646,0.63699996,0.0022360682,-0.516,0.0028284274,0.6534766774837872,0.07709812178004616,4.502738,,193.74721,2.0
2M08291512+2201214,4583.216,0.578,2.66,0.001,0.147,0.001,-0.029,,0.066,,0.26599997,,,,-0.019999996,,-0.019999996,,-0.219,0.0014142137,0.24800001,0.0014142137,0.6898556015357317,0.06531434522990365,4.89616,,918.1126,2.0
2M12045181-0611567,4882.081,1.868,2.875,0.003,-0.284,0.001,0.009000003,0.00244949,-0.097,0.0033166248,0.215,0.0033166248,0.27,0.0014142137,0.04100001,0.00244949,0.119,0.00244949,0.06400001,0.0014142137,0.17300001,0.0014142137,0.16382513521221403,0.10092126525838614,1.458227,,640.2536,2.0
2M16591205-2836140,4723.998,5.634,2.722,0.01,0.038,0.002,0.0020000003,0.0037416574,0.001000002,0.0037416574,0.221,0.0041231057,0.22899999,0.0022360682,0.013,0.0037416574,0.014000002,0.0037416574,-0.067999996,0.0028284274,-0.031,0.0028284274,0.39338582713955883,0.11668885808275475,2.473921,,140.22356,2.0
2M03574398+2418464,4513.203,1.49,2.477,0.003,0.059,0.001,0.0020000003,0.0017320508,0.076000005,0.0017320508,0.26999998,0.0017320508,0.099999994,0.0014142137,-0.055,,-0.022,0.0017320508,0.28899997,0.0014142137,0.26700002,0.0014142137,1.123321543621307,0.13311080609312445,13.283776,,337.78616,2.0
2M05031926+2244128,5063.271,3.978,2.943,0.005,-0.035,0.001,-0.065,0.003,-0.351,0.003,0.451,0.003,0.129,0.0014142137,0.069000006,0.003,-0.09300001,0.003,0.291,0.0014142137,0.067,0.0014142137,-0.2571508022805447,0.12055256330523761,0.553158,,349.19714,2.0
2M08114513+1958069,4855.993,3.179,2.649,0.006,-0.274,0.001,0.017999977,0.003,-0.065,0.003,0.20299998,0.003,0.257,0.0014142137,0.05399999,0.003,0.037999988,0.003,-0.051,0.0014142137,-0.038000017,0.0014142137,0.384398400629149,0.1337333427944533,2.423251,,336.5143,2.0
2M04033247+1644520,4978.818,8.273,2.426,0.015,-0.698,0.002,0.18200004,0.0053851646,0.030000031,0.007483315,0.208,0.008306623,0.377,0.0028284274,0.13499999,0.0053851646,0.24900001,0.0053851646,-0.171,0.0028284274,0.17800003,0.0028284274,1.1258144222991422,0.09732303977938554,13.360245,,196.45026,2.0
2M04243852+1757006,4911.862,4.762,2.601,0.009,-0.39,0.001,0.075999975,0.003,-0.055000007,0.0037416576,0.20899999,0.0037416576,0.287,0.0014142137,0.06699997,0.003,0.07799998,0.003,0.013999999,0.0014142137,0.082999974,0.0014142137,0.7892646761680072,0.13255818326579477,6.155519,,257.2761,2.0
2M03565093+1430049,5019.709,2.626,3.052,0.004,-0.153,0.001,0.013999999,0.00244949,-0.139,0.00244949,0.34600002,0.00244949,0.164,0.0014142137,0.038999997,0.00244949,0.044,0.00244949,-0.042999998,0.0014142137,0.065,0.0014142137,-0.22534729284230975,0.03935412029135265,0.595186,,496.0178,2.0
2M03351810+2344573,4800.024,3.302,2.363,0.007,-0.432,0.001,0.056000024,0.003,-0.17700002,0.003,0.335,0.0037416576,0.264,0.0014142137,0.042000026,0.003,0.134,0.003,-0.06799999,0.0014142137,0.049000025,0.0014142137,-0.002470767573300473,0.14512501885048656,0.994327,,350.95856,2.0
2M16161134-2515519,4770.436,5.292,2.504,0.011,-0.23,0.001,0.038000003,0.0037416576,-0.03199999,0.0037416576,0.151,0.0037416576,0.26500002,0.0014142137,0.022,0.0037416576,0.111,0.0037416576,0.059,0.0014142137,0.08600001,0.0014142137,0.44771295318031135,0.1325715979527278,2.80358,,174.69373,2.0
2M13535023-1127382,4496.991,1.524,2.523,0.005,-0.311,0.001,0.23599999,0.0017320508,0.092999995,0.0017320508,0.12099999,0.00244949,0.41599998,0.0014142137,0.12599999,0.0017320508,0.182,0.0017320508,-0.241,0.0014142137,-0.043000013,0.0014142137,1.1933546021561685,0.08838685085982183,15.608264000000002,,322.25372,2.0
2M18491794-2549598,4518.009,2.905,2.587,0.006,0.206,0.001,-0.010000005,0.00244949,0.048000008,0.00244949,0.253,0.00244949,0.11899999,0.0014142137,-0.054000005,0.00244949,-0.068,0.00244949,-0.226,0.0014142137,0.592,0.0014142137,0.8407602440059245,0.08431735382598275,6.930431,,164.52797,2.0
2M08272484+1117470,4725.838,2.664,2.617,0.005,-0.156,0.001,0.002000004,0.00244949,-0.023000002,0.00244949,0.198,0.003,0.202,0.0014142137,0.036000006,0.00244949,0.034,0.00244949,-0.060000002,0.0014142137,0.176,0.0014142137,0.7521123958561134,0.07226260957304087,5.650832,,324.59103,2.0
2M04574880+2205410,4769.927,1.167,2.591,0.002,-0.202,0.001,-0.00999999,0.0017320508,-0.09199999,0.00244949,0.172,0.00244949,0.20300001,0.0014142137,0.061000004,0.0017320508,0.00500001,0.0017320508,0.03500001,0.0014142137,-0.325,0.0014142137,0.5463352136487156,0.14014472576511858,3.5183190000000004,,770.7997,2.0
2M08543804+2453168,4734.925,1.47,2.694,0.003,0.007,0.001,-0.019000001,0.0017320508,-0.094,0.0017320508,0.371,0.0017320508,0.122999996,0.0014142137,-0.018,0.0017320508,0.0,0.0017320508,-0.094,0.0014142137,0.137,0.0014142137,0.8226270508472133,0.09579152226275159,6.6470210000000005,,565.33136,2.0
2M22223223-0437155,4768.218,0.917,2.468,0.002,-0.27,0.001,-0.021999985,0.00244949,-0.17199999,0.00244949,0.20400001,0.00244949,0.257,0.0014142137,0.050000012,0.00244949,-0.0009999871,0.00244949,0.030000016,0.0014142137,0.10200001,0.0014142137,0.8075313751092501,0.09329792770600177,6.419946,,1080.1085,2.0
2M03580018+2528415,4987.494,3.181,2.924,0.005,-0.153,0.001,-0.029,0.00244949,0.15699999,0.00244949,0.334,0.00244949,,,0.037,0.00244949,-0.019999996,0.00244949,0.83,0.0014142137,-0.096,0.0014142137,-0.07929504611034278,0.08783084150408307,0.8331149999999999,,364.76752,2.0
2M13401980-1448105,4554.847,3.907,2.535,0.013,-0.639,0.002,0.338,0.0053851646,0.09499997,0.006,0.06300002,0.007483315,0.427,0.0028284274,0.22799999,0.0053851646,0.335,0.0053851646,-0.148,0.0028284274,0.151,0.0028284274,1.2291259890479882,0.06728409892952246,16.948294,,151.12488,2.0
2M09165020+2201004,4947.774,6.1,2.5,0.011,-0.618,0.002,0.18299997,0.0046904157,0.052999973,0.0061644143,0.116999984,0.0061644143,,,0.058999956,0.0046904157,0.37999997,0.0046904157,-0.263,0.0028284274,0.047999978,0.0028284274,0.9221362963623843,0.0923636035263489,8.358653,,225.99866,2.0
2M04095999+1236392,4377.436,0.51,2.358,0.002,-0.338,0.001,0.207,0.0017320508,0.089,0.0017320508,0.104,0.00244949,0.393,0.0014142137,0.111,0.0017320508,0.195,0.0017320508,-0.088,0.0014142137,0.21,0.0014142137,1.1228323026477882,0.13049706666616534,13.268820000000002,,732.7774,2.0
2M13164300-1226249,4608.601,1.134,2.503,0.003,-0.041,0.001,-0.0059999973,0.0017320508,-0.045999996,0.0017320508,0.13,0.00244949,0.146,0.0014142137,0.0030000024,0.0017320508,0.022000002,0.0017320508,-0.098,0.0014142137,0.0,0.0014142137,1.1340074381205354,0.11011973241111869,13.614679999999998,,588.15015,2.0
2M04073008+1900483,4953.318,14.569,2.416,0.026,-0.566,0.003,0.0069999695,0.009110434,-0.07200003,0.010344081,0.32999998,0.011045361,0.362,0.0036055513,0.055999994,0.009110434,0.025999963,0.009110434,-0.092999995,0.004242641,0.15699998,0.004242641,0.7317390099202478,0.1415867677905431,5.391865,,108.677284,2.0
2M08273147+1115136,4984.33,1.573,2.906,0.002,-0.064,0.001,-0.086,0.00244949,-0.13800001,0.00244949,0.284,0.00244949,0.135,0.0014142137,0.053000003,0.00244949,-0.07999999,0.00244949,0.19800001,0.0014142137,0.09900001,0.0014142137,-0.22699291319318277,0.10586850423998749,0.592935,,813.2118,2.0
2M04111561+2330003,4762.276,4.805,2.752,0.009,-0.395,0.001,0.08900002,0.0037416576,0.059000015,0.0037416576,0.073000014,0.004358899,0.238,0.0014142137,0.058,0.0037416576,0.122999996,0.0037416576,0.023000002,0.0014142137,-0.053000003,0.0014142137,0.7530965605145524,0.13459102266487435,5.663652,,219.68954,2.0
2M03573111+2240429,4932.799,3.626,2.769,0.006,-0.141,0.001,-0.030000001,0.003,-0.11399999,0.003,0.285,0.003,0.174,0.0014142137,0.018,0.003,0.011000007,0.003,0.112,0.0014142137,0.241,0.0014142137,0.09009644132768979,0.016096228802757295,1.230542,,315.2905,2.0
2M01122133+0948453,5120.108,15.562,2.568,0.025,-0.747,0.003,0.304,0.009110434,0.12799996,0.017720044,0.044999957,0.025179358,,,,,0.29899997,0.009110434,0.051,0.004242641,0.14999998,0.004242641,-0.5084338156246956,0.083907504199202,0.310146,,128.51917,2.0
2M13480723-1214065,4750.5,7.757,2.65,0.016,-0.514,0.002,0.116,0.0053851646,0.046000004,0.006,0.02000001,0.0067082043,0.291,0.0028284274,0.113000005,0.0053851646,0.178,0.0053851646,-0.047999978,0.0028284274,-0.023999989,0.0028284274,0.525557490356402,0.13181388500250016,3.353957,,116.17745,2.0
2M03474943+1454048,4859.363,5.278,2.454,0.01,-0.371,0.001,0.097,0.0037416576,-0.048999995,0.0037416576,0.25,0.004358899,0.297,0.0014142137,0.08199999,0.0037416576,0.025000006,0.0037416576,-0.11400002,0.0014142137,0.166,0.0014142137,0.36335659230270995,0.1356162655020929,2.308642,,219.34654,2.0
2M08273147+1115136,4984.33,1.573,2.906,0.002,-0.064,0.001,-0.086,0.00244949,-0.13800001,0.00244949,0.284,0.00244949,0.135,0.0014142137,0.053000003,0.00244949,-0.07999999,0.00244949,0.19800001,0.0014142137,0.09900001,0.0014142137,-0.141626445582638,0.12666531256156022,0.7217279999999999,,813.2118,2.0
2M10354716+0106392,4846.183,5.456,2.553,0.011,-0.435,0.002,0.221,0.0041231057,0.120000005,0.0046904157,0.14899999,0.0046904157,0.36900002,0.0022360682,0.146,0.0041231057,0.299,0.0041231057,-0.38700002,0.0028284274,0.053000003,0.0028284274,-0.03496536744389329,0.10811409380200232,0.922645,,195.93648,2.0
2M22214866-1112390,4636.557,1.113,2.563,0.002,0.027,0.001,-0.0030000005,0.0017320508,-0.037,0.0017320508,0.25599998,0.0017320508,0.212,0.0014142137,-0.026,0.0017320508,-0.016,0.0017320508,-0.183,0.0014142137,0.148,0.0014142137,0.25260354328360807,0.09113517388984223,1.788972,,598.927,2.0
2M04401332+2659422,4991.817,7.65,3.064,0.011,-0.082,0.002,-0.008000001,0.0041231057,-0.175,0.0046904157,0.324,0.0046904157,0.238,0.0022360682,0.064,0.0041231057,0.037,0.0041231057,-0.352,0.0028284274,-0.097,0.0028284274,0.939999556234937,0.003400357283317463,8.709627000000001,,173.77061,2.0
2M04150422+1318502,4552.129,3.425,2.513,0.009,-0.447,0.001,0.242,0.0033166248,0.327,0.0033166248,0.346,0.0037416576,0.371,0.0014142137,0.14699998,0.0033166248,0.25800002,0.0033166248,-0.26900002,0.0014142137,-0.24899998,0.0014142137,0.9171533624796798,0.1411821010590999,8.263297,,170.59016,2.0
2M04143148+2414404,5024.518,1.801,2.926,0.003,-0.03,0.001,-0.042999998,0.00244949,-0.16,0.00244949,0.373,0.00244949,0.206,0.0014142137,0.035,0.00244949,-0.060999997,0.00244949,0.093,0.0014142137,0.159,0.0014142137,-0.03140078816449372,0.08887371681641523,0.930249,,700.82056,2.0
2M08391923+1555073,4786.627,3.232,2.657,0.006,-0.201,0.001,0.004000008,0.00244949,0.004000008,0.00244949,0.172,0.003,0.22500001,0.0014142137,0.0,0.00244949,0.047000006,0.00244949,-0.024999991,0.0014142137,-0.19,0.0014142137,1.218997963702715,0.06697976802735764,16.557622,,282.42578,2.0
2M22255546-0434541,4747.653,2.326,2.596,0.004,-0.097,0.001,0.0069999993,0.0017320508,-0.085999995,0.0017320508,0.23900001,0.00244949,0.26,0.0014142137,0.027000003,0.0017320508,0.044000003,0.0017320508,-0.162,0.0014142137,0.122,0.0014142137,0.38685410351317817,0.10784777425851229,2.436992,,373.52487,2.0
2M13182146-1414281,4913.806,4.512,2.391,0.009,-0.575,0.001,0.092999995,0.003,-0.004000008,0.0037416576,0.24399999,0.004582576,0.243,0.0014142137,0.06099999,0.003,0.262,0.003,-0.34100002,0.0022360682,-0.026000023,0.0014142137,0.7751760819923222,0.12422836716192377,5.959037,,304.43326,2.0
2M00514245+0614526,4778.517,3.112,2.595,0.006,-0.168,0.001,0.03199999,0.00244949,-0.036,0.00244949,0.224,0.003,0.251,0.0014142137,0.058,0.00244949,0.085,0.00244949,-0.643,0.0014142137,0.166,0.0014142137,0.7341556684957752,0.06778874631960206,5.421952,,294.51135,2.0
2M00453141+0253275,4645.587,4.356,2.534,0.009,-0.109,0.001,0.124,0.0033166248,0.08,0.0033166248,0.13,0.0037416576,,,,,0.138,0.0033166248,-0.169,0.0014142137,-0.18599999,0.0014142137,1.0508594581824404,0.12021895656068043,11.242411,,156.46648,2.0
2M00453141+0253275,4645.587,4.356,2.534,0.009,-0.109,0.001,0.124,0.0033166248,0.08,0.0033166248,0.13,0.0037416576,,,,,0.138,0.0033166248,-0.169,0.0014142137,-0.18599999,0.0014142137,1.0508594581824404,0.12021895656068043,11.242411,,156.46648,2.0
2M23143249-0108253,4729.249,5.025,2.54,0.011,-0.432,0.002,0.26500002,0.0041231057,0.17300001,0.0041231057,0.09400001,0.0046904157,0.289,0.0022360682,0.21200001,0.0041231057,0.634,0.0041231057,0.044,0.0022360682,-0.684,0.0028284274,1.2582750200983452,0.03359746847638846,18.124875,,183.05661,2.0
2M22174647-1312064,4875.74,4.723,2.545,0.009,-0.427,0.001,0.051,0.003,-0.013000011,0.0037416576,0.162,0.0037416576,0.333,0.0014142137,0.023999989,0.003,0.109,0.003,-0.28900003,0.0014142137,0.18599999,0.0014142137,0.05644402620780975,0.14969053142788366,1.138791,,252.14548,2.0
2M04031108+2245273,4884.289,6.244,2.659,0.011,-0.267,0.001,0.034999996,0.0037416576,-0.095,0.004358899,0.255,0.004358899,0.301,0.0014142137,0.041999996,0.0037416576,0.11399999,0.0037416576,0.18399999,0.0014142137,0.21399999,0.0014142137,0.4967336180800444,0.046681236396538886,3.138583,,178.8427,2.0
2M00532944+0918390,4800.813,1.883,2.607,0.004,,,,,,,,,,,,,,,,,,,0.686040895782524,0.0633206935169757,4.853342,,542.3156,2.0
2M17214814-2429415,4535.238,1.098,2.608,0.003,0.116,0.001,-0.020999998,0.0017320508,-0.127,0.0017320508,0.49300003,0.0017320508,0.13000001,0.0014142137,-0.0069999993,0.0017320508,-0.038999997,0.0017320508,-0.073,0.0014142137,0.462,0.0014142137,1.2322845547143235,0.060892048708406026,17.072006,,435.717,2.0
2M08412739+1857313,4848.374,8.918,2.659,0.017,-0.158,0.002,0.026000008,0.0061644143,0.07700001,0.0057445625,0.08200001,0.0061644143,0.2,0.0028284274,-0.025999993,0.0061644143,0.311,0.0061644143,0.124000005,0.0028284274,-1.383,0.0036055513,0.7440681090495246,0.09612692929357831,5.547127,,107.6183,2.0
2M08441178+1943323,4573.693,1.708,2.477,0.004,0.007,0.001,-0.005,0.0017320508,-0.02,0.0017320508,0.144,0.0017320508,0.157,0.0014142137,-0.017,0.0017320508,0.02,0.0017320508,-0.176,0.0014142137,-0.091,0.0014142137,1.154001250963694,0.11305663995692561,14.256117,,347.15155,2.0
2M23152378-0743262,4746.902,4.739,2.504,0.01,-0.335,0.001,0.07800001,0.0037416576,0.081,0.0037416576,0.06800002,0.0037416576,0.29700002,0.0014142137,0.043000013,0.0037416576,0.158,0.0037416576,-0.229,0.0014142137,0.09200001,0.0014142137,0.0077665486728930935,0.14125286777647744,1.018044,,194.66048,2.0
2M23402872-0333453,4704.456,4.555,2.498,0.01,-0.305,0.001,0.23300001,0.0037416576,0.08400001,0.0037416576,0.136,0.004358899,0.39200002,0.0014142137,0.13700001,0.0037416576,0.261,0.0037416576,-0.34899998,0.0022360682,-0.021999985,0.0014142137,0.9273700550286434,0.13930105489892267,8.459994,,171.99353,2.0
2M22015248-1128287,4945.958,4.639,2.444,0.009,-0.393,0.001,0.16600001,0.003,0.14200002,0.0037416576,0.122999996,0.0037416576,0.19000001,0.0014142137,-0.009000003,0.003,0.178,0.003,-0.403,0.0014142137,0.14600001,0.0014142137,-0.2864649377033454,0.10059900204248035,0.517053,,236.4202,2.0
2M16104631-2520485,4898.229,5.023,2.463,0.011,-0.493,0.001,0.12200001,0.003,0.050000012,0.0037416576,0.19299999,0.0037416576,0.29000002,0.0014142137,0.08000001,0.003,0.17699999,0.003,0.004000008,0.0014142137,0.286,0.0014142137,-0.44869153677252344,0.06745046630642987,0.355884,,241.61838,2.0
2M16104631-2520485,4898.229,5.023,2.463,0.011,-0.493,0.001,0.12200001,0.003,0.050000012,0.0037416576,0.19299999,0.0037416576,0.29000002,0.0014142137,0.08000001,0.003,0.17699999,0.003,0.004000008,0.0014142137,0.286,0.0014142137,-0.44869153677252344,0.06745046630642987,0.355884,,241.61838,2.0
2M22303772-1619376,4850.278,5.99,2.56,0.012,-0.499,0.002,0.297,0.0041231057,0.199,0.0053851646,0.025000006,0.0053851646,0.388,0.0028284274,0.15900001,0.0041231057,0.372,0.0046904157,-0.59400004,0.0028284274,0.22500002,0.0028284274,0.8438310317610465,0.14324023116393791,6.979608,,185.02711,2.0
2M23025061-0452242,5241.681,12.753,2.028,0.021,-1.311,0.003,0.24699998,0.0083666,0.17400002,0.02204541,-0.003000021,0.13916177,0.21399999,0.004242641,0.204,0.0083666,0.32199997,0.00781025,-0.90699995,0.005830952,-0.083000064,0.004242641,0.2507914335961584,0.11993820340751082,1.781523,,211.84644,2.0
2M22201991-0834440,4951.416,4.435,2.514,0.008,-0.618,0.002,0.20299998,0.0041231057,0.08199996,0.0057445625,0.14299998,0.0066332496,0.35599998,0.0022360682,0.11199999,0.0041231057,0.39699996,0.0041231057,-0.15400004,0.0028284274,0.32499996,0.0022360682,1.2428388479679369,0.04067638420077562,17.491975,,330.48682,2.0
2M04063711+1940490,4729.768,6.195,2.551,0.012,-0.319,0.001,0.067,0.004242641,0.09400001,0.004242641,0.412,0.004582576,0.23500001,0.0014142137,0.05400002,0.004242641,0.029000014,0.004242641,0.989,0.0014142137,0.073,0.0014142137,0.5540084444249961,0.1265757501956751,3.581034,,137.0325,2.0
2M14023153-0932379,4904.11,6.735,2.404,0.013,-0.417,0.002,0.278,0.00489898,0.17,0.0053851646,0.13999999,0.006,0.315,0.0022360682,0.088,0.00489898,0.39499998,0.00489898,-1.006,0.0028284274,0.102,0.0028284274,0.2702494525134118,0.13573892205217358,1.863157,,138.46747,2.0
2M09044877+1336542,4836.302,4.456,2.668,0.008,-0.149,0.001,0.0,0.003,-0.16899998,0.003,0.297,0.003,0.192,0.0014142137,0.030000001,0.003,-0.058,0.003,0.052,0.0014142137,0.164,0.0014142137,0.46718603562585304,0.08430624254571047,2.9321490000000003,,237.2295,2.0
2M13284002-0245208,4944.644,4.801,2.518,0.009,-0.773,0.002,0.304,0.0041231057,0.030000031,0.0066332496,0.298,0.0075498344,0.476,0.0022360682,0.171,0.0041231057,0.481,0.0041231057,-0.26600003,0.0028284274,-0.24100006,0.0028284274,0.7510194507231162,0.13614190539030538,5.636629,,312.74222,2.0
2M13284002-0245208,4944.644,4.801,2.518,0.009,-0.773,0.002,0.304,0.0041231057,0.030000031,0.0066332496,0.298,0.0075498344,0.476,0.0022360682,0.171,0.0041231057,0.481,0.0041231057,-0.26600003,0.0028284274,-0.24100006,0.0028284274,0.7510194507231162,0.13614190539030538,5.636629,,312.74222,2.0
2M13305609-1142235,4859.097,10.921,2.555,0.021,-0.507,0.003,0.24700004,0.00781025,0.09100002,0.009,0.10700002,0.010440307,0.448,0.0036055513,0.11800003,0.00781025,0.29300004,0.00781025,-0.49499995,0.004242641,0.20700002,0.004242641,-0.35448439684415756,0.12140195616283517,0.4420949999999999,,103.32487,2.0
2M13524090-1648452,4666.722,7.278,2.655,0.017,-0.471,0.003,0.329,0.0065574385,0.16099998,0.0076811453,0.05699998,0.009110434,0.403,0.0036055513,0.218,0.0065574385,0.362,0.0065574385,-0.318,0.004242641,0.023999989,0.004242641,0.536562861242908,0.13197986649321783,3.440035,,109.2235,2.0
2M08384696+1458089,4834.805,9.307,2.399,0.019,-0.546,0.002,0.20199999,0.0067082043,0.136,0.007348469,0.11500001,0.008062257,0.433,0.0028284274,0.048999995,0.0067082043,0.329,0.0067082043,-0.25,0.0036055513,-0.24000001,0.0036055513,-0.09954274410544911,0.14932643088380693,0.795165,,121.55827,2.0
2M00484781+0557552,4734.613,1.745,2.549,0.004,-0.224,0.001,0.016000003,0.0017320508,-0.049999982,0.00244949,0.149,0.00244949,0.29900002,0.0014142137,-0.06299999,0.0017320508,0.017000005,0.0017320508,-0.12399998,0.0014142137,-0.88699996,0.0014142137,0.4581814112249001,0.12026290722070783,2.87198,,502.4071,2.0
2M18544463-2134580,4486.493,4.117,2.705,0.009,0.206,0.002,-0.010000005,0.0045825755,0.078999996,0.0045825755,0.12599999,0.00489898,0.095999986,0.0028284274,-0.026999995,0.0045825755,-0.009000003,0.0045825755,0.017000005,0.0028284274,0.21200001,0.0028284274,0.9660739775148108,0.1081420170206152,9.248557,,114.7894,2.0
2M13172879-1215179,4520.709,1.153,2.554,0.003,0.09,0.001,-0.003000006,0.0017320508,0.025999993,0.0017320508,0.11,0.0017320508,0.156,0.0014142137,-0.014000006,0.0017320508,0.0069999993,0.0017320508,-0.08800001,0.0014142137,0.234,0.0014142137,1.2173976821313428,0.06837400510587674,16.496723,,413.9539,2.0
2M08311525+2201456,4925.284,11.295,2.613,0.021,-0.395,0.002,0.072,0.0067082043,-0.119999975,0.007348469,0.245,0.008062257,0.333,0.0028284274,0.066000015,0.0067082043,0.116,0.0067082043,-0.08699998,0.0028284274,0.14600001,0.0028284274,0.31024540772699616,0.0412585625239016,2.042892,,112.428566,2.0
2M03372640+1720406,4894.653,9.849,2.591,0.018,-0.408,0.002,0.023000002,0.0061644143,-0.033000022,0.0067082043,0.15,0.007348469,0.24999999,0.0028284274,0.07099998,0.0061644143,-0.024000019,0.0061644143,-0.22000003,0.0028284274,0.17099999,0.0028284274,0.8949041223154872,0.11318760550400783,7.850623,,133.10928,2.0
2M17211040-2349583,5035.902,2.088,3.002,0.003,0.007,0.001,-0.128,0.00244949,-0.222,0.00244949,0.396,0.00244949,,,0.05,0.00244949,-0.148,0.00244949,0.174,0.0014142137,0.433,0.0014142137,0.04039384454490978,0.03923823515257218,1.097473,,669.22266,2.0
2M22182661-0512455,4508.374,2.304,2.554,0.008,-0.438,0.001,0.28899997,0.003,0.127,0.003,0.097,0.0037416576,0.434,0.0014142137,0.21,0.00244949,0.30299997,0.003,-0.75600004,0.0022360682,0.076000005,0.0014142137,0.977251064484141,0.14593409957658554,9.489669,,214.311,2.0
2M03402433+1907310,4701.512,2.535,2.423,0.006,-0.409,0.001,0.26500002,0.003,0.13300002,0.003,0.10500002,0.0037416576,0.43400002,0.0014142137,0.113000005,0.00244949,0.34100002,0.003,-0.279,0.0014142137,-0.04699999,0.0014142137,1.258526803692906,0.037019709389704565,18.135386,,325.60962,2.0
2M03565780+2455599,5164.548,8.031,2.429,0.013,-0.431,0.001,0.26,0.0037416576,-0.03400001,0.00591608,0.456,0.0050990195,0.184,0.0014142137,-0.05400002,0.004358899,0.144,0.004358899,-0.552,0.0022360682,0.16,0.0014142137,1.2851476639337065,0.009852303135657083,19.281804,,185.37943,2.0
2M17214954-2435493,4596.453,3.394,2.644,0.007,0.162,0.001,-0.025999993,0.00244949,-0.018999994,0.00244949,0.286,0.00244949,0.187,0.0014142137,0.010000005,0.00244949,-0.025999993,0.00244949,-0.39200002,0.0014142137,0.40100002,0.0014142137,0.1422605353640855,0.08786057415523704,1.3875879999999998,,170.8851,2.0
2M17025929-2134290,4700.762,8.057,2.45,0.019,-0.382,0.002,0.245,0.0061644143,0.14,0.0061644143,0.14,0.007348469,0.398,0.0028284274,0.156,0.0061644143,0.32,0.0061644143,-0.561,0.0036055513,-0.02700001,0.0028284274,1.2595071785560361,0.03733115679330348,18.176371,,101.87757,2.0
2M16500933-1849243,4850.322,1.356,2.878,0.002,0.086,0.001,-0.076000005,0.0017320508,-0.153,0.0017320508,0.359,0.00244949,0.169,0.0014142137,-0.024000004,0.0017320508,-0.064,0.0017320508,0.044999994,0.0014142137,0.271,0.0014142137,-0.2734357838377553,0.10909855599823352,0.5328,,717.0671,2.0
2M01032882+0918043,4911.481,7.714,2.693,0.014,-0.261,0.002,0.02700001,0.00489898,-0.06299999,0.0053851646,0.17300001,0.006,0.19800001,0.0028284274,0.043000013,0.00489898,0.002000004,0.00489898,0.25,0.0028284274,0.048000008,0.0028284274,0.290096299069155,0.0765247347515705,1.950277,,156.09111,2.0
2M04492087+2401553,5034.915,8.197,2.932,0.012,-0.163,0.001,-0.061000004,0.004582576,-0.18100001,0.0050990195,0.363,0.0050990195,0.107,0.0014142137,0.057000004,0.004582576,-0.001000002,0.004582576,0.139,0.0014142137,0.002000004,0.0014142137,-0.019130722292492876,0.08660850578254976,0.956906,,178.48273,2.0
2M23264685-0848585,4806.846,2.041,2.648,0.004,-0.227,0.001,0.027999997,0.0017320508,-0.039000005,0.00244949,0.24599999,0.00244949,0.27899998,0.0014142137,0.032000005,0.0017320508,0.034999996,0.0017320508,-0.05700001,0.0014142137,0.174,0.0014142137,0.6632737690584327,0.06140314088591635,4.605468,,495.29398,2.0
2M08392853+1436049,4833.625,2.457,2.621,0.005,-0.284,0.001,0.033000022,0.00244949,-0.0119999945,0.00244949,0.20700002,0.00244949,0.266,0.0014142137,0.02000001,0.00244949,0.066000015,0.00244949,-0.17999998,0.0014142137,-0.09199998,0.0014142137,0.785701745059975,0.10776705770761075,6.105226,,418.51636,2.0
2M23340754-0058171,4352.812,0.707,2.43,0.003,-0.27,0.001,0.26900002,0.0017320508,0.18200001,0.0017320508,0.13900001,0.00244949,0.35500002,0.0014142137,0.12300001,0.0017320508,0.22700001,0.0017320508,-0.211,0.0014142137,0.03400001,0.0014142137,0.9174013083888486,0.14627259873478762,8.268016000000001,,475.63214,2.0
2M13480723-1214065,4750.5,7.757,2.65,0.016,-0.514,0.002,0.116,0.0053851646,0.046000004,0.006,0.02000001,0.0067082043,0.291,0.0028284274,0.113000005,0.0053851646,0.178,0.0053851646,-0.047999978,0.0028284274,-0.023999989,0.0028284274,1.0166272929950204,0.1465515935459198,10.390281,,116.17745,2.0
2M13174633-0727212,4700.723,4.734,2.612,0.011,-0.602,0.002,0.208,0.0041231057,0.089999974,0.0046904157,0.047999978,0.0053851646,0.42000002,0.0022360682,0.15599999,0.0041231057,0.318,0.0041231057,-0.23799998,0.0028284274,0.303,0.0022360682,1.1348180637182375,0.11294843154065069,13.640116,,197.28452,2.0
2M13131032-1246552,4623.878,3.463,2.502,0.008,-0.176,0.001,0.2,0.00244949,0.1,0.00244949,0.175,0.003,0.30400002,0.0014142137,0.106,0.00244949,0.221,0.00244949,-0.292,0.0014142137,0.027999997,0.0014142137,1.2602872884352194,0.0367643138510668,18.20905,,193.33026,2.0
2M04014641+1708375,4671.998,2.638,2.601,0.005,-0.011,0.001,0.01,0.00244949,-0.0069999993,0.00244949,0.185,0.00244949,0.19299999,0.0014142137,0.006,0.00244949,0.047,0.00244949,-0.13499999,0.0014142137,0.14899999,0.0014142137,0.13999928751336235,0.0033994589012060887,1.380382,,274.95523,2.0
2M17133542-2426430,4590.982,4.436,2.559,0.011,-0.142,0.002,0.103,0.0037416574,0.127,0.0037416574,0.149,0.0041231057,0.21900001,0.0028284274,0.018000007,0.0037416574,0.146,0.0037416574,-0.11400001,0.0028284274,0.38700002,0.0028284274,-0.1347864287123663,0.11238576981316825,0.7331850000000001,,138.69809,2.0
2M03455189+1744392,5240.49,20.177,2.296,0.032,-1.023,0.003,0.08700001,0.010440307,-0.36399996,0.043840617,0.33200002,0.087418534,-0.02699995,0.004242641,0.22799999,0.009899495,0.21499997,0.010440307,-1.477,0.007615773,-1.3759999,0.007615773,-0.43599712553065034,0.05962601076452512,0.36644,,149.2447,2.0
2M12284563-0152316,4981.202,2.16,2.519,0.004,-0.701,0.002,0.29899997,0.0037416574,0.102999985,0.006403124,0.13599998,0.007348469,0.42,0.0022360682,,,0.34999996,0.0037416574,-0.24400002,0.0028284274,0.25599998,0.0022360682,-0.4500347500436329,0.07120319144300746,0.354785,,686.9562,2.0
2M03365346+1255337,4887.709,5.759,2.452,0.012,-0.629,0.002,0.30200002,0.0046904157,0.100000024,0.0053851646,0.120000005,0.0061644143,0.405,0.0022360682,0.17200002,0.0046904157,0.486,0.0046904157,-0.25800002,0.0028284274,-0.011999965,0.0028284274,-0.4314216594722334,0.07486669209410413,0.370321,,214.20885,2.0
2M04221136+1843475,4869.929,2.896,2.564,0.005,-0.376,0.001,0.058,0.00244949,-0.050000012,0.0033166248,0.20699999,0.0033166248,,,0.068999976,0.00244949,0.06799999,0.00244949,-0.095,0.0014142137,0.065999985,0.0014142137,0.9785375784685553,0.13481502521784663,9.517822,,405.20032,2.0
2M08441178+1943323,4573.693,1.708,2.477,0.004,0.007,0.001,-0.005,0.0017320508,-0.02,0.0017320508,0.144,0.0017320508,0.157,0.0014142137,-0.017,0.0017320508,0.02,0.0017320508,-0.176,0.0014142137,-0.091,0.0014142137,1.1004037708212113,0.14006317946663066,12.600964,,347.15155,2.0
2M04011051+1512023,4893.355,3.659,2.565,0.007,-0.376,0.001,0.02699998,0.003,-0.035000026,0.003,0.20599999,0.0037416576,0.288,0.0014142137,0.047999978,0.003,0.00999999,0.003,-0.02700001,0.0014142137,0.049999982,0.0014142137,-0.37657185846922314,0.08089538743840756,0.4201729999999999,,326.01456,2.0
2M04011051+1512023,4893.355,3.659,2.565,0.007,-0.376,0.001,0.02699998,0.003,-0.035000026,0.003,0.20599999,0.0037416576,0.288,0.0014142137,0.047999978,0.003,0.00999999,0.003,-0.02700001,0.0014142137,0.049999982,0.0014142137,-0.37657185846922314,0.08089538743840756,0.4201729999999999,,326.01456,2.0
2M04013546+1524483,4982.101,4.324,2.637,0.007,-0.354,0.001,0.088,0.003,-0.16300002,0.0037416576,0.355,0.0037416576,0.299,0.0014142137,0.07800001,0.003,0.142,0.003,-0.19100001,0.0014142137,0.316,0.0014142137,-0.18529902973586004,0.11533958250873982,0.6526810000000001,,302.0116,2.0
2M13165281-1326388,4644.037,2.079,2.582,0.005,-0.135,0.001,0.16600001,0.0017320508,0.10700001,0.0017320508,0.14,0.00244949,0.229,0.0014142137,0.038000003,0.0017320508,0.154,0.0017320508,-0.184,0.0014142137,0.20300001,0.0014142137,1.1222744139462981,0.13112729498121742,13.251786,,308.4353,2.0
2M13145846-0746016,4788.755,4.527,2.381,0.01,-0.518,0.001,0.3,0.0037416576,0.07500002,0.004358899,0.15,0.0050990195,0.402,0.0014142137,0.16,0.0037416576,0.352,0.0037416576,-0.503,0.0022360682,-0.18699998,0.0022360682,1.0835638180739158,0.1326492946040424,12.121708,,220.13281,2.0
2M04110162+2343526,4849.255,2.867,2.552,0.006,-0.309,0.001,0.072999984,0.003,-0.06500003,0.003,0.19199999,0.0037416576,0.288,0.0014142137,0.08499998,0.003,0.16399999,0.003,-0.157,0.0014142137,0.22799999,0.0014142137,0.39028936453494706,0.1411778630578584,2.456345,,367.37302,2.0
2M00575821+0837598,4816.075,7.399,2.454,0.015,-0.416,0.002,0.078999996,0.0053851646,0.002000004,0.006,0.171,0.006,0.333,0.0028284274,0.041999996,0.0053851646,0.18100001,0.0053851646,-0.07099998,0.0028284274,0.357,0.0028284274,0.804407153367506,0.13040844122939438,6.373928,,142.67004,2.0
2M00575821+0837598,4816.075,7.399,2.454,0.015,-0.416,0.002,0.078999996,0.0053851646,0.002000004,0.006,0.171,0.006,0.333,0.0028284274,0.041999996,0.0053851646,0.18100001,0.0053851646,-0.07099998,0.0028284274,0.357,0.0028284274,0.804407153367506,0.13040844122939438,6.373928,,142.67004,2.0
2M16103957-2602249,4605.048,0.998,2.51,0.002,0.033,0.001,-0.004999999,0.0017320508,0.07,0.0017320508,-0.026999999,0.00244949,0.102000006,0.0014142137,-0.057,0.0017320508,0.017,0.0017320508,-0.17500001,0.0014142137,0.16999999,0.0014142137,0.8488807881928224,0.09136471799815468,7.061236999999999,,573.0478,2.0
2M10435997+0738361,4665.271,1.818,2.629,0.004,-0.125,0.001,0.041,0.0017320508,0.037,0.0017320508,0.097,0.00244949,0.248,0.0014142137,0.001000002,0.0017320508,0.068,0.0017320508,0.149,0.0014142137,0.32700002,0.0014142137,0.7373180609300944,0.06895781887329837,5.461576999999999,,412.61588,2.0
2M16145184-2515477,4432.835,3.147,2.542,0.011,-0.287,0.002,0.21599999,0.0041231057,0.120000005,0.0041231057,0.102,0.0046904157,0.427,0.0028284274,0.135,0.0037416574,0.208,0.0041231057,0.0069999993,0.0028284274,-0.0009999871,0.0028284274,1.125143034959425,0.12492137449277471,13.339607,,130.67894,2.0
2M01180201+0151401,4911.992,11.514,2.605,0.021,-0.326,0.002,0.029000014,0.007483315,-0.06799999,0.007483315,0.229,0.008062257,0.28800002,0.0028284274,-0.060000002,0.007483315,0.055999994,0.007483315,0.229,0.0028284274,-0.19500002,0.0036055513,0.2644357590928258,0.11041390938966567,1.838382,,107.8803,2.0
2M10362768+0132222,4951.532,12.548,2.608,0.024,-1.001,0.003,0.18700004,0.0083666,0.02000004,0.025884358,-0.25399995,0.04747631,-0.0819999,0.004242641,0.11700004,0.0083666,0.42400002,0.00781025,-0.21799994,0.004242641,-0.32299995,0.004242641,0.9107770747110061,0.13751754753672984,8.142862,,148.13763,2.0
2M00405545+0504479,4876.732,10.965,2.44,0.021,-0.564,0.002,0.067,0.007483315,-0.0009999871,0.009433981,0.09200001,0.010198039,0.275,0.0028284274,0.062000036,0.007483315,0.279,0.007483315,-0.09899998,0.0036055513,0.282,0.0028284274,1.010808004444815,0.12038657783718042,10.251986,,119.953156,2.0
2M13470601-1114313,4662.495,2.69,2.66,0.005,0.016,0.001,0.0029999986,0.00244949,0.081,0.00244949,0.063999996,0.003,0.083,0.0014142137,-0.057000004,0.00244949,0.003999999,0.00244949,-0.252,0.0014142137,0.309,0.0014142137,0.5715865601192379,0.10824926371798552,3.72895,,258.94086,2.0
2M00482644+0207530,4647.862,1.485,2.781,0.002,-0.157,0.001,0.013000011,0.0017320508,0.105000004,0.0017320508,0.013000011,0.00244949,0.17400001,0.0014142137,0.0069999993,0.0017320508,-0.024999991,0.0017320508,0.051000006,0.0014142137,0.101,0.0014142137,0.49922849498340166,0.11948974645006462,3.1566650000000003,,546.85925,2.0
2M00482644+0207530,4647.862,1.485,2.781,0.002,-0.157,0.001,0.013000011,0.0017320508,0.105000004,0.0017320508,0.013000011,0.00244949,0.17400001,0.0014142137,0.0069999993,0.0017320508,-0.024999991,0.0017320508,0.051000006,0.0014142137,0.101,0.0014142137,0.49922849498340166,0.11948974645006462,3.1566650000000003,,546.85925,2.0
2M08193572+1940422,4729.552,4.101,2.595,0.008,-0.073,0.001,-0.04,0.00244949,-0.008000001,0.00244949,0.018999998,0.003,,,-0.052,0.00244949,-0.024000004,0.00244949,-0.028000005,0.0014142137,-0.072,0.0014142137,-0.33833683590285263,0.1286389716622954,0.458842,,201.43091,2.0
2M03535366+1133062,4825.186,1.787,2.657,0.003,-0.177,0.001,0.0,0.00244949,-0.103,0.00244949,0.171,0.00244949,0.235,0.0014142137,0.033999994,0.00244949,0.016000003,0.00244949,0.095,0.0014142137,0.115,0.0014142137,0.36046977160025323,0.041074197401706126,2.293347,,564.3752,2.0
2M10563360+0932323,4456.542,1.876,2.526,0.005,-0.7,0.002,0.065,0.00244949,0.15200001,0.0030000003,0.050000012,0.0037416574,0.06400001,0.0028284274,0.102999985,0.00244949,0.09499997,0.00244949,0.288,0.0028284274,0.32999998,0.0028284274,1.131505008019705,0.12990095131503054,13.536457,,339.4207,2.0
2M10563360+0932323,4456.542,1.876,2.526,0.005,-0.7,0.002,0.065,0.00244949,0.15200001,0.0030000003,0.050000012,0.0037416574,0.06400001,0.0028284274,0.102999985,0.00244949,0.09499997,0.00244949,0.288,0.0028284274,0.32999998,0.0028284274,1.131505008019705,0.12990095131503054,13.536457,,339.4207,2.0
2M23082854-0026445,4922.355,7.748,2.587,0.014,-0.527,0.002,0.23300001,0.0053851646,0.204,0.006,0.148,0.0067082043,0.328,0.0028284274,0.12800002,0.0053851646,0.13100001,0.0053851646,-0.394,0.0028284274,0.106000006,0.0028284274,0.9016847820615685,0.10950930405624887,7.974157000000001,,161.96693,2.0
2M03282505+1851378,5021.722,6.484,2.648,0.011,-0.606,0.002,0.18600002,0.0046904157,0.086000025,0.0069999998,0.08399999,0.007874008,0.326,0.0022360682,0.07800001,0.0046904157,0.18600002,0.0046904157,-0.15600002,0.0028284274,-0.14200002,0.0028284274,-0.43247724480779764,0.09976951196312706,0.369422,,262.5743,2.0
2M17023514-2131126,4828.102,6.146,2.622,0.011,-0.281,0.001,0.041999996,0.0037416576,-0.06800002,0.0037416576,0.276,0.004358899,0.234,0.0014142137,0.070999995,0.0037416576,0.051999986,0.0037416576,-0.019000024,0.0014142137,0.48499998,0.0014142137,0.5490455852731367,0.1273591665428097,3.540345,,180.90826,2.0
2M04564918+2213423,4669.925,1.265,2.517,0.003,-0.034,0.001,-0.063999996,0.0017320508,-0.16499999,0.0017320508,0.257,0.00244949,0.147,0.0014142137,0.017,0.0017320508,-0.044,0.0017320508,0.167,0.0014142137,-0.055,0.0014142137,0.0784970554943174,0.10613220902959561,1.198111,,607.4336,2.0
2M11285511+0419185,4947.493,6.766,2.405,0.012,-0.6,0.002,0.07000005,0.0046904157,0.0010000467,0.0053851646,0.17100003,0.0061644143,0.256,0.0022360682,0.049000025,0.0046904157,0.20900002,0.0046904157,-0.31799996,0.0028284274,-0.034999967,0.0028284274,-0.31302071997298797,0.14955927822993748,0.486384,,221.94774,2.0
2M12335797-0050349,4774.252,2.793,2.592,0.006,-0.371,0.001,0.23799999,0.003,0.18499999,0.003,0.113000005,0.003,,,0.09199998,0.00244949,0.24599999,0.003,-0.181,0.0014142137,-0.041999996,0.0014142137,0.9392566497146814,0.1422847296463405,8.694741,,312.17062,2.0
2M08155692+1417300,4883.482,2.014,2.597,0.004,-0.431,0.001,0.046000004,0.00244949,0.07099998,0.0033166248,-0.055999994,0.004242641,0.24,0.0014142137,0.025000006,0.00244949,0.062000006,0.00244949,0.0009999871,0.0014142137,-0.009000003,0.0014142137,1.1432695532766235,0.11948130615990189,13.908156,,608.3122,2.0
2M23334299-0425372,4712.311,7.395,2.446,0.018,-0.781,0.002,0.291,0.0067082043,0.110000014,0.008831761,-0.06699997,0.011357817,0.448,0.0028284274,0.22299999,0.0067082043,0.39400002,0.0067082043,-0.28900003,0.0036055513,-0.013000011,0.0028284274,1.2110137974676118,0.0833796977798058,16.256004,,134.08224,2.0
2M17004784-2750174,4921.987,8.269,2.394,0.016,-0.659,0.002,0.18699998,0.0053851646,0.09399998,0.0067082043,0.18999997,0.007483315,0.38199997,0.0022360682,0.07699996,0.0053851646,0.17099997,0.0053851646,-1.8410001,0.0036055513,0.13699996,0.0028284274,0.8878145444946199,0.1179993653918023,7.723507000000001,,173.34528,2.0
2M16522524-2442086,4933.149,1.641,2.963,0.002,0.076,0.001,-0.060999997,0.0017320508,-0.152,0.0017320508,0.355,0.00244949,0.13100001,0.0014142137,0.013000004,0.0017320508,-0.036,0.0017320508,0.045,0.0014142137,0.164,0.0014142137,-0.04239654355862328,0.09312801885776867,0.906992,,655.48645,2.0
2M16522524-2442086,4933.149,1.641,2.963,0.002,0.076,0.001,-0.060999997,0.0017320508,-0.152,0.0017320508,0.355,0.00244949,0.13100001,0.0014142137,0.013000004,0.0017320508,-0.036,0.0017320508,0.045,0.0014142137,0.164,0.0014142137,-0.04239654355862328,0.09312801885776867,0.906992,,655.48645,2.0
2M08511964+1546117,4971.577,13.082,2.595,0.023,-0.439,0.003,0.052000016,0.00781025,-0.018999994,0.009,0.16500002,0.0096953595,0.301,0.0036055513,0.003000021,0.00781025,0.0010000169,0.00781025,-0.48899996,0.004242641,-0.13599998,0.004242641,0.9473876920755513,0.14316682024464444,8.859061,,112.145966,2.0
2M10192228+0709568,4724.039,8.388,2.451,0.019,-0.4,0.002,0.235,0.0061644143,0.11399999,0.0067082043,0.143,0.007348469,0.348,0.0028284274,0.16700001,0.0061644143,0.36200002,0.0061644143,-0.23099998,0.0036055513,0.076000005,0.0028284274,1.2062063084046883,0.07608392766791841,16.077048,,102.12185,2.0
2M04055874+1554069,5262.9,5.413,2.866,0.008,-0.305,0.001,0.020999998,0.0037416576,-0.137,0.0054772254,0.34800002,0.0054772254,0.197,0.0014142137,0.07700001,0.0037416576,0.157,0.003,0.029000014,0.0014142137,0.23200001,0.0014142137,-0.1148837051533197,0.08614858276297094,0.767567,,350.5359,2.0
2M08511008+2504106,4930.311,5.323,2.606,0.01,-0.49,0.001,0.097,0.0037416576,-0.020999968,0.004358899,0.19500002,0.0050990195,0.334,0.0014142137,0.07000002,0.0037416576,0.171,0.0037416576,-0.15799999,0.0022360682,0.25800002,0.0014142137,0.9076871684218889,0.09758012129946735,8.085133,,251.75461,2.0
2M08130968+1338550,5048.933,3.46,3.019,0.005,-0.081,0.001,-0.053000003,0.003,-0.133,0.003,0.311,0.003,0.16,0.0014142137,0.046,0.003,-0.031000003,0.003,0.012000002,0.0014142137,-0.027000003,0.0014142137,-0.06867793113436314,0.06225223485903727,0.853733,,391.195,2.0
2M12074854-0028008,4733.841,2.773,2.558,0.006,-0.359,0.001,0.249,0.00244949,0.134,0.00244949,0.391,0.003,,,0.14999999,0.00244949,0.24399999,0.00244949,-0.24899998,0.0014142137,-0.10699999,0.0014142137,0.10053906004011579,0.12258753506238403,1.260489,,313.51657,2.0
2M10575627+0858496,4959.987,8.596,2.567,0.015,-0.657,0.002,0.287,0.0053851646,0.09200001,0.008306623,0.139,0.010954451,0.442,0.0028284274,0.092999995,0.0053851646,0.382,0.0053851646,-0.27999997,0.0028284274,0.14600003,0.0028284274,-0.23387801934849897,0.13082919508809795,0.583609,,169.33363,2.0
2M08255373+2159079,4419.311,0.513,2.418,0.002,-0.316,0.001,0.22200002,0.0017320508,0.11700001,0.0017320508,0.13900001,0.00244949,,,0.12600002,0.0017320508,0.18900001,0.0017320508,-0.21599999,0.0014142137,-0.119999975,0.0014142137,1.222089776959269,0.07130989344229634,16.675919,,800.9413,2.0
2M15554104-2240551,4598.22,4.946,2.516,0.012,-0.163,0.002,0.165,0.0045825755,0.1,0.00489898,0.24599999,0.0053851646,0.33200002,0.0028284274,0.098000005,0.0045825755,0.212,0.00489898,-0.35400003,0.0028284274,-0.468,0.0028284274,0.9585456797384259,0.11749125678292857,9.089619,,125.95274,2.0
2M12271964-0209003,5071.083,10.227,2.406,0.017,-0.804,0.002,0.26200002,0.0067082043,0.12800002,0.011357817,0.167,0.015000001,0.39200002,0.0028284274,,,0.37800002,0.0061644143,-0.536,0.0036055513,-0.5059999,0.0036055513,0.7953433843673614,0.12876319240475,6.242282,,190.21793,2.0
2M04224721+1827556,4557.726,0.818,2.61,0.002,0.07,0.001,-0.024,0.0017320508,0.031000003,0.0017320508,0.245,0.0017320508,,,0.001000002,0.0017320508,-0.013999999,0.0017320508,-0.099,0.0014142137,0.16800001,0.0014142137,0.8480910970625343,0.13267952439535927,7.048409,,674.11346,2.0
2M04010314+1555541,4550.881,2.659,2.42,0.007,-0.051,0.001,0.177,0.00244949,0.107999995,0.00244949,0.223,0.003,0.299,0.0014142137,0.062,0.00244949,0.182,0.00244949,-0.162,0.0014142137,0.213,0.0014142137,0.07847421848528237,0.10007476723435538,1.198048,,195.77246,2.0
2M22313747-1136060,4466.62,2.576,2.578,0.008,-0.199,0.001,0.219,0.0033166248,0.105000004,0.0033166248,0.151,0.0037416576,0.345,0.0014142137,0.1,0.0033166248,0.204,0.0033166248,-0.32099998,0.0014142137,-0.26,0.0014142137,1.164928449802968,0.10859336807061892,14.619363,,168.6682,2.0
2M08511461+2448419,4997.536,1.915,2.834,0.003,-0.344,0.001,0.026000023,0.00244949,-0.055999994,0.0033166248,0.18400002,0.004242641,0.20300001,0.0014142137,0.01700002,0.00244949,0.12100001,0.00244949,0.0,0.0014142137,0.21300001,0.0014142137,0.20881663323196473,0.04490729807473767,1.617397,,728.7058,2.0
2M17312528-2308578,4457.719,2.415,2.74,0.005,0.132,0.001,0.027999997,0.00244949,0.117,0.00244949,0.155,0.003,0.053000003,0.0014142137,0.042999998,0.00244949,0.033999994,0.00244949,0.11,0.0014142137,0.211,0.0014142137,-0.02726642446211097,0.08906915090492057,0.939147,,179.11116,2.0
2M13222838-1231575,4762.314,4.688,2.574,0.01,-0.219,0.001,0.004999995,0.0037416576,-0.08499999,0.0037416576,0.192,0.0037416576,0.263,0.0014142137,0.037,0.0037416576,0.127,0.0037416576,-0.114999995,0.0014142137,0.116,0.0014142137,0.8776216554343969,0.10353883676257686,7.544347,,197.3362,2.0
2M12420953-0135479,4669.709,2.06,2.469,0.005,-0.255,0.001,0.234,0.0017320508,0.104,0.0017320508,0.157,0.00244949,,,0.088,0.0017320508,0.205,0.0017320508,-0.16300002,0.0014142137,0.196,0.0014142137,-0.1429166911842725,0.1150306688775523,0.719587,,340.86545,2.0
2M08412970+1218433,4932.069,4.217,2.449,0.008,-0.543,0.001,0.048999995,0.0037416576,-0.055999994,0.004582576,0.153,0.0054772254,0.32,0.0014142137,0.068999976,0.0037416576,0.17999998,0.0037416576,-0.14100003,0.0022360682,-0.17000002,0.0022360682,-0.39058382679985104,0.0880784090950228,0.406833,,340.22604,2.0
2M23403091-1025501,4727.693,2.415,2.433,0.006,-0.8,0.002,0.21900004,0.0037416574,0.04100001,0.0054772254,-0.0059999824,0.006403124,0.374,0.0022360682,0.16299999,0.0037416574,0.269,0.0037416574,-0.085999966,0.0028284274,0.283,0.0022360682,1.008630741611286,0.14416014318531306,10.200718,,457.22803,2.0
2M08134024+2017070,4757.483,2.364,2.59,0.005,-0.226,0.001,0.072,0.0017320508,0.037,0.00244949,0.121999994,0.00244949,0.257,0.0014142137,-0.013999999,0.0017320508,0.102,0.0017320508,-0.37799996,0.0014142137,-0.06500001,0.0014142137,1.1389408157433165,0.10107764923312124,13.770218,,377.58246,2.0
2M08330992+2209080,4992.317,3.015,2.752,0.005,-0.382,0.001,0.062000006,0.00244949,-0.12899998,0.0033166248,0.34,0.0033166248,0.274,0.0014142137,0.065,0.00244949,0.149,0.00244949,-0.23599997,0.0014142137,-0.14199999,0.0014142137,0.18421173895205026,0.04125554757977666,1.528311,,483.3791,2.0
2M12090982+0032368,4729.483,0.605,2.713,0.001,-0.108,0.001,-0.027000003,,-0.028000005,,0.216,,0.156,0.0014142137,,,-0.009999998,,0.023000002,0.0014142137,0.25800002,0.0014142137,0.6965751411533819,0.064535540391659,4.972504,,1396.794,2.0
2M01104923+0907235,4784.066,3.911,2.511,0.008,-0.303,0.001,0.066,0.003,-0.032000005,0.003,0.19,0.003,0.321,0.0014142137,0.030999988,0.003,0.116,0.003,0.00999999,0.0014142137,-0.162,0.0014142137,0.543671662864555,0.09540263707932085,3.496807,,246.32841,2.0
2M11050941+0335054,4925.71,6.906,2.532,0.012,-0.555,0.002,0.08700001,0.0046904157,-0.003000021,0.0061644143,0.144,0.0061644143,0.321,0.0022360682,0.023000002,0.0046904157,0.16800001,0.0046904157,-0.15999997,0.0028284274,-0.065999985,0.0028284274,1.256175043924856,0.03487851998445526,18.037446,,201.86562,2.0
2M11050941+0335054,4925.71,6.906,2.532,0.012,-0.555,0.002,0.08700001,0.0046904157,-0.003000021,0.0061644143,0.144,0.0061644143,0.321,0.0022360682,0.023000002,0.0046904157,0.16800001,0.0046904157,-0.15999997,0.0028284274,-0.065999985,0.0028284274,1.256175043924856,0.03487851998445526,18.037446,,201.86562,2.0
2M10340482+0720217,4902.119,6.819,2.381,0.013,-0.495,0.002,0.12799999,0.0046904157,-0.120000005,0.0053851646,0.261,0.0061644143,0.423,0.0022360682,0.0150000155,0.0046904157,0.231,0.0046904157,-0.241,0.0028284274,0.289,0.0022360682,1.088150021353093,0.1418222722865827,12.250393,,190.08592,2.0
2M23311893-1055552,4613.333,2.995,2.433,0.007,-0.137,0.001,0.12099999,0.00244949,0.08099999,0.00244949,0.15799999,0.003,0.22799999,0.0014142137,0.021999992,0.00244949,0.176,0.00244949,-0.20700002,0.0014142137,0.066999994,0.0014142137,-0.11128316745855661,0.13851901892511753,0.773957,,221.37994,2.0
2M08544202+1141250,4678.337,5.337,2.548,0.012,-0.276,0.002,0.22299999,0.0041231057,0.15699999,0.0041231057,0.09799999,0.0046904157,0.36699998,0.0028284274,0.116,0.0041231057,0.32299998,0.0041231057,-0.266,0.0028284274,0.14799999,0.0028284274,1.049365037487236,0.1328138192949147,11.203792,,153.10686,2.0
2M08411942+1155074,4879.887,2.47,2.483,0.005,,,,,,,,,,,,,,,,,,,0.8373098449365751,0.14028713406087617,6.8755880000000005,,478.9274,2.0
2M16144390-2605133,4746.748,2.876,2.602,0.005,-0.162,0.001,0.030000001,0.00244949,-0.08400001,0.00244949,0.27,0.003,0.23300001,0.0014142137,-0.0109999925,0.00244949,0.069,0.00244949,-0.029,0.0014142137,0.065,0.0014142137,0.1199997566854372,0.0033998851916786695,1.318256,,317.28574,2.0
2M04262777+1744401,4638.059,2.135,2.656,0.004,0.082,0.001,-0.038000003,0.0017320508,-0.072000004,0.0017320508,0.175,0.0017320508,0.17799999,0.0014142137,-0.0029999986,0.0017320508,-0.018,0.0017320508,-0.119,0.0014142137,0.19899999,0.0014142137,0.7341909107514879,0.07612603055958134,5.422391999999999,,314.73877,2.0
2M01271503+0225171,4693.738,5.263,2.594,0.011,-0.375,0.002,0.23,0.0041231057,0.191,0.0041231057,0.137,0.0046904157,0.264,0.0028284274,0.13,0.0041231057,0.269,0.0041231057,-0.463,0.0028284274,0.248,0.0028284274,0.9632549233160725,0.1303579926272694,9.188718,,150.79553,2.0
2M17220951-2332017,4751.237,6.547,2.908,0.01,0.258,0.002,-0.057999983,0.0045825755,-0.12299998,0.00489898,0.369,0.00489898,,,0.06100002,0.00489898,-0.06399998,0.0045825755,-0.47499996,0.0028284274,0.54499996,0.0028284274,0.16180596948175455,0.11176269188978992,1.451463,,119.18915,2.0
2M16522524-2442086,4933.149,1.641,2.963,0.002,0.076,0.001,-0.060999997,0.0017320508,-0.152,0.0017320508,0.355,0.00244949,0.13100001,0.0014142137,0.013000004,0.0017320508,-0.036,0.0017320508,0.045,0.0014142137,0.164,0.0014142137,-0.2920791237216126,0.006124565411353227,0.510412,,655.48645,2.0
2M16522524-2442086,4933.149,1.641,2.963,0.002,0.076,0.001,-0.060999997,0.0017320508,-0.152,0.0017320508,0.355,0.00244949,0.13100001,0.0014142137,0.013000004,0.0017320508,-0.036,0.0017320508,0.045,0.0014142137,0.164,0.0014142137,-0.2920791237216126,0.006124565411353227,0.510412,,655.48645,2.0
2M03385516+2004059,4881.336,6.703,2.818,0.011,-0.487,0.002,0.058,0.0041231057,-0.065999985,0.0046904157,0.22799999,0.0053851646,0.16499999,0.0028284274,0.01999998,0.0041231057,0.14199999,0.0041231057,0.010999978,0.0028284274,0.178,0.0028284274,0.9660511083276087,0.1253399232532224,9.24807,,209.91786,2.0
2M05015730+2438098,4773.746,2.947,2.64,0.005,-0.1,0.001,0.013999999,0.00244949,-0.146,0.003,0.22,0.003,0.16,0.0014142137,0.061,0.00244949,0.019000001,0.00244949,0.13,0.0014142137,-0.106,0.0014142137,1.2134752285859027,0.06883965370946178,16.348399,,313.20285,2.0
2M13291263-0244318,4573.887,1.449,2.573,0.004,-0.197,0.001,0.214,0.0017320508,0.144,0.0017320508,0.134,0.00244949,0.32,0.0014142137,0.11,0.0017320508,0.204,0.0017320508,-0.197,0.0014142137,0.032999992,0.0014142137,1.0741185963630964,0.14287414609562354,11.860926,,384.06265,2.0
2M03585257+1900265,4859.686,5.305,2.538,0.01,-0.355,0.001,0.068999976,0.0037416576,-0.058,0.0037416576,0.21199998,0.004358899,0.28399998,0.0014142137,0.075999975,0.0037416576,0.18399999,0.0037416576,-0.28700003,0.0014142137,-0.009000003,0.0014142137,-0.3682752481373912,0.107045192944452,0.428277,,215.65277,2.0
2M18461718-2553125,4814.305,6.669,2.564,0.014,-0.378,0.002,0.217,0.00489898,0.161,0.00489898,0.212,0.0053851646,0.447,0.0028284274,0.175,0.00489898,0.24,0.00489898,-0.322,0.0028284274,0.06999999,0.0028284274,0.11709488986073324,0.011048827745408791,1.309468,,144.71852,2.0
2M23553699-0355471,4728.411,3.494,2.494,0.008,-0.479,0.001,0.252,0.003,0.16600001,0.003,0.125,0.0037416576,0.32700002,0.0014142137,0.095,0.003,0.337,0.003,-0.257,0.0022360682,-0.16,0.0014142137,0.2392864626130654,0.1441365207757142,1.734948,,259.57678,2.0
2M00490804+0155039,4902.188,2.027,2.573,0.004,-0.385,0.001,0.021999985,0.00244949,-0.013999999,0.0033166248,0.16499999,0.0033166248,0.29999998,0.0014142137,0.060000002,0.00244949,0.08499998,0.00244949,-0.116,0.0014142137,-0.07500002,0.0014142137,1.1115407830517325,0.04466083171659898,12.928281,,621.6515,2.0
2M13532802-1205210,4404.39,1.019,2.455,0.004,-0.209,0.001,0.162,0.0017320508,0.07900001,0.0017320508,0.14400001,0.00244949,,,0.07200001,0.0017320508,0.15200001,0.0017320508,-0.128,0.0014142137,0.185,0.0014142137,1.2137031492111479,0.07674209065502793,16.356981,,384.62122,2.0
2M10174139+0507251,4688.521,1.743,2.513,0.004,-0.102,0.001,0.036,0.0017320508,-0.033000007,0.0017320508,0.185,0.00244949,0.285,0.0014142137,-0.018,0.0017320508,-0.013999999,0.0017320508,-0.023000002,0.0014142137,-0.07800001,0.0014142137,0.9825124708983877,0.13601241356743682,9.605334,,455.9859,2.0
2M17124454-2436457,4653.33,2.502,2.719,0.005,0.103,0.001,-0.026,0.00244949,-0.023000002,0.00244949,0.361,0.00244949,0.22700001,0.0014142137,-0.001000002,0.00244949,-0.013999999,0.00244949,-0.118,0.0014142137,0.13599999,0.0014142137,1.179390911562717,0.08726604027397912,15.1144,,277.9026,2.0
2M18455372-2531437,4670.401,3.671,2.59,0.008,-0.239,0.001,0.189,0.00244949,0.152,0.00244949,0.13099998,0.003,0.332,0.0014142137,0.056999996,0.00244949,0.20899999,0.00244949,-0.13,0.0014142137,-0.29600003,0.0014142137,0.2383813594902906,0.14731013688158842,1.731336,,201.59969,2.0
2M04010393+2418161,4804.558,1.959,2.441,0.004,-0.424,0.001,0.218,0.00244949,0.078999996,0.00244949,0.207,0.0033166248,0.378,0.0014142137,0.148,0.00244949,0.30699998,0.00244949,-0.37000003,0.0014142137,-0.381,0.0014142137,0.7180394965118454,0.11043627955843309,5.224437,,495.40244,2.0
2M08183161+1600026,4839.757,2.002,2.64,0.004,-0.328,0.001,0.043000013,0.00244949,-0.0069999993,0.00244949,0.171,0.00244949,0.291,0.0014142137,0.045000017,0.00244949,0.15300001,0.00244949,-0.08899999,0.0014142137,-0.116,0.0014142137,0.31842899056993984,0.13996859081192337,2.081752,,517.9937,2.0
2M03515428+2231162,4941.511,4.565,2.495,0.008,-0.511,0.001,0.06799999,0.003,-0.049000025,0.0037416576,0.26299998,0.004582576,,,0.061999977,0.003,0.02699998,0.003,-0.08100003,0.0014142137,0.13799998,0.0014142137,1.2674417521339993,0.02382452208646232,18.511506,,315.90158,2.0
2M15570707-2233467,4614.563,1.807,2.62,0.004,0.004,0.001,0.033,0.0017320508,0.038,0.0017320508,0.136,0.0017320508,0.111999996,0.0014142137,0.024999999,0.0017320508,0.031999998,0.0017320508,-0.069,0.0014142137,0.12900001,0.0014142137,1.2012395752262743,0.08698058121097269,15.894232999999998,,363.45447,2.0
2M09082171+1431507,4700.605,6.721,2.658,0.013,-0.108,0.002,-0.0019999966,0.00489898,0.037,0.00489898,0.19800001,0.0053851646,0.255,0.0028284274,-0.044999994,0.00489898,-0.06499999,0.00489898,-0.035000004,0.0028284274,-0.08699999,0.0028284274,0.9694290062284164,0.12543390807214205,9.320281,,117.05064,2.0
2M09110495+1744380,4991.982,6.039,2.335,0.011,-0.769,0.002,0.213,0.0046904157,0.10799998,0.007874008,0.037999988,0.010630147,,,0.078999996,0.0046904157,0.20899999,0.0046904157,-0.15500003,0.0028284274,-0.31199998,0.0028284274,0.9724607456705961,0.14572401128213192,9.385572,,286.66275,2.0
2M03435081+2027529,4862.218,5.654,2.535,0.011,-0.437,0.001,0.048000008,0.0037416576,-0.020999998,0.004358899,0.185,0.004358899,0.274,0.0014142137,0.029000014,0.0037416576,0.15400001,0.0037416576,-0.164,0.0014142137,0.03400001,0.0014142137,0.8025321630347628,0.14363947001385655,6.346469,,214.66429,2.0
2M23181244-0209308,4791.149,2.766,2.529,0.006,-0.473,0.001,0.239,0.003,0.102999985,0.0037416576,0.10499999,0.0037416576,0.324,0.0014142137,0.12799999,0.003,0.27999997,0.003,-0.069000006,0.0014142137,0.315,0.0014142137,0.7498674341611007,0.10910255430913254,5.621697,,367.79367,2.0
2M13120896-1302318,4675.928,8.256,2.569,0.018,-0.5,0.003,0.229,0.007071068,0.097,0.0076811453,0.004999995,0.009110434,0.36699998,0.0036055513,0.162,0.0065574385,0.30400002,0.007071068,-0.100000024,0.004242641,-0.254,0.004242641,1.1695156142660166,0.08583535314021196,14.774596,,106.757645,2.0
2M04100852+1315381,5076.672,13.092,2.571,0.023,-0.629,0.002,0.23900002,0.007483315,0.25,0.010198039,0.102999985,0.012688577,0.323,0.0028284274,0.204,0.007483315,-0.598,0.008717798,-0.81899995,0.0036055513,0.22300002,0.0028284274,-0.28898280879350446,0.08333656456321274,0.5140640000000001,,125.76646,2.0
2M23383113-0839427,4862.199,10.2,2.397,0.021,-0.623,0.003,0.31200004,0.00781025,0.14700001,0.0096953595,0.116,0.010440307,0.40100002,0.0036055513,0.16700003,0.00781025,0.48000002,0.00781025,-0.48099995,0.004242641,-0.44599998,0.004242641,-0.06504174309539425,0.10308598708773445,0.8609110000000001,,116.0546,2.0
2M13153904-0805430,4833.746,5.175,2.656,0.011,-0.526,0.001,0.08900002,0.0037416576,0.015000045,0.0037416576,0.25000003,0.004358899,0.30200002,0.0014142137,0.022000015,0.0037416576,0.17400002,0.0037416576,-0.010999978,0.0014142137,0.16100001,0.0014142137,0.4794512083076193,0.13278104628187742,3.016138,,227.34892,2.0
2M11044719+0310302,4846.955,4.673,2.541,0.009,-0.383,0.001,0.24499999,0.0037416576,0.089999974,0.004358899,0.10699999,0.004358899,0.422,0.0014142137,0.14199999,0.0037416576,0.22199999,0.0037416576,-0.12799999,0.0014142137,-0.03400001,0.0014142137,0.745596880786818,0.14693410692195494,5.566688,,232.11095,2.0
2M11044719+0310302,4846.955,4.673,2.541,0.009,-0.383,0.001,0.24499999,0.0037416576,0.089999974,0.004358899,0.10699999,0.004358899,0.422,0.0014142137,0.14199999,0.0037416576,0.22199999,0.0037416576,-0.12799999,0.0014142137,-0.03400001,0.0014142137,0.745596880786818,0.14693410692195494,5.566688,,232.11095,2.0
2M10152124+0444352,4757.393,2.344,2.59,0.005,-0.087,0.001,0.020999998,0.0017320508,-0.119,0.0017320508,0.223,0.00244949,0.197,0.0014142137,0.042999998,0.0017320508,0.044999998,0.0017320508,-0.056999996,0.0014142137,-0.141,0.0014142137,0.6710796770193871,0.059576406168794005,4.688994,,372.50613,2.0
2M10152124+0444352,4757.393,2.344,2.59,0.005,-0.087,0.001,0.020999998,0.0017320508,-0.119,0.0017320508,0.223,0.00244949,0.197,0.0014142137,0.042999998,0.0017320508,0.044999998,0.0017320508,-0.056999996,0.0014142137,-0.141,0.0014142137,0.6710796770193871,0.059576406168794005,4.688994,,372.50613,2.0
2M08383840+1204235,4962.74,5.208,3.032,0.008,-0.196,0.001,0.089999996,0.003,0.008000001,0.003,0.242,0.0037416576,0.322,0.0014142137,0.059999987,0.003,-0.184,0.003,-0.45200002,0.0014142137,-0.013000011,0.0014142137,0.3199330346539329,0.1077782009599349,2.0889740000000003,,237.8166,2.0
2M03541660+1232305,5011.634,3.523,2.874,0.005,-0.349,0.001,0.030000001,0.003,-0.18999997,0.0037416576,0.329,0.004582576,,,0.04700002,0.003,-0.021999985,0.003,0.048000008,0.0014142137,0.030000001,0.0014142137,0.14365015489794414,0.0599295716869745,1.392035,,431.382,2.0
2M03394465+2016379,4794.535,5.032,2.551,0.01,-0.292,0.001,0.044,0.0037416576,-0.06400001,0.0037416576,0.189,0.0037416576,0.249,0.0014142137,0.048999995,0.0037416576,0.067,0.0037416576,-0.078999996,0.0014142137,0.20699999,0.0014142137,0.5084963207781266,0.124591632741131,3.224752,,203.03233,2.0
2M03442485+2223219,4802.239,4.359,2.598,0.008,-0.261,0.001,0.066000015,0.003,0.028000012,0.003,0.17000002,0.003,0.294,0.0014142137,0.018000007,0.003,0.029000014,0.003,-0.136,0.0014142137,-0.11399999,0.0014142137,1.1546258867995955,0.10860230648394782,14.276635999999998,,221.79355,2.0
2M16022040-2210273,5021.787,2.429,2.94,0.004,-0.098,0.001,-0.058000006,0.00244949,-0.20200002,0.00244949,0.354,0.00244949,0.196,0.0014142137,0.008999996,0.00244949,0.0069999993,0.00244949,0.168,0.0014142137,0.121999994,0.0014142137,0.39608282194109645,0.11401640677317168,2.489332,,552.5285,2.0
2M03295614+2229198,4697.142,2.096,2.553,0.004,-0.127,0.001,0.021000005,0.0017320508,-0.036,0.0017320508,0.164,0.00244949,0.199,0.0014142137,0.017000005,0.0017320508,-0.001000002,0.0017320508,-0.0119999945,0.0014142137,0.072000004,0.0014142137,-0.19348696846074473,0.12187437252914966,0.640491,,365.54504,2.0
2M13554131-1127167,4908.53,2.326,2.585,0.004,-0.402,0.001,0.06800002,0.00244949,-0.023000002,0.0033166248,0.21700001,0.0033166248,0.264,0.0014142137,0.07700002,0.00244949,0.065,0.00244949,-0.0059999824,0.0014142137,0.201,0.0014142137,0.7082471475891251,0.09687817678900677,5.107956,,557.1958,2.0
2M13334027-1349459,4666.213,3.278,2.501,0.008,-0.229,0.001,0.175,0.00244949,0.142,0.00244949,0.151,0.003,0.303,0.0014142137,0.078999996,0.00244949,0.197,0.00244949,-0.016000003,0.0014142137,0.221,0.0014142137,0.8497552938962416,0.1258555512665972,7.07547,,221.18028,2.0
2M22041549-1156503,4633.344,2.914,2.585,0.007,-0.223,0.001,0.243,0.00244949,0.132,0.00244949,0.133,0.003,0.288,0.0014142137,0.032000005,0.00244949,0.254,0.00244949,0.033000007,0.0014142137,0.031000003,0.0014142137,1.2630271799983233,0.03345078556517162,18.324291,,230.30528,2.0
2M04593238+2056088,5021.856,3.878,2.79,0.006,-0.273,0.001,0.022000015,0.003,-0.043000013,0.0037416576,0.185,0.0037416576,0.178,0.0014142137,0.0029999912,0.003,-0.06099999,0.003,0.187,0.0014142137,0.029,0.0014142137,-0.1733176102362832,0.09614880241492967,0.670938,,363.98315,2.0
2M23072405-0145055,5050.812,8.014,2.521,0.014,-0.669,0.002,0.25900003,0.0053851646,0.11900002,0.007483315,0.19100004,0.009165152,0.37200004,0.0022360682,0.08400005,0.0053851646,0.40600002,0.0053851646,-0.48099995,0.0028284274,-0.14299995,0.0028284274,1.097105019558375,0.09126572536859535,12.505614,,223.73605,2.0
2M03583274+1619518,4950.105,11.427,2.369,0.021,-0.803,0.002,0.22599995,0.0067082043,-0.003000021,0.012247449,0.14899999,0.015937377,0.33099997,0.0028284274,0.062999964,0.0067082043,0.265,0.0067082043,-0.51400006,0.0036055513,0.23999995,0.0028284274,0.33427999860534335,0.09323306886103959,2.159136,,137.16844,2.0
2M03583274+1619518,4950.105,11.427,2.369,0.021,-0.803,0.002,0.22599995,0.0067082043,-0.003000021,0.012247449,0.14899999,0.015937377,0.33099997,0.0028284274,0.062999964,0.0067082043,0.265,0.0067082043,-0.51400006,0.0036055513,0.23999995,0.0028284274,0.33427999860534335,0.09323306886103959,2.159136,,137.16844,2.0
2M04254859+1804533,4466.775,1.093,2.82,0.003,0.231,0.001,0.037,0.0017320508,0.05699998,0.0017320508,0.22999999,0.0017320508,0.18,0.0014142137,0.048999995,0.0017320508,0.01999998,0.0017320508,-0.388,0.0014142137,0.13099998,0.0014142137,0.9867086450525924,0.0826650306940503,9.698591,,363.886,2.0
2M03594423+1829362,4807.309,7.18,2.633,0.013,-0.152,0.002,-0.038000003,0.00489898,-0.121999994,0.00489898,0.205,0.0053851646,0.18599999,0.0028284274,0.019999996,0.00489898,0.076,0.00489898,-0.004000008,0.0028284274,0.022,0.0028284274,0.008817690300060101,0.1403973174110784,1.0205110000000002,,136.59247,2.0
2M08385620+2209437,5105.984,2.804,2.909,0.004,-0.244,0.001,0.009000003,0.00244949,-0.147,0.0033166248,0.396,0.0033166248,,,0.033000007,0.00244949,-0.008999988,0.00244949,0.0069999993,0.0014142137,0.128,0.0014142137,-0.0618907469378375,0.09806231978457655,0.86718,,553.86414,2.0
2M22090569-1449151,4710.693,4.683,2.64,0.011,-0.603,0.002,0.325,0.0041231057,0.19599998,0.0046904157,0.030999959,0.0061644143,0.454,0.0022360682,0.264,0.0041231057,0.38,0.0041231057,-0.21200001,0.0028284274,-0.21100003,0.0028284274,1.1171503062420314,0.1240263514257413,13.096351,,197.77881,2.0
2M22295012-0814583,4823.535,2.935,2.578,0.006,-0.288,0.001,0.070999995,0.003,0.014999986,0.003,0.13799998,0.003,0.28,0.0014142137,0.06199999,0.003,0.09199999,0.003,-0.201,0.0014142137,0.015999973,0.0014142137,1.1405172504863932,0.11258649340247118,13.820293,,347.36615,2.0
2M04035326+1713228,5036.862,4.011,2.443,0.007,-0.535,0.001,0.10100004,0.0037416576,-0.20099998,0.004582576,0.43800002,0.004582576,0.28200004,0.0014142137,0.055000037,0.0037416576,0.17700002,0.0037416576,-0.17199999,0.0022360682,0.14100003,0.0014142137,-0.23753526079732637,0.10299424047126808,0.578715,,423.64706,2.0
2M03571097+1305365,5031.647,3.431,2.502,0.006,-0.516,0.002,0.07699996,0.0041231057,0.062999964,0.00489898,0.15599996,0.0057445625,0.20899996,0.0022360682,-0.04100001,0.0041231057,0.21099997,0.0041231057,-0.30400002,0.0028284274,0.21499997,0.0022360682,-0.23877978118657756,0.11693632118629221,0.577059,,463.53287,2.0
2M03335451+1522251,4506.704,1.036,2.559,0.003,0.135,0.001,0.008999988,0.0017320508,0.036,0.0017320508,0.25199997,0.0017320508,0.18299998,0.0014142137,0.0,0.0017320508,0.022,0.0017320508,-0.14400001,0.0014142137,0.168,0.0014142137,0.8934297299064118,0.13459460090665643,7.824016,,440.5334,2.0
2M13301635-1134421,4503.959,2.505,2.646,0.007,-0.133,0.001,0.171,0.00244949,0.113000005,0.00244949,0.163,0.003,0.31599998,0.0014142137,0.066,0.00244949,0.149,0.00244949,-0.14400001,0.0014142137,-0.147,0.0014142137,1.2324380772815577,0.056924275564258,17.078042,,184.4851,2.0
2M01102393+0208228,4502.079,5.184,2.296,0.018,-0.635,0.003,0.31399998,0.007071068,0.07499999,0.0076811453,0.051,0.009110434,0.36499998,0.0036055513,0.199,0.0065574385,0.31,0.007071068,-0.086000025,0.004242641,0.331,0.0036055513,1.1182031663550156,0.13533062280359634,13.128139,,110.15661,2.0
2M03595912+2506565,4980.783,4.877,2.62,0.009,-0.406,0.001,0.049999982,0.003,-0.08400002,0.0037416576,0.278,0.004582576,0.19299999,0.0014142137,0.075999975,0.003,-0.083000004,0.003,0.038999975,0.0014142137,0.10499999,0.0014142137,0.45135299905087695,0.11740793367255857,2.827177,,293.16898,2.0
2M16122166-2551537,4589.906,3.763,2.408,0.009,-0.138,0.001,0.16,0.0033166248,0.105,0.0033166248,0.19999999,0.0037416576,0.32599998,0.0014142137,0.051999994,0.0033166248,0.183,0.0033166248,-0.179,0.0014142137,0.411,0.0014142137,1.2074918857361672,0.07059547170674665,16.124709,,157.15063,2.0
2M23242027-0311141,4514.375,1.525,2.677,0.004,-0.174,0.001,0.251,0.0017320508,0.118999995,0.0017320508,0.166,0.00244949,0.371,0.0014142137,0.16399999,0.0017320508,0.17999999,0.0017320508,-0.21700001,0.0014142137,-0.037,0.0014142137,1.1321420681962313,0.11514706713522714,13.556328,,314.47165,2.0
2M15582915-2333015,4640.038,3.14,2.482,0.007,-0.312,0.001,0.204,0.00244949,0.10900001,0.00244949,0.14500001,0.003,0.38,0.0014142137,0.08400001,0.00244949,0.237,0.00244949,-0.023000002,0.0014142137,0.013999999,0.0014142137,0.9640531379830544,0.13871006419171888,9.205622,,228.74736,2.0
2M15582915-2333015,4640.038,3.14,2.482,0.007,-0.312,0.001,0.204,0.00244949,0.10900001,0.00244949,0.14500001,0.003,0.38,0.0014142137,0.08400001,0.00244949,0.237,0.00244949,-0.023000002,0.0014142137,0.013999999,0.0014142137,0.9640531379830544,0.13871006419171888,9.205622,,228.74736,2.0
2M08423841+1207518,4922.416,2.052,2.491,0.004,-0.505,0.001,0.08199999,0.00244949,-0.0059999824,0.0033166248,0.199,0.004242641,0.313,0.0014142137,0.08199999,0.00244949,0.11399999,0.00244949,-0.10799998,0.0014142137,-0.16299999,0.0014142137,1.0399713639073631,0.1392011688873528,10.964059,,650.81573,2.0
2M09040883+2132153,4926.677,10.248,2.454,0.019,-0.478,0.002,0.052999973,0.0067082043,-0.011000007,0.008062257,0.10099998,0.008062257,,,0.020999998,0.0067082043,0.25199997,0.0061644143,-0.26,0.0028284274,0.274,0.0028284274,0.9107684877912184,0.10546476476785582,8.142700999999999,,136.39027,2.0
2M03344435+1655473,4804.152,3.627,2.56,0.007,-0.467,0.001,0.25300002,0.003,0.095,0.0037416576,0.104,0.004582576,0.37600002,0.0014142137,0.144,0.003,0.36900002,0.003,-0.10500002,0.0022360682,0.078999996,0.0014142137,-0.3644318152448071,0.09224350307391395,0.432084,,286.57895,2.0
2M16110259-1857132,4812.247,4.996,2.506,0.011,-0.28,0.001,0.244,0.0037416576,0.116,0.0037416576,0.20300001,0.0037416576,0.43400002,0.0014142137,0.155,0.0037416576,0.223,0.0037416576,-0.44399998,0.0014142137,0.089,0.0014142137,0.09851739869218627,0.013264200546015934,1.254635,,192.57669,2.0
2M16110259-1857132,4812.247,4.996,2.506,0.011,-0.28,0.001,0.244,0.0037416576,0.116,0.0037416576,0.20300001,0.0037416576,0.43400002,0.0014142137,0.155,0.0037416576,0.223,0.0037416576,-0.44399998,0.0014142137,0.089,0.0014142137,0.09851739869218627,0.013264200546015934,1.254635,,192.57669,2.0
2M08282427+2132088,4834.678,2.176,2.756,0.004,-0.11,0.001,-0.037,0.0017320508,-0.08400001,0.00244949,0.155,0.00244949,0.176,0.0014142137,0.019999996,0.00244949,0.011,0.00244949,0.047,0.0014142137,-0.051,0.0014142137,0.40657798795489974,0.03629585416935693,2.550222,,453.01038,2.0
2M04091872+2350349,4529.465,0.626,2.513,0.002,0.046,0.001,-0.025,0.0017320508,0.0,0.0017320508,0.218,0.0017320508,,,-0.022,0.0017320508,-0.008000001,0.0017320508,-0.105000004,0.0014142137,0.131,0.0014142137,1.206036577550202,0.05787592630439619,16.070766,,847.2694,2.0
2M04075267+2421429,5040.898,15.266,2.979,0.023,-0.356,0.003,0.041999996,0.008602325,-0.13,0.010344081,0.31,0.010344081,0.23900001,0.004242641,0.07800001,0.008602325,0.12900001,0.008602325,-0.116999984,0.004242641,-0.38699996,0.004242641,-0.08600611161647631,0.1455728802354912,0.82034,,107.90693,2.0
2M23481031-0329043,4956.343,2.483,2.534,0.004,-0.692,0.002,0.29999998,0.0037416574,0.11399996,0.006403124,0.074,0.008306623,0.41499996,0.0022360682,0.18399996,0.0037416574,0.29199997,0.0037416574,-0.16500002,0.0028284274,0.109999955,0.0028284274,0.20332041666678977,0.12339967920397776,1.597057,,587.9977,2.0
2M08114591+2025205,4778.029,5.289,2.544,0.011,-0.528,0.002,0.25,0.0041231057,0.13999999,0.0046904157,0.09799999,0.0053851646,0.375,0.0022360682,0.09,0.0041231057,0.407,0.0041231057,-0.073000014,0.0028284274,-0.013000011,0.0028284274,0.3348932518541543,0.14673726160592895,2.162187,,187.67526,2.0
2M08330992+2209080,4992.317,3.015,2.752,0.005,-0.382,0.001,0.062000006,0.00244949,-0.12899998,0.0033166248,0.34,0.0033166248,0.274,0.0014142137,0.065,0.00244949,0.149,0.00244949,-0.23599997,0.0014142137,-0.14199999,0.0014142137,0.08885659680019609,0.00910772053225538,1.227034,,483.3791,2.0
2M13265321-1300222,4849.606,2.127,2.521,0.004,-0.57,0.001,0.31,0.00244949,0.21399999,0.0033166248,0.083000004,0.004242641,0.411,0.0014142137,0.16099998,0.00244949,0.408,0.00244949,-0.18199998,0.0022360682,0.037999988,0.0014142137,1.130359664542034,0.11409295707756495,13.500805,,527.09265,2.0
2M13420435-0608459,4697.265,0.891,2.742,0.002,-0.219,0.001,0.127,0.0017320508,0.157,0.0017320508,0.044,0.00244949,0.343,0.0014142137,0.022,0.0017320508,0.08299999,0.0017320508,-0.016000003,0.0014142137,-0.003000006,0.0014142137,1.0129423281165573,0.11582257044070662,10.302493,,875.05237,2.0
2M13420435-0608459,4697.265,0.891,2.742,0.002,-0.219,0.001,0.127,0.0017320508,0.157,0.0017320508,0.044,0.00244949,0.343,0.0014142137,0.022,0.0017320508,0.08299999,0.0017320508,-0.016000003,0.0014142137,-0.003000006,0.0014142137,1.0129423281165573,0.11582257044070662,10.302493,,875.05237,2.0
2M13420435-0608459,4697.265,0.891,2.742,0.002,-0.219,0.001,0.127,0.0017320508,0.157,0.0017320508,0.044,0.00244949,0.343,0.0014142137,0.022,0.0017320508,0.08299999,0.0017320508,-0.016000003,0.0014142137,-0.003000006,0.0014142137,0.8029842557839874,0.11020254632982047,6.353079,,875.05237,2.0
2M13420435-0608459,4697.265,0.891,2.742,0.002,-0.219,0.001,0.127,0.0017320508,0.157,0.0017320508,0.044,0.00244949,0.343,0.0014142137,0.022,0.0017320508,0.08299999,0.0017320508,-0.016000003,0.0014142137,-0.003000006,0.0014142137,0.8029842557839874,0.11020254632982047,6.353079,,875.05237,2.0
2M12472675-0734242,4874.219,10.258,2.439,0.02,-0.619,0.002,0.29200003,0.0067082043,0.074,0.008062257,0.19600001,0.008831761,0.41500002,0.0028284274,,,0.375,0.0067082043,-0.87999994,0.0036055513,0.14800003,0.0028284274,1.271226888857061,0.020353015051331313,18.67355,,124.40815,2.0
2M16595782-2752594,4757.006,2.562,2.649,0.005,-0.097,0.001,-0.009999998,0.00244949,0.026,0.00244949,0.397,0.00244949,0.143,0.0014142137,0.008000001,0.00244949,-0.004999995,0.00244949,0.3,0.0014142137,0.355,0.0014142137,1.1716718782712023,0.07530480772813325,14.848134,,327.14575,2.0
2M03550083+1318470,4658.55,1.774,2.658,0.003,0.098,0.001,-0.038,0.0017320508,-0.06299999,0.0017320508,0.293,0.0017320508,0.17400002,0.0014142137,-0.008999996,0.0017320508,-0.036,0.0017320508,-0.089,0.0014142137,0.27600002,0.0014142137,0.5276241016481433,0.049384581378011154,3.3699550000000005,,397.33118,2.0
2M23130397-0038182,4829.616,4.94,2.735,0.009,-0.375,0.001,0.074,0.0037416576,-0.08000001,0.0037416576,0.267,0.004358899,0.262,0.0014142137,0.083000004,0.0037416576,0.274,0.0037416576,-0.055999994,0.0014142137,0.269,0.0014142137,0.30531503338826665,0.11858779481702396,2.019831,,224.23662,2.0
2M16384287-1903121,4760.963,1.586,2.691,0.003,-0.026,0.001,-0.015000001,0.0017320508,-0.146,0.0017320508,0.24000001,0.00244949,0.167,0.0014142137,0.032,0.0017320508,0.009,0.0017320508,-0.011,0.0014142137,-0.018,0.0014142137,0.48805903689563784,0.04470352774021125,3.076515,,569.97626,2.0
2M11523257-0149190,4791.95,8.796,2.464,0.019,-0.566,0.002,0.234,0.0067082043,0.153,0.007348469,0.004999995,0.008062257,0.537,0.0028284274,0.139,0.0061644143,0.361,0.0067082043,-0.12099999,0.0028284274,-0.026000023,0.0028284274,0.854959482053578,0.10476564132452393,7.160766000000001,,120.13448,2.0
2M04270102+1746365,4858.318,2.59,2.705,0.005,-0.309,0.001,0.029999971,0.00244949,-0.036000013,0.00244949,0.18199998,0.0033166248,0.23499998,0.0014142137,0.059999987,0.00244949,0.0059999824,0.00244949,-0.032000005,0.0014142137,0.004999995,0.0014142137,0.6380739328046867,0.12989619617339532,4.345842,,429.67322,2.0
2M08320859+2150008,5023.427,10.945,2.446,0.019,-0.695,0.002,0.266,0.0067082043,0.139,0.009643651,0.12400001,0.011357817,0.399,0.0028284274,0.112999976,0.0067082043,0.399,0.0061644143,-0.20100003,0.0028284274,0.29799998,0.0028284274,0.7100553911851594,0.11686318228141504,5.129268,,148.77016,2.0
2M13314425-1014016,4895.021,6.65,2.707,0.012,-0.335,0.002,0.21900001,0.00489898,0.234,0.0053851646,0.034999996,0.006,0.45000002,0.0028284274,0.10900001,0.00489898,0.072,0.00489898,-0.17499998,0.0028284274,0.09500001,0.0028284274,0.6495638253893357,0.07141322762137621,4.462352,,157.91592,2.0
2M19213876-2926421,4535.711,0.748,2.604,0.002,0.142,0.001,-0.022000007,0.0017320508,0.0069999993,0.0017320508,0.17099999,0.0017320508,0.126,0.0014142137,-0.025000006,0.0017320508,-0.013000011,0.0017320508,-0.23300001,0.0014142137,0.347,0.0014142137,0.1363517357781165,0.14779002159737156,1.368837,,669.4446,2.0
2M13135089-1215517,4653.786,2.211,2.611,0.006,-0.618,0.002,0.24799997,0.0034641016,0.122999966,0.0041231057,0.0039999485,0.00489898,0.39,0.0022360682,0.17099997,0.0034641016,0.28799996,0.0034641016,-0.18100005,0.0028284274,-0.19700003,0.0028284274,1.151386247083148,0.10877381899544632,14.170535,,371.26276,2.0
2M08273176+2040000,4787.643,1.874,2.607,0.004,-0.274,0.001,0.048999995,0.00244949,-0.009000003,0.00244949,0.17999999,0.00244949,0.257,0.0014142137,-0.0069999993,0.0017320508,0.077999994,0.00244949,0.06099999,0.0014142137,-0.17900002,0.0014142137,0.9128303336725,0.1409664154164566,8.181451,,513.50116,2.0
2M04115383+2419413,4952.936,2.824,2.638,0.005,-0.42,0.001,0.06799999,0.00244949,-0.06400001,0.0033166248,0.23599999,0.004242641,0.306,0.0014142137,0.044,0.00244949,0.0039999783,0.00244949,-0.16099998,0.0014142137,-0.013999999,0.0014142137,0.8579835705175178,0.11258307988889645,7.210802,,486.08176,2.0
2M03422240+2255003,5021.548,8.09,3.135,0.011,-0.065,0.002,0.058999997,0.00489898,-0.066,0.00489898,0.285,0.0053851646,0.195,0.0022360682,0.011999998,0.00489898,-0.087,0.00489898,-0.185,0.0028284274,0.182,0.0022360682,-0.22018064733724874,0.03861615570341734,0.602309,,143.29868,2.0
2M13212890-1406076,4502.155,2.338,2.63,0.007,-0.208,0.001,0.244,0.00244949,0.106000006,0.00244949,0.169,0.003,0.357,0.0014142137,0.134,0.00244949,0.199,0.00244949,-0.19799998,0.0014142137,-0.109999985,0.0014142137,1.1456842392311077,0.10752097105420598,13.985701,,177.78395,2.0
2M13334027-1349459,4666.213,3.278,2.501,0.008,-0.229,0.001,0.175,0.00244949,0.142,0.00244949,0.151,0.003,0.303,0.0014142137,0.078999996,0.00244949,0.197,0.00244949,-0.016000003,0.0014142137,0.221,0.0014142137,1.1254472690341462,0.09760429684227535,13.348954999999998,,221.18028,2.0
2M13245051-1321598,4510.932,2.435,2.508,0.008,-0.389,0.001,0.277,0.003,0.09900001,0.003,0.07800001,0.0037416576,0.411,0.0014142137,0.169,0.00244949,0.269,0.003,-0.05399999,0.0014142137,0.134,0.0014142137,1.1593122561343256,0.10905422800291964,14.431526000000002,,205.1833,2.0
2M17351291-2810554,4836.649,2.197,2.708,0.004,-0.111,0.001,-0.024000004,0.0017320508,-0.157,0.00244949,0.259,0.00244949,0.278,0.0014142137,0.042999998,0.0017320508,-0.018999994,0.0017320508,0.198,0.0014142137,-0.118,0.0014142137,0.36608603820548224,0.050362017405284426,2.323197,,450.27377,2.0
2M17351291-2810554,4836.649,2.197,2.708,0.004,-0.111,0.001,-0.024000004,0.0017320508,-0.157,0.00244949,0.259,0.00244949,0.278,0.0014142137,0.042999998,0.0017320508,-0.018999994,0.0017320508,0.198,0.0014142137,-0.118,0.0014142137,0.36608603820548224,0.050362017405284426,2.323197,,450.27377,2.0
2M01173433+0642109,4904.771,12.103,2.542,0.023,,,,,,,,,,,,,,,,,,,0.9330244012132396,0.135386308314381,8.57086,,105.83856,2.0
2M01173433+0642109,4904.771,12.103,2.542,0.023,,,,,,,,,,,,,,,,,,,0.9330244012132396,0.135386308314381,8.57086,,105.83856,2.0
2M10192003+0523581,4842.057,2.08,2.621,0.004,-0.375,0.001,0.007999986,0.00244949,-0.09,0.0033166248,0.175,0.0033166248,0.32999998,0.0014142137,0.018999994,0.00244949,0.016000003,0.00244949,0.296,0.0014142137,0.415,0.0014142137,0.6617241144941852,0.10666266623202136,4.589064,,554.08435,2.0
2M13214837-1605450,4928.417,4.808,2.484,0.009,-0.464,0.001,0.10499999,0.003,-0.022000015,0.0037416576,0.16,0.004582576,0.33499998,0.0014142137,0.09899998,0.003,0.12099999,0.003,-0.28900003,0.0022360682,0.305,0.0014142137,0.3622694221690991,0.042383537132977,2.30287,,287.85907,2.0
2M18510295-2533583,4558.966,2.942,2.583,0.007,0.004,0.001,0.083,0.00244949,0.135,0.00244949,0.17,0.00244949,0.19500001,0.0014142137,0.01,0.00244949,0.115,0.00244949,-0.126,0.0014142137,-0.103,0.0014142137,1.213187222128857,0.06832251418025347,16.337560999999997,,182.99315,2.0
2M04055704+1441419,4857.298,2.86,2.571,0.006,-0.321,0.001,0.050000012,0.00244949,-0.061999977,0.00244949,0.24200001,0.0033166248,0.28,0.0014142137,0.09300001,0.00244949,0.076000005,0.00244949,-0.009000003,0.0014142137,-0.049999982,0.0014142137,0.6079024912474664,0.05520534787426641,4.054175,,378.79993,2.0
2M04502412+2058125,4967.469,9.805,2.525,0.018,-0.497,0.002,0.065,0.0053851646,-0.12600002,0.0067082043,0.293,0.007483315,0.315,0.0028284274,0.07800001,0.0053851646,0.111,0.0053851646,-0.15699998,0.0028284274,0.24800001,0.0028284274,0.34251209679869643,0.14598635801812848,2.200453,,157.61244,2.0
2M17070774-2509312,4665.792,2.636,2.84,0.005,0.186,0.001,-0.058,0.00244949,-0.053000003,0.00244949,0.25699997,0.00244949,0.15100001,0.0014142137,-0.00500001,0.00244949,-0.063,0.00244949,-0.28,0.0014142137,0.040999994,0.0014142137,0.35156248225302594,0.06230118151205853,2.2467900000000003,,256.40887,2.0
2M01170513+0754496,4950.39,2.215,2.667,0.004,-0.358,0.001,-0.046000004,0.00244949,-0.109,0.0033166248,0.15,0.0033166248,,,,,0.0150000155,0.00244949,0.18500002,0.0014142137,-0.531,0.0022360682,0.4161138765025527,0.11538278249504516,2.606837,,637.02637,2.0
2M23384394-0710047,4913.075,11.642,2.555,0.021,-0.54,0.003,0.28100002,0.00781025,0.05100003,0.0096953595,0.24600002,0.011224973,0.51100004,0.0036055513,0.20900002,0.00781025,0.39000002,0.00781025,-0.46100003,0.004242641,-0.31599998,0.004242641,0.5492315133426171,0.08678229716830271,3.541861,,111.24419,2.0
2M23242000-0943438,4745.645,1.855,2.636,0.004,-0.099,0.001,-0.016999997,0.0017320508,-0.117000006,0.00244949,0.205,0.00244949,0.21599999,0.0014142137,0.047,0.0017320508,-0.002000004,0.0017320508,0.096,0.0014142137,0.0019999966,0.0014142137,0.7163858553867796,0.08124487437633188,5.204582,,481.16406,2.0
2M10423461+1213097,4855.167,11.12,2.38,0.023,-0.653,0.003,0.326,0.0083666,0.10799998,0.011224973,0.07999998,0.012041595,0.38,0.0036055513,0.174,0.0083666,0.425,0.0083666,-0.328,0.004242641,0.543,0.0036055513,0.7132988063830358,0.12040992545084774,5.167718,,105.4903,2.0
2M23122794-0816478,4925.802,2.55,2.503,0.005,-0.508,0.001,0.053000003,0.0033166248,-0.058999956,0.004242641,0.16800001,0.004242641,0.379,0.0014142137,0.050000012,0.0033166248,0.28500003,0.00244949,-0.15799999,0.0022360682,-0.05399996,0.0022360682,0.9044571091546517,0.13678240085412208,8.025223,,568.3997,2.0
2M08435476+1403097,4808.557,3.224,2.388,0.007,-0.466,0.001,0.058,0.003,-0.072999984,0.0037416576,0.183,0.0037416576,0.262,0.0014142137,0.016000003,0.003,0.14299998,0.003,-0.29,0.0014142137,-0.022000015,0.0014142137,0.5343189655866172,0.14009366170091483,3.422307,,345.51135,2.0
2M03531780+2204340,4609.948,0.959,2.535,0.002,0.019,0.001,0.006000001,0.0017320508,0.007000001,0.0017320508,0.223,0.0017320508,0.17300001,0.0014142137,-0.021,0.0017320508,0.013000002,0.0017320508,-0.155,0.0014142137,0.102,0.0014142137,0.9820566113994843,0.14266933900140463,9.595257,,619.78076,2.0
2M08141312+1543086,4808.916,3.375,2.696,0.006,-0.16,0.001,-0.0069999993,0.00244949,-0.096000016,0.003,0.184,0.003,0.229,0.0014142137,0.048999995,0.003,0.0,0.003,0.169,0.0014142137,0.133,0.0014142137,0.5449448058493443,0.05605960068627089,3.507073,,284.044,2.0
2M08363186+1041431,4936.211,13.48,2.603,0.024,-0.503,0.003,0.059000015,0.0083666,-0.15499997,0.0096953595,0.28900003,0.010440307,0.374,0.0036055513,0.20600003,0.00781025,0.30200002,0.00781025,0.17000002,0.004242641,0.54300004,0.0036055513,0.8261928240139619,0.14300496531583035,6.701821000000001,,103.8293,2.0
2M08402788+1023458,4799.736,2.241,2.751,0.004,-0.133,0.001,0.0059999973,0.0017320508,-0.045,0.0017320508,0.188,0.00244949,0.18900001,0.0014142137,0.050000004,0.0017320508,-0.029,0.0017320508,0.0069999993,0.0014142137,-0.06299999,0.0014142137,0.589603479221117,0.05070061908511483,3.886901,,411.35956,2.0
2M09064095+1248232,4725.852,7.052,2.633,0.015,-0.318,0.002,0.20499998,0.00489898,0.10899998,0.0053851646,0.12599999,0.006,0.29,0.0028284274,0.080999985,0.00489898,0.26599997,0.0053851646,-0.123000026,0.0028284274,0.023999989,0.0028284274,1.0970039494305845,0.13109478699976618,12.502704,,119.75823,2.0
2M15584868-2308175,4613.104,0.891,2.498,0.002,-0.119,0.001,0.14,0.0017320508,0.08,0.0017320508,0.178,0.00244949,0.277,0.0014142137,0.027000003,0.0017320508,0.17,0.0017320508,-0.07699999,0.0014142137,0.222,0.0014142137,1.2022905236349695,0.07677653752170073,15.932742,,713.04285,2.0
2M15584868-2308175,4613.104,0.891,2.498,0.002,-0.119,0.001,0.14,0.0017320508,0.08,0.0017320508,0.178,0.00244949,0.277,0.0014142137,0.027000003,0.0017320508,0.17,0.0017320508,-0.07699999,0.0014142137,0.222,0.0014142137,1.2022905236349695,0.07677653752170073,15.932742,,713.04285,2.0
2M13250554-1312003,4647.041,7.554,2.475,0.018,-0.545,0.003,0.291,0.007071068,0.10900003,0.0076811453,0.032000005,0.009899495,0.46,0.0036055513,0.245,0.0065574385,0.40600002,0.007071068,-0.31299996,0.004242641,0.14700001,0.004242641,1.2512912789061035,0.04781479649405443,17.835746,,108.61361,2.0
2M04230802+1941054,4580.367,3.054,2.588,0.007,0.094,0.001,0.017000005,0.00244949,0.003000006,0.00244949,0.26099998,0.00244949,0.198,0.0014142137,-0.0019999966,0.00244949,0.016000003,0.00244949,-0.208,0.0014142137,0.41000003,0.0014142137,1.2107849151105274,0.061714299525326324,16.247439,,190.51549,2.0
2M04141471+2303460,4879.739,2.144,2.83,0.003,-0.03,0.001,-0.027,0.00244949,-0.288,0.00244949,0.268,0.00244949,0.18,0.0014142137,0.03,0.00244949,-0.038999997,0.00244949,0.244,0.0014142137,-0.103,0.0014142137,0.2153958984273864,0.028623585423018776,1.6420860000000002,,493.97687,2.0
2M08274173+2207044,4902.16,3.096,2.564,0.006,-0.57,0.002,0.20299998,0.0034641016,0.14499998,0.00489898,0.09,0.00489898,0.333,0.0022360682,0.10099998,0.0034641016,0.303,0.0034641016,-0.241,0.0028284274,0.023000002,0.0022360682,0.7034635138129828,0.07689949283642922,5.052002,,402.75082,2.0
2M10444103+1152303,4560.81,1.141,2.297,0.003,-0.322,0.001,0.249,0.0017320508,0.099999994,0.0017320508,0.191,0.00244949,0.423,0.0014142137,0.119,0.0017320508,0.25599998,0.0017320508,-0.20500001,0.0014142137,-0.004000008,0.0014142137,1.2408781142853649,0.049721362828691246,17.413180999999998,,504.27734,2.0
2M04254859+1804533,4466.775,1.093,2.82,0.003,0.231,0.001,0.037,0.0017320508,0.05699998,0.0017320508,0.22999999,0.0017320508,0.18,0.0014142137,0.048999995,0.0017320508,0.01999998,0.0017320508,-0.388,0.0014142137,0.13099998,0.0014142137,0.9541377835884532,0.08465711979885446,8.99783,,363.886,2.0
2M08550737+1627052,4796.292,3.153,2.604,0.006,-0.142,0.001,-0.027999997,0.00244949,-0.14,0.003,0.22100002,0.003,0.163,0.0014142137,0.002000004,0.00244949,0.034,0.00244949,0.042000003,0.0014142137,-0.00999999,0.0014142137,0.696798322772555,0.06401728990278505,4.97506,,304.9612,2.0
2M11014965+0239493,5017.191,11.118,2.627,0.019,-0.631,0.002,0.27199998,0.0067082043,0.19899997,0.009643651,0.12900001,0.010488089,0.39299998,0.0028284274,0.14799997,0.0067082043,0.41399997,0.0067082043,-0.09500003,0.0028284274,0.08899999,0.0028284274,-0.3961035740087417,0.051620817617726585,0.4016949999999999,,143.16267,2.0
2M11014965+0239493,5017.191,11.118,2.627,0.019,-0.631,0.002,0.27199998,0.0067082043,0.19899997,0.009643651,0.12900001,0.010488089,0.39299998,0.0028284274,0.14799997,0.0067082043,0.41399997,0.0067082043,-0.09500003,0.0028284274,0.08899999,0.0028284274,-0.3961035740087417,0.051620817617726585,0.4016949999999999,,143.16267,2.0
2M08505319+1237116,4968.282,10.664,2.49,0.019,-0.593,0.002,0.109999985,0.0067082043,-0.046000004,0.008831761,0.20199999,0.008831761,0.285,0.0028284274,0.023999989,0.0067082043,0.19599998,0.0067082043,-0.15799999,0.0028284274,0.031000018,0.0028284274,0.9811143798212678,0.09873612762253593,9.574462,,151.2032,2.0
2M01041800-0100279,4736.85,5.495,2.661,0.011,-0.202,0.001,0.080000006,0.0037416576,0.033000007,0.0037416576,0.09,0.004358899,0.292,0.0014142137,0.040000007,0.0037416576,0.044,0.0037416576,-0.23099999,0.0022360682,0.07100001,0.0014142137,0.5534735292940046,0.09646401291872188,3.576626,,162.02342,2.0
2M22032679-1147056,4378.263,0.686,2.616,0.002,0.187,0.001,0.04699999,0.0017320508,0.092999995,0.0017320508,0.27899998,0.0017320508,0.183,0.0014142137,0.029999986,,0.051,0.0017320508,-0.18900001,0.0014142137,0.28399998,0.0014142137,0.9951181203381,0.1467617630075214,9.88822,,509.4098,2.0
2M00394267+0303210,4425.859,1.794,2.497,0.006,-0.187,0.001,0.227,0.00244949,0.116000004,0.00244949,0.15100001,0.003,0.315,0.0014142137,0.14700001,0.00244949,0.207,0.00244949,-0.21899998,0.0014142137,-0.09799999,0.0014142137,1.1762723799874026,0.09947051573717283,15.006257000000002,,210.07837,2.0
2M08281411+2047505,4922.64,2.252,2.704,0.004,-0.151,0.001,-0.062000006,0.00244949,-0.43100002,0.00244949,0.474,0.0033166248,0.154,0.0014142137,0.008999988,0.00244949,-0.106000006,0.00244949,0.212,0.0014142137,-0.195,0.0014142137,0.4567594532345036,0.07306358296888421,2.862592,,549.9465,2.0
2M17275379-3024273,4920.459,2.934,2.997,0.004,0.116,0.001,-0.083,0.0017320508,-0.066,0.0017320508,0.393,0.0017320508,0.14700001,0.0014142137,-0.012999997,0.0017320508,-0.08,0.0017320508,0.027999997,0.0014142137,0.43,0.0014142137,-0.34492978937055824,0.07090154431794123,0.4519289999999999,,331.61386,2.0
2M03510100+1714416,4868.026,4.258,2.433,0.009,-0.532,0.001,0.10100001,0.003,-0.004999995,0.0037416576,0.132,0.004582576,0.243,0.0014142137,0.09800002,0.003,0.211,0.003,-0.065999985,0.0014142137,0.109,0.0014142137,0.9295368334325141,0.12824434845152277,8.502308,,289.77563,2.0
2M04095860+1412285,4863.746,4.491,2.598,0.008,-0.322,0.001,0.112,0.003,-0.023999989,0.0037416576,0.07599999,0.0037416576,0.315,0.0014142137,0.07599999,0.003,0.133,0.003,-0.065,0.0014142137,0.07100001,0.0014142137,0.7578239623984088,0.13835445857775433,5.725639,,258.31497,2.0
2M04000322+2239184,4570.614,2.251,2.729,0.004,0.265,0.001,-0.017999992,0.00244949,-0.01699999,0.00244949,0.35000002,0.00244949,0.15900001,0.0014142137,-0.025999993,0.00244949,-0.015999988,0.00244949,-0.15799999,0.0014142137,0.398,0.0014142137,1.271241191799364,0.0260861022301466,18.674165,,229.30664,2.0
2M16152168-1940226,4658.866,4.867,2.525,0.011,-0.264,0.002,0.236,0.0041231057,0.117,0.0041231057,0.148,0.0046904157,0.40600002,0.0028284274,0.122999996,0.0041231057,0.288,0.0041231057,-0.24300003,0.0028284274,0.242,0.0028284274,-0.020084405699814435,0.14167730181880397,0.954807,,146.97804,2.0
2M03543661+1242254,4832.476,5.445,2.385,0.011,-0.482,0.001,0.01699999,0.0037416576,-0.062000036,0.004358899,0.174,0.004358899,,,0.072,0.0037416576,0.10699999,0.0037416576,-0.09000003,0.0014142137,0.338,0.0014142137,-0.06964299020473542,0.13275853279252642,0.8518379999999999,,224.38788,2.0
2M04265661+1820559,4647.511,1.394,2.627,0.003,0.069,0.001,-0.031999998,0.0017320508,-0.100999996,0.0017320508,0.21899998,0.0017320508,0.19799998,0.0014142137,-0.022999998,0.0017320508,-0.031,0.0017320508,-0.164,0.0014142137,0.041,0.0014142137,0.7973280053746623,0.08416435307912631,6.270873,,476.65488,2.0
2M10374949+0418190,4804.456,5.117,2.557,0.011,-0.429,0.002,0.15699998,0.0041231057,0.068999976,0.0046904157,0.083000004,0.0046904157,0.322,0.0022360682,0.12099999,0.0041231057,0.361,0.0041231057,-0.29600003,0.0028284274,-0.019000024,0.0028284274,0.25486190277773774,0.1461851060467614,1.798299,,199.25502,2.0
2M10585071+0911583,4421.358,3.652,2.46,0.013,-0.313,0.002,0.288,0.00489898,0.13299999,0.00489898,0.213,0.006,0.447,0.0028284274,0.167,0.00489898,0.27199998,0.00489898,-0.29600003,0.0028284274,0.167,0.0028284274,1.2351474641873854,0.06016720706275718,17.184918,,111.14698,2.0
2M10585071+0911583,4421.358,3.652,2.46,0.013,-0.313,0.002,0.288,0.00489898,0.13299999,0.00489898,0.213,0.006,0.447,0.0028284274,0.167,0.00489898,0.27199998,0.00489898,-0.29600003,0.0028284274,0.167,0.0028284274,1.2351474641873854,0.06016720706275718,17.184918,,111.14698,2.0
2M13531858-1042225,4591.714,2.137,2.486,0.006,-0.668,0.002,0.33699998,0.0034641016,0.10699999,0.0041231057,0.021999955,0.0057445625,0.40699998,0.0022360682,0.24399999,0.0034641016,0.366,0.0034641016,-0.07800001,0.0028284274,-0.43700004,0.0028284274,1.1999902742010118,0.09097088622350157,15.848577,,324.9456,2.0
2M16385288-1908340,4950.064,1.168,3.027,0.002,0.154,0.001,-0.105000004,0.0017320508,-0.134,0.0017320508,0.46100003,0.0017320508,0.14799999,0.0014142137,0.0059999973,0.0017320508,-0.085999995,0.0017320508,-0.16499999,0.0014142137,0.517,0.0014142137,0.04514413784414405,0.05828283982176267,1.109543,,883.31104,2.0
2M13153904-0805430,4833.746,5.175,2.656,0.011,-0.526,0.001,0.08900002,0.0037416576,0.015000045,0.0037416576,0.25000003,0.004358899,0.30200002,0.0014142137,0.022000015,0.0037416576,0.17400002,0.0037416576,-0.010999978,0.0014142137,0.16100001,0.0014142137,0.7958354738177801,0.14108485224606193,6.249358999999999,,227.34892,2.0
2M08264015+2117060,4728.171,0.847,2.339,0.002,-0.313,0.001,-0.060000002,,-0.19000003,,0.396,,0.14799999,0.0014142137,0.01699999,,-0.025000006,,0.19299999,0.0014142137,-0.109,0.0014142137,0.07957844380829011,0.10246054755562048,1.201098,,1178.4952,2.0
2M09111879+2302081,4744.322,1.602,2.793,0.003,0.122,0.001,-0.061,0.0017320508,-0.18900001,0.0017320508,0.26099998,0.00244949,0.127,0.0014142137,-0.013999999,0.0017320508,-0.08400001,0.0017320508,0.0029999986,0.0014142137,-0.099,0.0014142137,0.25612842761108506,0.11736515615219097,1.803551,,509.06342,2.0
2M18482889-2535228,4561.001,2.8,2.597,0.006,0.125,0.001,-0.012999997,0.00244949,0.031000003,0.00244949,0.21000001,0.00244949,0.153,0.0014142137,-0.020999998,0.00244949,-0.0019999966,0.00244949,-0.174,0.0014142137,0.24900001,0.0014142137,0.15592967352296586,0.06459070276545699,1.431956,,193.12663,2.0
2M04043883+1858097,4684.092,4.645,2.547,0.01,-0.178,0.001,0.091000006,0.0033166248,0.042999998,0.0037416576,0.108,0.0037416576,0.24200001,0.0014142137,0.030000001,0.0033166248,0.135,0.0037416576,-0.08899999,0.0014142137,0.124,0.0014142137,-0.25275215174597604,0.11534600422295983,0.558789,,169.69452,2.0
2M13373091-1055392,4553.477,0.796,2.604,0.002,0.194,0.001,-0.015000001,0.0017320508,-0.021000013,0.0017320508,0.36299998,0.0017320508,0.16299999,0.0014142137,-0.022,0.0017320508,-0.02700001,0.0017320508,-0.274,0.0014142137,0.305,0.0014142137,0.8779497126979121,0.11968507481723281,7.550047999999999,,665.6946,2.0
2M08180377+1946507,4928.846,6.249,2.556,0.011,,,,,,,,,,,,,,,,,,,-0.40591476918799946,0.0831411147979773,0.3927219999999999,,212.27278,2.0
2M04545901+2030277,4765.68,2.298,2.488,0.005,-0.239,0.001,0.0109999925,0.0017320508,-0.06800002,0.00244949,0.204,0.00244949,0.247,0.0014142137,0.013999999,0.0017320508,0.019999996,0.0017320508,-0.262,0.0014142137,-0.109,0.0014142137,0.7716169472398519,0.14847050645579615,5.910401,,406.42273,2.0
2M10175848+0534480,4845.425,1.901,2.533,0.004,-0.489,0.001,0.264,0.00244949,0.13099998,0.0033166248,0.109999985,0.004242641,0.35799998,0.0014142137,0.076000005,0.00244949,0.436,0.00244949,-0.52,0.0022360682,-0.19799998,0.0022360682,0.5626564487222748,0.012693909828940189,3.653057,,560.19336,2.0
2M10175848+0534480,4845.425,1.901,2.533,0.004,-0.489,0.001,0.264,0.00244949,0.13099998,0.0033166248,0.109999985,0.004242641,0.35799998,0.0014142137,0.076000005,0.00244949,0.436,0.00244949,-0.52,0.0022360682,-0.19799998,0.0022360682,0.5626564487222748,0.012693909828940189,3.653057,,560.19336,2.0
2M12392536-0052574,4738.738,2.826,2.813,0.005,0.173,0.001,-0.03199999,0.00244949,-0.042999998,0.00244949,0.393,0.00244949,0.126,0.0014142137,,,-0.04999999,0.00244949,-0.318,0.0014142137,0.16400002,0.0014142137,-0.11466026902917528,0.11221525810399766,0.767962,,268.40863,2.0
2M08303185+2206159,4916.582,2.119,2.575,0.004,-0.372,0.001,0.04000002,0.00244949,-0.06799999,0.0033166248,0.21200001,0.0033166248,0.24100001,0.0014142137,0.055999994,0.00244949,0.143,0.00244949,0.067,0.0014142137,-0.07799998,0.0014142137,0.5958261162137573,0.0655212920266257,3.942994,,567.05475,2.0
2M13340096-1505197,4737.679,3.846,2.472,0.009,-0.427,0.001,0.281,0.003,0.089999974,0.003,0.112999976,0.0037416576,0.376,0.0014142137,0.167,0.003,0.32599998,0.003,-0.371,0.0022360682,-0.18300003,0.0022360682,1.0773363223864403,0.12726153530369363,11.949131,,211.37895,2.0
2M23172335-0216533,4972.561,11.374,2.383,0.021,-0.775,0.002,0.31599998,0.0067082043,0.035999954,0.012247449,0.12699997,0.015937377,0.39999998,0.0028284274,-0.0020000339,0.0067082043,0.31999996,0.0067082043,-0.35600007,0.0036055513,-0.062000036,0.0028284274,0.4422120545523835,0.14224470599351993,2.768293,,147.83614,2.0
2M17201241-2337599,4701.648,2.377,2.506,0.005,-0.353,0.001,0.23299998,0.0017320508,0.12799999,0.00244949,0.14999999,0.00244949,,,0.095999986,0.0017320508,0.264,0.0017320508,-0.449,0.0014142137,0.459,0.0014142137,-0.00305381300722566,0.12745758181165034,0.992993,,353.68454,2.0
2M13541994-1047083,4724.472,2.33,2.687,0.004,0.056,0.001,-0.073,0.0017320508,-0.118,0.0017320508,0.234,0.0017320508,0.16,0.0014142137,-0.006000001,0.0017320508,-0.093,0.0017320508,-0.009000003,0.0014142137,0.18399999,0.0014142137,0.39566041792350465,0.03673105262938076,2.486912,,355.85602,2.0
2M13524337-1211413,4610.307,1.881,2.597,0.004,0.041,0.001,-0.018000001,0.0017320508,-0.057000004,0.0017320508,0.206,0.0017320508,,,-0.010000002,0.0017320508,-0.015000001,0.0017320508,-0.272,0.0014142137,0.094000004,0.0014142137,0.8130149696633612,0.13915972007172703,6.501521,,345.96143,2.0
2M08522086+1121472,4829.984,0.601,2.546,0.001,-0.3,0.001,0.038000017,,-0.095999986,,0.21200001,,0.29900002,0.0014142137,0.030000001,,0.09000002,,-0.016000003,0.0014142137,0.07500002,0.0014142137,0.5992546365202271,0.04711285575616798,3.974245,,1790.3016,2.0
2M16490581-2006156,4314.215,2.951,2.325,0.011,-0.034,0.002,0.049000002,0.0045825755,0.032,0.0045825755,0.119,0.0053851646,0.127,0.0028284274,0.058000002,0.0045825755,0.073,0.0045825755,-0.1,0.0028284274,0.174,0.0028284274,1.101233485158968,0.1466478101446906,12.625061,,113.617455,2.0
2M03554963+2602009,4858.111,3.564,2.508,0.007,-0.364,0.001,0.08699998,0.003,-0.06400001,0.0037416576,0.203,0.0037416576,0.313,0.0014142137,0.07999998,0.003,0.055000007,0.003,-0.039000005,0.0014142137,0.065,0.0014142137,1.0271539884822225,0.11093812400575073,10.645204,,317.176,2.0
2M13495438-0801580,5153.455,9.219,2.143,0.015,-1.061,0.002,0.16299999,0.006,0.059999943,0.016613249,0.031000018,0.040249225,0.268,0.0028284274,0.023000002,0.006,0.315,0.006,-0.80500007,0.0044721365,0.495,0.0028284274,0.36264228983937424,0.13873015403539002,2.304848,,262.8533,2.0
2M08414545+1934226,4859.516,7.784,2.399,0.016,-0.512,0.002,0.07500002,0.0053851646,-0.020999968,0.006,0.14300004,0.0067082043,0.26400003,0.0028284274,0.042000026,0.0053851646,0.256,0.0053851646,-0.16999996,0.0028284274,-0.023000002,0.0028284274,0.9501628994431117,0.14771818563171993,8.915853,,153.92793,2.0
2M04195133+1346579,4794.127,2.759,2.654,0.005,-0.13,0.001,-0.008000001,0.00244949,-0.095,0.003,0.164,0.003,0.232,0.0014142137,0.018999994,0.00244949,0.026999995,0.00244949,0.08399999,0.0014142137,0.012999997,0.0014142137,0.9983196383807286,0.1174175996962065,9.961383,,327.56113,2.0
2M16104581-2553540,4504.175,3.037,2.724,0.009,-0.044,0.001,0.081,0.0033166248,0.019,0.0033166248,0.16499999,0.0037416576,0.222,0.0014142137,-0.013,0.0033166248,0.074,0.0033166248,-0.008000001,0.0014142137,0.019,0.0014142137,1.0536727894484172,0.1328877268530822,11.315475,,158.72122,2.0
2M08272402+1116333,4809.37,5.884,2.552,0.012,-0.265,0.001,0.03899999,0.0037416576,-0.09400001,0.0037416576,0.19299999,0.004358899,0.26599997,0.0014142137,0.07499999,0.0037416576,0.17099999,0.0037416576,-0.113000005,0.0014142137,0.0119999945,0.0014142137,1.2457456684467907,0.04953130533564522,17.609445,,171.84496,2.0
2M12350601-0937417,4442.106,2.839,2.374,0.012,-0.535,0.002,0.291,0.0041231057,0.10200003,0.0046904157,0.043000013,0.0061644143,0.45900002,0.0028284274,0.20900002,0.0041231057,0.28300002,0.0041231057,-0.13299996,0.0028284274,-0.162,0.0028284274,0.6233292139086201,0.10628952262946202,4.200773000000001,,149.50784,2.0
2M22343778-1317525,4676.424,7.187,2.663,0.016,-0.496,0.002,0.247,0.0061644143,0.120000005,0.0067082043,0.055999994,0.008062257,0.491,0.0028284274,0.148,0.0061644143,0.274,0.0061644143,0.044999987,0.0028284274,-0.24400002,0.0028284274,0.7362060881512186,0.13956640768208917,5.447611,,119.18333,2.0
2M04522489+2143193,4757.343,5.303,2.482,0.011,-0.251,0.001,0.022999987,0.0037416576,0.018999994,0.0037416576,-0.066000015,0.004358899,0.16399999,0.0014142137,0.015999988,0.0037416576,0.02699998,0.0037416576,0.117999986,0.0014142137,0.07499999,0.0014142137,0.7732668086914183,0.019060317426952533,5.9328970000000005,,176.65887,2.0
2M10135324+0456025,4756.918,1.105,2.637,0.002,-0.127,0.001,-0.0069999993,0.0017320508,-0.14500001,0.00244949,0.18900001,0.00244949,0.214,0.0014142137,0.022000007,0.0017320508,-0.03199999,0.0017320508,-0.041999996,0.0014142137,-0.096,0.0014142137,-0.3159773463403933,0.10702418696205497,0.483084,,809.98535,2.0
2M22351603-0523396,4984.227,10.279,2.598,0.018,-0.665,0.002,0.31200004,0.0061644143,0.12200004,0.009643651,0.13500005,0.011357817,0.284,0.0028284274,0.157,0.0067082043,0.32400003,0.0061644143,-0.18799996,0.0028284274,-0.10799998,0.0028284274,-0.22864846903766517,0.12644543333058317,0.590679,,148.06789,2.0
2M01014645+0816402,4387.066,0.549,2.776,0.001,0.342,0.001,-0.006000012,,0.039000005,,0.24199998,,0.141,0.0014142137,0.00999999,,-0.038000017,,-0.006000012,0.0014142137,0.08499998,0.0014142137,1.1565895200653262,0.06551875582724266,14.341333,,672.9386,2.0
2M17183384-2349135,4783.521,3.534,2.785,0.006,-0.089,0.001,-0.034999996,0.00244949,-0.148,0.003,0.207,0.003,0.146,0.0014142137,0.061,0.00244949,-0.011,0.00244949,-0.109,0.0014142137,0.066,0.0014142137,0.42301178349312873,0.12456861954662374,2.648572,,272.24213,2.0
2M08295903+2245571,4778.527,0.982,2.916,0.001,0.212,0.001,-0.025999993,0.0017320508,-0.103,0.0017320508,0.519,0.0017320508,0.18500002,0.0014142137,-0.020999998,0.0017320508,-0.036,0.0017320508,-0.238,0.0014142137,0.22700001,0.0014142137,0.15112796331769793,0.039390099290282844,1.416211,,795.95374,2.0
2M00484808+0950364,4808.444,1.767,2.827,0.003,-0.27,0.001,-0.042999983,0.00244949,-0.22799999,0.00244949,0.33400002,0.0033166248,0.25,0.0014142137,0.01000002,0.00244949,-0.122999996,0.00244949,0.31800002,0.0014142137,0.09400001,0.0014142137,0.2010746980665684,0.1160905816497278,1.58882,,660.8418,2.0
2M08172137+1652551,4699.739,2.41,2.596,0.005,,,,,,,,,,,,,,,,,,,0.14101996985953244,0.014993286980127321,1.38363,,303.2431,2.0
2M13305609-1142235,4859.097,10.921,2.555,0.021,-0.507,0.003,0.24700004,0.00781025,0.09100002,0.009,0.10700002,0.010440307,0.448,0.0036055513,0.11800003,0.00781025,0.29300004,0.00781025,-0.49499995,0.004242641,0.20700002,0.004242641,1.2851991722148588,0.011190552107137411,19.284091,,103.32487,2.0
2M23232224+0032510,4911.854,8.364,2.703,0.017,-1.024,0.002,0.30600005,0.006,0.106000066,0.015652476,-0.0539999,0.02147091,0.43700004,0.0028284274,0.34600008,0.006,0.47800004,0.0053851646,-1.476,0.0044721365,0.22500002,0.0028284274,1.0764331851543614,0.12246265411513192,11.924308,,208.87807,2.0
2M16113631-2534329,4493.01,3.426,2.718,0.008,-0.006,0.002,0.125,0.0037416574,0.08,0.0037416574,0.191,0.0041231057,0.242,0.0028284274,0.060000002,0.0037416574,0.114,0.0037416574,-0.119,0.0028284274,0.141,0.0028284274,1.1075925909209277,0.1328888641099878,12.811282,,133.74854,2.0
2M13301635-1134421,4503.959,2.505,2.646,0.007,-0.133,0.001,0.171,0.00244949,0.113000005,0.00244949,0.163,0.003,0.31599998,0.0014142137,0.066,0.00244949,0.149,0.00244949,-0.14400001,0.0014142137,-0.147,0.0014142137,1.2057952953681605,0.06712085105327137,16.06184,,184.4851,2.0
2M04223291+1433376,4935.539,5.433,2.499,0.01,-0.418,0.001,0.05400002,0.0037416576,-0.141,0.004358899,0.367,0.004358899,0.28900003,0.0014142137,0.08200002,0.0037416576,0.096000016,0.0037416576,0.030000001,0.0014142137,0.14200002,0.0014142137,0.10791106047263987,0.14548212042861708,1.282068,,246.44534,2.0
2M23041979-0133442,4867.2,4.454,2.382,0.009,-0.613,0.001,0.23999998,0.003,0.09199995,0.004582576,0.14499998,0.004582576,0.35899997,0.0014142137,0.14099997,0.003,0.34999996,0.003,-0.33100003,0.0022360682,0.35799998,0.0014142137,0.2714891508665348,0.14844197259410327,1.868483,,274.4287,2.0
2M08363641+2047482,4871.128,1.702,2.822,0.003,-0.226,0.001,0.023999989,0.00244949,-0.026999995,0.00244949,0.151,0.00244949,0.289,0.0014142137,0.033999994,0.00244949,-0.03199999,0.00244949,0.144,0.0014142137,-0.11299999,0.0014142137,-0.25718220814903275,0.1296763790967089,0.553118,,635.5272,2.0
2M16105239-2557069,4878.452,10.667,2.628,0.021,-0.744,0.002,0.030000031,0.0067082043,0.0010000467,0.010488089,0.032999992,0.012247449,0.100000024,0.0028284274,0.15400004,0.0067082043,0.21400005,0.0067082043,0.031000018,0.0028284274,0.17000002,0.0028284274,0.7575616668804099,0.1397734457355188,5.722182,,145.59393,2.0
2M23001486-0215332,5006.046,11.255,2.465,0.019,-0.719,0.002,0.32199997,0.0067082043,0.08699995,0.011357817,0.097,0.013152947,0.38399997,0.0028284274,0.13299996,0.0067082043,0.41899997,0.0067082043,-0.076000035,0.0028284274,0.23399997,0.0028284274,-0.2612796763141708,0.13483305825450986,0.547924,,145.82582,2.0
2M04594927+2100354,5038.643,13.685,2.567,0.023,-0.449,0.002,0.09200001,0.007483315,0.04699999,0.008717798,0.24,0.009433981,0.229,0.0028284274,0.06099999,0.007483315,0.030000001,0.007483315,-0.046000004,0.0028284274,0.326,0.0028284274,0.5025053678840492,0.06735956949107412,3.180573,,112.287155,2.0
2M05070859+2214168,4964.188,12.893,2.612,0.022,-0.36,0.003,0.003000021,0.00781025,-0.08199999,0.009,0.19600001,0.0096953595,0.30400002,0.0036055513,0.10800001,0.00781025,0.268,0.00781025,0.19400002,0.0036055513,0.16100001,0.0036055513,0.5036364062386894,0.06015025158437561,3.188867,,109.194916,2.0
2M23110291-0537496,4800.604,7.709,2.509,0.016,-0.405,0.002,0.179,0.0053851646,0.13800001,0.0053851646,0.083000004,0.006,0.36,0.0028284274,0.110000014,0.0053851646,0.28,0.0053851646,-0.326,0.0028284274,-0.141,0.0028284274,-0.3722778403613959,0.10173295122076446,0.4243479999999999,,127.24267,2.0
2M12474508-0732375,5088.109,8.576,2.378,0.015,-0.835,0.002,0.27199996,0.0053851646,0.116999984,0.010954451,0.134,0.015652476,0.36999997,0.0028284274,,,0.41099998,0.0053851646,-1.0380001,0.0036055513,-0.435,0.0036055513,-0.4839606792499679,0.03520614421755595,0.328125,,230.94962,2.0
2M03303314+1949390,5022.829,8.106,2.677,0.013,-0.396,0.001,0.08700001,0.004582576,-0.17099997,0.0057445625,0.434,0.0057445625,0.334,0.0014142137,0.09099999,0.004582576,0.167,0.004582576,-0.19299999,0.0022360682,-0.17600003,0.0022360682,0.16461186791126495,0.036375300326968674,1.4608709999999998,,191.01688,2.0
2M13221301-0109496,4781.059,1.466,2.541,0.003,-0.318,0.001,0.02699998,0.00244949,-0.06300002,0.00244949,0.225,0.00244949,0.26799998,0.0014142137,0.024999976,0.00244949,0.080999985,0.00244949,-0.013999999,0.0014142137,0.08999999,0.0014142137,-0.009702889223951582,0.13430315680783853,0.977906,,674.32404,2.0
2M13265842-0958436,4739.007,6.833,2.549,0.015,-0.44,0.002,0.23099999,0.0053851646,0.109999985,0.006,0.06099999,0.0067082043,0.398,0.0028284274,0.16600001,0.0053851646,0.328,0.0053851646,-0.473,0.0028284274,-0.06300002,0.0028284274,0.06100551395410098,0.1293682923063803,1.150815,,134.47324,2.0
2M22251207-0655359,4829.152,7.38,2.652,0.016,-0.96,0.002,0.302,0.0057445625,0.722,0.0057445625,0.36499995,0.0061644143,0.27199996,0.0028284274,0.24899995,0.0057445625,0.28499997,0.0057445625,1.848,0.0022360682,-1.54,0.0036055513,0.9265613396783385,0.06290946703800795,8.444255,,148.51988,2.0
2M13514796-1233274,4873.954,9.75,2.52,0.019,-0.574,0.002,0.315,0.0067082043,0.106000006,0.008831761,0.073000014,0.009643651,0.44599998,0.0028284274,0.14199999,0.0067082043,0.53,0.0067082043,-0.36299998,0.0036055513,0.055000007,0.0028284274,0.5323305759585147,0.045450710700334705,3.406674,,123.624695,2.0
2M08273176+2040000,4787.643,1.874,2.607,0.004,-0.274,0.001,0.048999995,0.00244949,-0.009000003,0.00244949,0.17999999,0.00244949,0.257,0.0014142137,-0.0069999993,0.0017320508,0.077999994,0.00244949,0.06099999,0.0014142137,-0.17900002,0.0014142137,0.7719116477786094,0.08959653756196623,5.914413,,513.50116,2.0
2M22025469-0855492,4645.426,2.525,2.523,0.006,-0.141,0.001,0.15,0.00244949,0.064,0.00244949,0.124,0.003,0.277,0.0014142137,0.086,0.00244949,0.165,0.00244949,-0.35,0.0014142137,0.049000002,0.0014142137,1.2195405968607242,0.06657957298366995,16.578323,,274.89856,2.0
2M13384750-1322485,4910.961,13.39,2.997,0.023,-0.64,0.003,0.21899998,0.009110434,0.17899999,0.012569805,-0.053000033,0.01421267,0.332,0.004242641,0.055000007,0.009110434,0.19,0.009110434,-0.065999985,0.004242641,-0.37100005,0.004242641,0.9541769260208848,0.1358950016171715,8.998641000000001,,111.85005,2.0
2M08531807+1152136,4713.462,6.883,2.527,0.015,-0.39,0.002,0.259,0.0053851646,0.14299999,0.0053851646,0.13,0.006,0.301,0.0028284274,0.125,0.00489898,0.27099997,0.0053851646,-0.286,0.0028284274,0.15699999,0.0028284274,1.0869960685941644,0.13661688963371954,12.217886,,131.16762,2.0
2M08531807+1152136,4713.462,6.883,2.527,0.015,-0.39,0.002,0.259,0.0053851646,0.14299999,0.0053851646,0.13,0.006,0.301,0.0028284274,0.125,0.00489898,0.27099997,0.0053851646,-0.286,0.0028284274,0.15699999,0.0028284274,1.0869960685941644,0.13661688963371954,12.217886,,131.16762,2.0
2M18473546-2604139,4753.015,3.923,2.601,0.008,-0.227,0.001,0.095,0.00244949,0.053000003,0.003,0.08499999,0.003,0.284,0.0014142137,0.054999992,0.00244949,0.088,0.00244949,-0.187,0.0014142137,0.023000002,0.0014142137,0.8148250497930519,0.053866338835470255,6.528675,,221.76561,2.0
2M17363741-2914572,4626.043,2.673,2.551,0.006,-0.076,0.001,0.0069999993,0.00244949,-0.010000005,0.00244949,0.218,0.00244949,0.189,0.0014142137,-0.027000003,0.00244949,0.0009999946,0.00244949,-0.16299999,0.0014142137,0.327,0.0014142137,1.1539335248140812,0.09468381746546337,14.253894,,262.49088,2.0
2M23155357-0005405,4708.198,4.687,2.588,0.01,-0.206,0.001,0.244,0.0033166248,0.187,0.0033166248,0.179,0.0037416576,0.412,0.0014142137,0.099,0.0033166248,0.151,0.0033166248,-0.21900001,0.0014142137,-0.012999997,0.0014142137,0.11678136066737599,0.1059907172851227,1.308523,,164.29578,2.0
2M23173531+0100304,4900.151,8.106,2.474,0.016,-0.466,0.002,0.11499998,0.0053851646,-0.032000005,0.0067082043,0.051999986,0.0067082043,0.29,0.0028284274,0.03999999,0.0053851646,0.249,0.0053851646,-0.25900003,0.0028284274,0.044,0.0028284274,0.644126888581097,0.12873614966780222,4.406836,,149.5778,2.0
2M16115775-2442556,4310.987,2.644,2.32,0.012,-0.268,0.002,0.236,0.00489898,0.143,0.00489898,0.142,0.0053851646,0.34100002,0.0028284274,0.17400001,0.0045825755,0.223,0.0045825755,-0.39200002,0.0028284274,0.003000021,0.0028284274,1.135426535876374,0.13474333787760148,13.65924,,118.06612,2.0
2M16104658-2455528,4485.98,3.259,2.71,0.007,-0.002,0.002,0.088,0.0037416574,0.168,0.0037416574,0.156,0.0041231057,0.16600001,0.0028284274,0.004,0.0037416574,0.100999996,0.0037416574,0.14400001,0.0028284274,0.242,0.0028284274,0.0019853922480690188,0.09823527254579391,1.004582,,143.22949,2.0
2M08255587+1039221,4876.41,6.861,2.622,0.013,-0.35,0.002,0.058,0.0041231057,-0.13300002,0.0046904157,0.258,0.0046904157,0.269,0.0022360682,0.07799998,0.0041231057,0.21599999,0.0041231057,-0.18200001,0.0028284274,0.16999999,0.0022360682,0.7869081514614773,0.12915549324433018,6.122209,,173.47432,2.0
2M16592086-2248241,5015.083,2.158,3.063,0.003,-0.12,0.001,-0.014000006,0.00244949,-0.16099998,0.00244949,0.311,0.0033166248,0.13,0.0014142137,0.033,0.00244949,-0.069,0.00244949,0.297,0.0014142137,0.173,0.0014142137,0.030313470894585436,0.08115807075791719,1.072293,,641.7188,2.0
2M14022841-0806179,4907.698,20.349,2.316,0.04,-1.366,0.005,0.24000001,0.01396424,0.17800009,0.04082891,-0.49399996,1.9640373,0.19200003,0.006403124,0.29700005,0.01396424,0.49000007,0.013490737,-0.15499997,0.0070710676,-0.22299993,0.0070710676,0.9654531708185846,0.14265491392596966,9.235346,,115.50446,2.0
2M16560911-2131026,4699.5,2.95,2.702,0.005,-0.006,0.001,-0.019000001,0.00244949,-0.061,0.00244949,0.26500002,0.00244949,0.159,0.0014142137,-0.007,0.00244949,-0.026,0.00244949,-0.15900001,0.0014142137,0.121999994,0.0014142137,0.7545519017635337,0.06870857496139006,5.682663,,259.56494,2.0
2M22370810-1514263,4434.397,0.929,2.522,0.003,-0.242,0.001,0.219,0.0017320508,0.125,0.0017320508,0.145,0.00244949,0.352,0.0014142137,0.14199999,0.0017320508,0.213,0.0017320508,-0.18100001,0.0014142137,0.096,0.0014142137,1.1325426253953665,0.11802618431117394,13.568837,,456.0773,2.0
2M22370810-1514263,4434.397,0.929,2.522,0.003,-0.242,0.001,0.219,0.0017320508,0.125,0.0017320508,0.145,0.00244949,0.352,0.0014142137,0.14199999,0.0017320508,0.213,0.0017320508,-0.18100001,0.0014142137,0.096,0.0014142137,1.1325426253953665,0.11802618431117394,13.568837,,456.0773,2.0
2M08311525+2201456,4925.284,11.295,2.613,0.021,-0.395,0.002,0.072,0.0067082043,-0.119999975,0.007348469,0.245,0.008062257,0.333,0.0028284274,0.066000015,0.0067082043,0.116,0.0067082043,-0.08699998,0.0028284274,0.14600001,0.0028284274,0.3634718926305303,0.05385390368989377,2.309255,,112.428566,2.0
2M08404729+1435327,4798.857,5.877,2.517,0.012,-0.498,0.002,0.24700001,0.0041231057,-0.0010000169,0.0046904157,0.218,0.0053851646,0.371,0.0022360682,0.18599999,0.0041231057,0.366,0.0041231057,-0.24399999,0.0028284274,-0.031999975,0.0028284274,0.45342827603723745,0.11658474602979832,2.840719,,181.75047,2.0
2M18460134-2512518,4597.907,3.471,2.577,0.007,0.12,0.001,-0.044,0.00244949,-0.047,0.00244949,0.38099998,0.00244949,0.18599999,0.0014142137,-0.013999999,0.00244949,-0.022999994,0.00244949,-0.32299998,0.0014142137,0.36699998,0.0014142137,0.7900485956490988,0.08889770651126574,6.16664,,170.10397,2.0
2M04093543+2406531,4743.612,1.319,2.396,0.003,-0.304,0.001,0.048999995,0.0017320508,0.08299999,0.0017320508,0.373,0.0017320508,,,0.023000002,0.0017320508,0.042999983,0.0017320508,0.778,0.0014142137,-0.895,0.0014142137,0.6388063259123966,0.14269216060069914,4.353177,,655.9494,2.0
2M17075547-2409042,4892.318,3.415,2.964,0.005,0.125,0.001,-0.069,0.00244949,-0.178,0.00244949,0.43699998,0.003,0.14199999,0.0014142137,-0.009999998,0.00244949,-0.056,0.00244949,-0.135,0.0014142137,0.263,0.0014142137,-0.20189031546012345,0.015099309516440746,0.628217,,293.60144,2.0
2M23484937-0724465,4749.193,1.902,2.568,0.004,-0.425,0.001,0.23000002,0.00244949,0.164,0.00244949,0.083000004,0.0033166248,0.40100002,0.0014142137,0.139,0.00244949,0.21500002,0.00244949,-0.085999966,0.0014142137,0.34600002,0.0014142137,0.7375488407824479,0.10604239244420947,5.46448,,490.67593,2.0
2M03495326+2331503,4497.35,0.426,2.627,0.001,0.202,0.001,0.0019999892,,0.05299999,,0.39,,0.149,0.0014142137,-0.001000002,,-0.018000007,,-0.23900001,0.0014142137,0.22399999,0.0014142137,0.9755687849852257,0.06921304838905218,9.452981,,1018.37726,2.0
2M04272357+1828225,4946.589,5.3,2.6,0.009,-0.291,0.001,-0.037,0.0037416576,-0.21700001,0.004358899,0.21900001,0.004358899,0.16200002,0.0014142137,0.055000007,0.0037416576,0.12400001,0.0037416576,0.050000012,0.0014142137,0.024000019,0.0014142137,0.37979792246954935,0.04521135249932738,2.397717,,245.63512,2.0
2M13493808-1618498,4454.733,2.688,2.559,0.008,0.01,0.001,0.018000001,0.0033166248,0.022000002,0.0033166248,0.226,0.0037416576,0.19999999,0.0014142137,0.054000005,0.0033166248,0.031999998,0.0033166248,-0.25,0.0014142137,0.384,0.0014142137,1.1272754684846482,0.12060394546673839,13.405267000000002,,164.2562,2.0
2M23373833-0920478,4846.136,6.461,2.416,0.013,-0.512,0.002,0.19500002,0.0046904157,0.11100003,0.0046904157,0.10400003,0.0053851646,0.38200003,0.0022360682,0.16300002,0.0041231057,0.28400004,0.0046904157,-0.032999992,0.0028284274,-0.07099998,0.0028284274,0.07232858567427605,0.13920146033039185,1.181214,,178.47685,2.0
2M03560370+2553554,4852.745,3.508,2.846,0.006,-0.306,0.001,0.012999982,0.003,-0.011000007,0.003,0.23799999,0.003,0.162,0.0014142137,0.025999993,0.003,0.034999996,0.003,-0.08200002,0.0014142137,0.23499998,0.0014142137,0.7953014298029741,0.09798780906899442,6.241679,,341.281,2.0
2M04043519+1701110,4855.705,2.771,2.697,0.005,-0.081,0.001,-0.042000003,0.0017320508,-0.16,0.00244949,0.224,0.00244949,0.15200001,0.0014142137,0.051,0.00244949,-0.016999997,0.0017320508,0.109,0.0014142137,0.05,0.0014142137,0.2466307693706026,0.0246955658766059,1.7645369999999998,,372.92767,2.0
2M08192134+2041596,4534.104,2.347,2.667,0.007,-0.222,0.001,0.204,0.00244949,0.07700001,0.00244949,0.17,0.003,0.327,0.0014142137,0.07800001,0.00244949,0.205,0.00244949,-0.102999985,0.0014142137,0.031000003,0.0014142137,1.145319930870018,0.11852320622599026,13.973973999999998,,228.88739,2.0
2M19185220-2838423,4889.751,1.374,2.611,0.002,-0.376,0.001,0.051,0.00244949,-0.066000015,0.0033166248,0.15999998,0.0033166248,0.26299998,0.0014142137,0.059999973,0.00244949,0.13099998,0.00244949,0.203,0.0014142137,0.059999973,0.0014142137,0.48050494552511036,0.05038168773142035,3.0234650000000003,,907.19104,2.0
2M01150290+0716362,4836.044,6.367,2.398,0.013,-0.447,0.001,0.10499999,0.0037416576,-0.0150000155,0.004358899,0.136,0.0050990195,0.331,0.0014142137,0.02700001,0.0037416576,0.225,0.0037416576,-0.09199998,0.0022360682,-0.029000014,0.0022360682,0.9637975516566065,0.11934397687652937,9.200206,,172.71445,2.0
2M01150290+0716362,4836.044,6.367,2.398,0.013,-0.447,0.001,0.10499999,0.0037416576,-0.0150000155,0.004358899,0.136,0.0050990195,0.331,0.0014142137,0.02700001,0.0037416576,0.225,0.0037416576,-0.09199998,0.0022360682,-0.029000014,0.0022360682,0.9637975516566065,0.11934397687652937,9.200206,,172.71445,2.0
2M05002991+2109542,4955.08,11.269,2.516,0.021,-0.487,0.002,0.044999987,0.0067082043,-0.041999996,0.007348469,0.258,0.008062257,0.25599998,0.0028284274,-0.06800002,0.0067082043,0.174,0.0067082043,0.09799999,0.0028284274,0.04699999,0.0028284274,0.8630695271230353,0.12088836536359722,7.295742999999999,,122.063675,2.0
2M08392707+0957368,4477.556,1.395,2.752,0.003,-0.012,0.001,0.078,0.0017320508,0.133,0.0017320508,0.139,0.00244949,0.125,0.0014142137,0.0039999997,0.0017320508,0.086,0.0017320508,-0.01,0.0014142137,0.235,0.0014142137,1.0901117229029813,0.1434396592285427,12.305853,,326.54517,2.0
2M19202798-2909117,4860.903,10.721,2.538,0.021,-0.563,0.003,0.20800003,0.00781025,0.100000024,0.009,0.11900002,0.010440307,0.35300004,0.0036055513,0.13100001,0.00781025,0.476,0.00781025,-0.95199996,0.005,0.0010000467,0.004242641,0.1199997566854372,0.0033998851916786695,1.318256,,105.79734,2.0
2M13542625-1051181,4624.937,7.188,2.63,0.018,-0.519,0.003,0.311,0.007071068,0.109,0.0076811453,0.039000005,0.009899495,0.385,0.004242641,0.16499999,0.0065574385,0.364,0.007071068,0.03399998,0.004242641,0.030000001,0.004242641,1.1999492777626093,0.08957959612805315,15.847081,,105.425385,2.0
2M13282169-1300529,4891.277,4.657,2.659,0.009,-0.697,0.002,0.34800002,0.0041231057,-0.0069999695,0.00489898,0.38300002,0.0057445625,0.48400003,0.0022360682,0.27300003,0.0041231057,0.37800002,0.0041231057,-0.44999993,0.0028284274,0.097,0.0028284274,0.07824904654292977,0.10590195721173104,1.197427,,295.41858,2.0
2M04563436+2434456,4855.268,2.308,2.539,0.004,-0.364,0.001,0.03399998,0.00244949,-0.099999994,0.0033166248,0.17999999,0.0033166248,0.26,0.0014142137,0.065999985,0.00244949,0.104,0.00244949,-0.013000011,0.0014142137,-0.052000016,0.0014142137,0.6044311601708594,0.1003100750106012,4.021899,,497.35165,2.0
2M08472549+2447532,4546.287,0.732,2.627,0.002,-0.4,0.001,0.25,0.0017320508,0.095,0.00244949,0.104,0.0033166248,0.36900002,0.0014142137,0.201,0.0017320508,0.187,0.0017320508,-0.19600001,0.0014142137,0.09,0.0014142137,1.1276254774450105,0.1175829227062401,13.416075,,733.301,2.0
2M10443149+1210324,4728.881,7.242,2.669,0.014,-0.327,0.002,0.20899999,0.00489898,0.16899998,0.0053851646,0.10399999,0.006,0.45599997,0.0028284274,0.08899999,0.00489898,0.25,0.00489898,0.06299999,0.0028284274,-0.10699999,0.0028284274,1.1736354870721508,0.09272562304843714,14.91542,,119.90493,2.0
2M10443149+1210324,4728.881,7.242,2.669,0.014,-0.327,0.002,0.20899999,0.00489898,0.16899998,0.0053851646,0.10399999,0.006,0.45599997,0.0028284274,0.08899999,0.00489898,0.25,0.00489898,0.06299999,0.0028284274,-0.10699999,0.0028284274,1.1736354870721508,0.09272562304843714,14.91542,,119.90493,2.0
2M08182725+1403276,4900.266,4.685,2.893,0.008,-0.122,0.001,-0.006999992,0.003,-0.077,0.003,0.20899999,0.003,0.135,0.0014142137,0.048,0.003,-0.015999995,0.003,0.232,0.0014142137,0.08400001,0.0014142137,0.13763510900224585,0.01947699185805703,1.372888,,240.89606,2.0
2M03564448+2220009,4553.304,0.562,2.759,0.001,0.271,0.001,-0.024999991,,-0.048999995,,0.41200003,,0.13,0.0014142137,-0.011000007,,-0.032999992,,-0.29,0.0014142137,0.153,0.0014142137,0.724422439738244,0.05963185737182669,5.301789,,869.0176,2.0
2M01251431+0253095,4902.024,3.1,2.589,0.006,-0.43,0.001,0.08200002,0.003,0.016000003,0.0037416576,0.13800001,0.0037416576,0.307,0.0014142137,0.045000017,0.003,0.09100002,0.003,-0.085999966,0.0014142137,0.01700002,0.0014142137,1.0582237115196722,0.13834231324430402,11.434672,,403.49832,2.0
2M10520023+0048042,4749.549,9.582,2.642,0.021,-0.744,0.003,0.32000002,0.00781025,0.043000042,0.012041595,0.04100001,0.014628738,0.439,0.0036055513,0.24900001,0.00781025,0.372,0.00781025,-0.05799997,0.004242641,0.30100003,0.0036055513,1.2131137948428041,0.07318427975089631,16.334799,,115.76025,2.0
2M04140905+1401124,4815.719,3.071,2.596,0.006,-0.247,0.001,0.058,0.00244949,-0.158,0.003,0.399,0.003,0.275,0.0014142137,0.041999996,0.00244949,0.109,0.003,0.066,0.0014142137,0.331,0.0014142137,0.7043314065874856,0.0677881730914048,5.062108,,335.0594,2.0
2M10540671+0916044,4821.502,6.06,2.835,0.01,-0.414,0.002,0.2,0.0041231057,0.038000017,0.0046904157,0.297,0.0053851646,0.385,0.0028284274,0.11200002,0.0041231057,0.216,0.0041231057,-0.02700001,0.0028284274,0.06400001,0.0028284274,0.550240464197125,0.0576938624792825,3.550099,,178.76059,2.0
2M04000469+1712238,4721.451,3.162,2.578,0.007,-0.249,0.001,0.065,0.00244949,-0.0059999973,0.003,0.153,0.003,0.27,0.0014142137,0.036,0.00244949,0.07699999,0.00244949,-0.026999995,0.0014142137,-0.056999996,0.0014142137,1.1411695395491632,0.1037316727038409,13.841066,,277.49194,2.0
2M13450584-0851247,4965.002,3.628,2.705,0.006,-0.398,0.001,0.227,0.003,-0.06799999,0.0037416576,0.487,0.0037416576,0.424,0.0014142137,0.165,0.003,0.197,0.003,-0.20899999,0.0014142137,0.283,0.0014142137,0.12055682229835477,0.0517878734691435,1.319948,,346.7062,2.0
2M13542625-1051181,4624.937,7.188,2.63,0.018,-0.519,0.003,0.311,0.007071068,0.109,0.0076811453,0.039000005,0.009899495,0.385,0.004242641,0.16499999,0.0065574385,0.364,0.007071068,0.03399998,0.004242641,0.030000001,0.004242641,1.264439586120945,0.033950645287032254,18.383982,,105.425385,2.0
2M03530405+2542384,4873.734,2.689,2.647,0.005,-0.266,0.001,0.04900001,0.00244949,-0.020999998,0.00244949,0.155,0.00244949,0.244,0.0014142137,0.046000004,0.00244949,0.07100001,0.00244949,-0.03999999,0.0014142137,-0.204,0.0014142137,0.5007887371883505,0.038954168019511966,3.168026,,408.8224,2.0
2M00503818-0021407,4929.955,4.583,2.696,0.008,-0.464,0.001,0.09899998,0.003,-0.06800002,0.0037416576,0.291,0.004582576,0.253,0.0014142137,0.09099999,0.003,0.074,0.003,-0.13800001,0.0014142137,0.044999987,0.0014142137,0.10461239675743021,0.1033478034815344,1.272367,,290.31152,2.0
2M04021077+1248493,4963.311,1.148,3.023,0.002,0.036,0.001,-0.104,0.0017320508,-0.20899999,0.00244949,0.398,0.00244949,0.223,0.0014142137,0.012000002,0.0017320508,-0.048,0.0017320508,0.008000001,0.0014142137,0.30900002,0.0014142137,-0.15548616861325124,0.04433312692613498,0.699059,,953.1704,2.0
2M04274403+1829458,4772.695,2.447,2.699,0.004,-0.019,0.001,-0.045999996,0.0017320508,-0.13800001,0.0017320508,0.264,0.00244949,0.126,0.0014142137,-0.014,0.0017320508,-0.038999997,0.0017320508,0.041,0.0014142137,0.319,0.0014142137,0.3000221324897055,0.03967748012994069,1.995364,,344.04153,2.0
2M00535410+0020004,4595.11,0.659,2.69,0.001,0.131,0.001,-0.018999994,,0.00500001,,0.282,,,,,,-0.030999996,,-0.191,0.0014142137,0.15699999,0.0014142137,0.6477575342555415,0.07096406182396216,4.443830999999999,,918.7472,2.0
2M04145165+2315291,4967.19,3.311,2.607,0.006,-0.505,0.001,0.08399999,0.003,-0.049000025,0.0037416576,0.267,0.004582576,0.28399998,0.0014142137,0.058999985,0.003,-0.03399998,0.003,-0.07099998,0.0014142137,-0.07200003,0.0014142137,1.160099989824726,0.07413272147014917,14.457726,,436.0322,2.0
2M11221732+0136512,4858.283,8.98,2.28,0.018,-0.63,0.002,0.366,0.0061644143,0.09499997,0.007348469,0.322,0.008062257,0.417,0.0028284274,0.12800002,0.0061644143,0.439,0.0061644143,-0.63199997,0.0036055513,0.503,0.0028284274,0.9493026509922682,0.10383778459780642,8.89821,,130.6502,2.0
2M11221732+0136512,4858.283,8.98,2.28,0.018,-0.63,0.002,0.366,0.0061644143,0.09499997,0.007348469,0.322,0.008062257,0.417,0.0028284274,0.12800002,0.0061644143,0.439,0.0061644143,-0.63199997,0.0036055513,0.503,0.0028284274,0.9493026509922682,0.10383778459780642,8.89821,,130.6502,2.0
2M16553839-2050442,4289.471,2.516,2.329,0.011,-0.085,0.002,0.139,0.0045825755,0.068,0.0045825755,0.232,0.0053851646,0.24200001,0.0028284274,0.047000002,0.0045825755,0.131,0.0045825755,0.091,0.0028284274,0.149,0.0028284274,1.152757648693969,0.12085977817907187,14.215353,,114.19929,2.0
2M04400198+2645233,4883.858,7.793,2.725,0.014,-0.539,0.002,0.09099996,0.0053851646,0.0,0.006,0.19699997,0.0067082043,0.24199998,0.0028284274,0.05099997,0.0053851646,0.09699997,0.0053851646,-0.17900002,0.0028284274,-0.15000004,0.0028284274,0.5641441240169596,0.05172927032795348,3.665592,,169.28648,2.0
2M13163657-1250333,4595.208,2.796,2.529,0.008,-0.592,0.002,0.292,0.0034641016,0.096000016,0.0041231057,-0.0019999743,0.0057445625,0.404,0.0022360682,0.187,0.0034641016,0.326,0.0034641016,-0.30900002,0.0028284274,-0.031000018,0.0028284274,1.1709489705435308,0.10011427712772498,14.823439000000002,,245.64381,2.0
2M08292529+1145368,4868.616,3.174,2.646,0.006,-0.334,0.001,0.04699999,0.003,-0.055999994,0.003,0.22299999,0.0037416576,0.24899998,0.0014142137,0.020999998,0.003,0.137,0.003,-0.06100002,0.0014142137,-0.018999994,0.0014142137,0.6515598261951875,0.08358954994074189,4.482908,,366.39246,2.0
2M04422555+1757065,4730.523,2.323,2.753,0.004,0.063,0.001,-0.030000001,0.0017320508,-0.121,0.0017320508,0.262,0.00244949,0.15799999,0.0014142137,0.018,0.0017320508,-0.04,0.0017320508,-0.031,0.0014142137,0.114,0.0014142137,0.43385508484207697,0.038730104747491376,2.715533,,363.48245,2.0
2M03400141+1948383,4987.315,1.27,2.981,0.002,-0.006,0.001,-0.076000005,0.00244949,-0.205,0.00244949,0.291,0.00244949,0.134,0.0014142137,0.033,0.00244949,-0.103,0.00244949,0.061,0.0014142137,0.106,0.0014142137,-5.5158901866119236e-05,0.039065624183890764,0.999873,,938.1976,2.0
2M15584392-2307118,4547.478,3.489,2.619,0.01,-0.33,0.002,0.26500002,0.0041231057,0.09300001,0.0041231057,0.143,0.0046904157,0.397,0.0022360682,0.16100001,0.0037416574,0.32000002,0.0041231057,-0.33799997,0.0028284274,-0.095,0.0028284274,1.106207833397708,0.1237732495701876,12.770498,,160.67723,2.0
2M12053585+0006203,4508.555,1.524,2.447,0.005,-0.496,0.001,0.33499998,0.003,0.088,0.003,0.067,0.004582576,0.522,0.0014142137,0.23499998,0.003,0.328,0.003,-0.41000003,0.0022360682,-0.45700002,0.0022360682,1.160571104944012,0.08848379737878197,14.473418,,318.42307,2.0
2M16551961-2820056,4722.896,4.66,2.597,0.009,-0.139,0.001,0.048,0.0033166248,0.047,0.0033166248,0.145,0.0037416576,0.194,0.0014142137,0.015000001,0.0033166248,0.020999998,0.0033166248,-0.287,0.0014142137,0.436,0.0014142137,0.24532138806993573,0.10528664896681249,1.759225,,178.03098,2.0
2M13345275-1418401,4519.688,1.905,2.638,0.006,-0.324,0.001,0.273,0.00244949,0.11400001,0.003,0.095,0.0037416576,0.393,0.0014142137,0.198,0.00244949,0.277,0.00244949,-0.14899999,0.0014142137,-0.109,0.0014142137,1.1438799025025572,0.12332989334001238,13.927716,,273.71783,2.0
2M13314425-1014016,4895.021,6.65,2.707,0.012,-0.335,0.002,0.21900001,0.00489898,0.234,0.0053851646,0.034999996,0.006,0.45000002,0.0028284274,0.10900001,0.00489898,0.072,0.00489898,-0.17499998,0.0028284274,0.09500001,0.0028284274,1.2539224553286317,0.042501152984277035,17.944132,,157.91592,2.0
2M00421903+0233156,4582.825,2.006,2.492,0.005,-0.02,0.001,0.081,0.00244949,0.052,0.00244949,0.161,0.00244949,0.241,0.0014142137,0.011,0.00244949,0.095,0.00244949,-0.08400001,0.0014142137,-0.019000001,0.0014142137,1.1136341247951516,0.1103371174089775,12.990747,,290.2098,2.0
2M04594863+2334434,4964.453,6.46,2.748,0.011,-0.333,0.001,0.089,0.0037416576,-0.085999995,0.004358899,0.225,0.0050990195,0.23500001,0.0014142137,0.030000001,0.0037416576,-0.22399998,0.0037416576,0.191,0.0014142137,0.032000005,0.0014142137,0.45518972049153733,0.11984261051518506,2.852264,,209.7196,2.0
2M13520306-0843314,4604.65,1.21,2.579,0.002,0.067,0.001,0.0,0.0017320508,-0.013,0.0017320508,0.306,0.0017320508,,,-0.016000003,0.0017320508,0.012000002,0.0017320508,-0.176,0.0014142137,-0.060000002,0.0014142137,0.8349666303809753,0.08793277736433361,6.838591,,495.39328,2.0
2M01000284+0022496,4878.217,1.433,2.515,0.003,-0.311,0.001,-0.027999997,0.00244949,0.027999997,0.0033166248,-0.078999996,0.0033166248,0.195,0.0014142137,-0.04100001,0.00244949,0.08499999,0.00244949,0.28,0.0014142137,-0.12200001,0.0014142137,1.1532278197293762,0.09936809332662166,14.230751,,734.1933,2.0
2M03290362+2255203,4853.427,4.965,2.802,0.008,-0.134,0.001,-0.002000004,0.0033166248,-0.026999995,0.0037416576,0.254,0.0037416576,0.154,0.0014142137,0.042000003,0.0033166248,-0.033999994,0.0033166248,0.136,0.0014142137,0.21000001,0.0014142137,0.41530795985684815,0.08909816335645454,2.602004,,215.23396,2.0
2M16264141-2307593,4829.486,2.789,2.414,0.006,-0.613,0.002,0.29299998,0.0034641016,0.119999975,0.00489898,0.06799996,0.0057445625,0.45299998,0.0022360682,0.18999997,0.0034641016,0.48299998,0.0034641016,-0.54100007,0.0028284274,-0.066000044,0.0028284274,0.9441594960632302,0.13246058398209368,8.793453999999999,,396.7479,2.0
2M00493342+0455410,4876.266,2.126,2.485,0.004,-0.283,0.001,0.012999982,0.00244949,-0.144,0.00244949,0.233,0.0033166248,0.266,0.0014142137,0.040999994,0.00244949,0.023999989,0.00244949,-0.092999995,0.0014142137,-0.34000003,0.0014142137,0.9919033126640338,0.11650524173254706,9.815294,,561.6969,2.0
