APOGEE_ID,TEFF,TEFF_ERR,LOGG,LOGG_ERR,FE_H,FE_H_ERR,MG_FE,MG_FE_ERR,C_FE,C_FE_ERR,N_FE,N_FE_ERR,AL_FE,AL_FE_ERR,CA_FE,CA_FE_ERR,O_FE,O_FE_ERR,CE_FE,CE_FE_ERR,ND_FE,ND_FE_ERR,logAge,logAgeErr,age,KIC_ID,SNR,EVO_STATE
2M18510530+4842191,4972.373,10.651,3.213,0.016,-0.286,0.002,0.08500001,0.0053851646,0.08600001,0.006,0.002000004,0.0067082043,0.27600002,0.0028284274,0.05600001,0.0053851646,0.055000007,0.0053851646,0.11700001,0.0028284274,0.14600001,0.0028284274,0.9368600848808986,0.04283476326082746,8.646893,11122261.0,142.45378,1.0
2M19250937+3644599,4083.518,0.515,1.844,0.004,-0.32,0.001,0.27899998,0.0017320508,0.14099999,0.0017320508,0.151,0.00244949,0.378,0.0014142137,0.145,0.0017320508,0.257,0.0017320508,-0.15200001,0.0014142137,0.06099999,0.0014142137,1.1241950875764184,0.12694712937242603,13.310522,1027110.0,333.0511,1.0
2M19245791+3653298,4102.621,0.263,1.945,0.002,-0.035,0.001,0.141,0.0017320508,0.089,,0.253,0.0017320508,0.263,0.0014142137,0.026999999,,0.111,0.0017320508,-0.14400001,0.0014142137,0.195,0.0014142137,1.150362019636467,0.11387079845249104,14.137155,1162220.0,680.7577,1.0
2M19255838+3650557,4477.372,3.041,2.301,0.012,-0.442,0.002,0.283,0.0041231057,0.13,0.0041231057,0.148,0.0046904157,0.455,0.0028284274,0.183,0.0037416574,0.291,0.0041231057,-0.132,0.0028284274,-0.271,0.0028284274,0.49569985095033114,0.10229986119540589,3.131121,1163359.0,154.16248,1.0
2M19244352+3711034,5151.666,7.902,3.386,0.01,-0.188,0.002,-0.004000008,0.0041231057,0.008999988,0.0046904157,0.173,0.0053851646,0.144,0.0022360682,0.074999996,0.0041231057,0.026999995,0.0041231057,-0.012000009,0.0028284274,0.06599999,0.0028284274,0.4421682823553021,0.0413575539183579,2.768014,1572317.0,216.36685,1.0
2M19273427+3712219,4120.838,0.803,1.922,0.006,-0.224,0.001,0.257,0.00244949,0.143,0.00244949,0.245,0.003,0.311,0.0014142137,0.10700001,,0.231,0.00244949,-0.12199998,0.0014142137,-0.167,0.0014142137,1.140647893509846,0.14852636479447612,13.824451,1723191.0,220.24405,1.0
2M19255509+3726471,4204.964,0.586,1.887,0.004,-0.376,0.001,0.08899999,0.0017320508,-0.037,0.0017320508,0.15999998,0.00244949,0.23599999,0.0014142137,0.035999984,0.0017320508,0.089999974,0.0017320508,0.0029999912,0.0014142137,-0.10500002,0.0014142137,1.1887378583333597,0.09429541202041274,15.44322,2014684.0,413.96625,1.0
2M19220320+3732313,4893.01,8.55,2.936,0.014,-0.196,0.002,-0.003000006,0.0053851646,-0.16000001,0.0053851646,0.19,0.006,0.155,0.0028284274,0.004999995,0.0053851646,0.025999993,0.0053851646,0.122999996,0.0028284274,0.11799999,0.0028284274,0.3363038001429002,0.06838970729642548,2.169221,2156155.0,116.2879,1.0
2M19270967+3731187,4836.779,6.043,3.109,0.009,-0.327,0.002,0.11299999,0.0041231057,0.037999988,0.0046904157,0.041999996,0.0053851646,0.274,0.0022360682,0.095999986,0.0041231057,0.16,0.0041231057,-0.546,0.0028284274,-0.062000006,0.0028284274,0.8727197902865851,0.04142931799505644,7.459673,2161831.0,178.92813,1.0
2M19301164+3735592,4016.073,1.195,1.946,0.005,0.271,0.001,-0.004000008,,0.067,,0.208,0.00244949,0.103000015,0.0014142137,-0.06999999,,0.0150000155,,-0.242,0.0014142137,0.19100001,0.0014142137,1.1868047577497531,0.11280172294643064,15.374633,2165371.0,171.96375,1.0
2M19040434+3737566,4570.718,1.272,2.899,0.002,0.127,0.001,-0.0040000007,0.0017320508,0.045,0.0017320508,0.305,0.0017320508,0.14199999,0.0014142137,0.0029999912,0.0017320508,0.0029999912,0.0017320508,-0.396,0.0014142137,0.009000003,0.0014142137,0.6076507869196366,0.05498450341533529,4.051826,2283075.0,408.3884,1.0
2M19060736+3740100,4795.093,3.197,3.233,0.005,-0.492,0.002,0.30200002,0.0034641016,0.104,0.00489898,-0.022999972,0.0057445625,0.37300003,0.0022360682,0.208,0.0034641016,0.31300002,0.0034641016,-0.326,0.0028284274,0.069000006,0.0022360682,1.0308465884747255,0.031040942480197665,10.736101,2284679.0,297.2308,1.0
2M19233375+3740096,4284.755,0.465,2.161,0.002,-0.245,0.001,0.053000003,0.0017320508,0.05700001,0.0017320508,0.223,0.0017320508,0.172,0.0014142137,0.012000009,0.0017320508,0.061000004,0.0017320508,-0.055000007,0.0014142137,-0.09099999,0.0014142137,0.8477382640247094,0.11272739855621004,7.042685,2300503.0,680.5858,1.0
2M19262054+3740556,4341.788,2.152,2.135,0.011,-0.387,0.002,0.25800002,0.0037416574,0.092999995,0.0037416574,0.152,0.0046904157,0.422,0.0022360682,0.109999985,0.0037416574,0.225,0.0037416574,-0.169,0.0028284274,0.482,0.0022360682,1.1320409819315604,0.14310744980300086,13.553173,2303610.0,151.01353,1.0
2M19033301+3743183,4407.587,0.932,2.508,0.003,-0.005,0.001,0.047,0.0017320508,0.024999999,0.0017320508,0.232,0.0017320508,0.169,0.0014142137,0.011,0.0017320508,0.017,0.0017320508,-0.236,0.0014142137,-0.105,0.0014142137,0.988754256298934,0.09692123176779538,9.744381,2422073.0,397.07028,1.0
2M19311366+3745510,4796.62,7.73,3.01,0.012,-0.056,0.002,-0.0019999966,0.00489898,-0.07,0.00489898,0.334,0.0053851646,0.21700001,0.0028284274,0.038000003,0.00489898,0.034,0.00489898,0.1,0.0028284274,0.18200001,0.0028284274,0.2127715109614689,0.052359024854560704,1.632193,2449558.0,122.66767,1.0
2M19315457+3747319,4882.764,3.689,3.021,0.006,-0.569,0.002,0.296,0.0034641016,0.085999995,0.0057445625,-0.013000011,0.0066332496,0.397,0.0022360682,0.23300001,0.0034641016,0.379,0.0034641016,-1.131,0.0028284274,0.25,0.0022360682,0.6950693388457364,0.04053892699435256,4.955293,2450318.0,340.73956,1.0
2M19055078+3751298,4295.306,1.172,2.241,0.006,-0.259,0.001,0.193,0.00244949,0.098000005,0.00244949,0.178,0.003,0.30400002,0.0014142137,0.128,0.00244949,0.185,0.00244949,-0.09900001,0.0014142137,0.206,0.0014142137,1.1996250064907643,0.08418445303708742,15.835253,2556252.0,242.63858,1.0
2M19080792+3758059,4166.615,0.342,2.106,0.002,0.002,0.001,0.015000001,,0.032,0.0017320508,0.236,0.0017320508,0.144,0.0014142137,-0.018000001,,0.043,0.0017320508,-0.088,0.0014142137,0.012999999,0.0014142137,0.9190645400838036,0.10879366551939006,8.299741,2696628.0,642.33826,1.0
2M19211542+3756528,4088.205,0.49,2.16,0.002,0.24,0.001,0.047999993,,0.096,,0.246,0.0017320508,0.13400002,0.0014142137,-0.037,,0.038000003,,-0.16999999,0.0014142137,-0.030000001,0.0014142137,1.0959682412903733,0.1351231726227968,12.472923,2708270.0,402.38953,1.0
2M19095805+3801201,4503.889,2.76,2.781,0.006,0.153,0.001,0.015000001,0.0033166248,0.049999997,0.0033166248,0.27,0.0037416576,0.15400001,0.0014142137,0.010000005,0.0033166248,0.029,0.0033166248,-0.30900002,0.0014142137,0.120000005,0.0014142137,0.83696078286994,0.06927087333939295,6.870064,2837276.0,164.46065,1.0
2M19212261+3802019,4192.92,0.998,2.269,0.004,0.143,0.001,0.0069999993,,0.06299999,0.00244949,0.181,0.00244949,0.109,0.0014142137,-0.021000005,,0.03199999,,-0.10800001,0.0014142137,-0.013000011,0.0014142137,1.1680345394099534,0.09889787315244794,14.724296,2847541.0,245.11569,1.0
2M19215023+3804207,4323.624,0.772,2.064,0.003,-0.224,0.001,0.04200001,0.0017320508,0.004000008,0.0017320508,0.179,0.0017320508,0.16800001,0.0014142137,-0.003999993,0.0017320508,0.061000004,0.0017320508,-0.015999988,0.0014142137,-0.11899999,0.0014142137,1.2301588179801108,0.06652072693554759,16.988648,2847978.0,455.9178,1.0
2M19231591+3801262,4481.525,1.548,2.261,0.006,-0.404,0.001,0.25100002,0.00244949,-0.243,0.003,0.579,0.003,0.398,0.0014142137,0.17300001,0.00244949,0.24300002,0.00244949,-0.14000002,0.0014142137,0.16900001,0.0014142137,0.36929027500285305,0.10577034951306258,2.340401,2849476.0,293.27646,1.0
2M19274387+3805552,4048.227,0.959,1.677,0.007,-0.246,0.001,0.16100001,0.00244949,0.059,0.00244949,0.165,0.003,0.245,0.0014142137,0.08000001,0.00244949,0.13100001,0.00244949,-0.237,0.0014142137,0.09,0.0014142137,0.8011160061370941,0.13803493506941628,6.325808,2854735.0,194.11188,1.0
2M19203427+3806327,4223.98,0.822,2.002,0.005,-0.263,0.001,0.08600001,0.0017320508,0.032000005,0.0017320508,0.14600001,0.00244949,0.21800001,0.0014142137,0.018000007,0.0017320508,0.07500002,0.0017320508,0.052000016,0.0014142137,-0.12699997,0.0014142137,1.1118316646573105,0.12998054367279405,12.936943,2984295.0,313.48163,1.0
2M19303457+3810476,4182.447,0.309,2.174,0.002,-0.011,0.001,0.019000001,,0.041,0.0017320508,0.19100001,0.0017320508,0.137,0.0014142137,0.0029999996,,0.070999995,0.0017320508,0.024,0.0014142137,0.183,0.0014142137,1.1005534962123915,0.14703815359693342,12.605309,2995197.0,695.85565,1.0
2M19044906+3814171,4219.368,1.537,2.046,0.01,-0.252,0.001,0.256,0.0033166248,0.116,0.0033166248,0.19,0.0037416576,0.359,0.0014142137,0.151,0.0033166248,0.22600001,0.0033166248,-0.109999985,0.0022360682,-0.0029999912,0.0014142137,1.1335926170577533,0.14880647543449524,13.601682,3098759.0,140.99008,1.0
2M19203353+3817329,4960.838,4.493,3.402,0.006,-0.377,0.001,0.109,0.003,0.0,0.004582576,0.055999994,0.0054772254,0.254,0.0014142137,0.09200001,0.003,0.143,0.003,0.073000014,0.0014142137,-0.02000001,0.0014142137,0.9375953660505602,0.03580016498768235,8.661545,3111383.0,323.95587,1.0
2M19231367+3814075,4527.905,4.927,2.476,0.013,-0.216,0.002,0.026000008,0.00489898,-0.050999984,0.00489898,0.21800001,0.0053851646,0.237,0.0028284274,0.04100001,0.00489898,0.043000013,0.00489898,0.15100001,0.0028284274,0.045,0.0028284274,0.5411548507518418,0.077113918630207,3.476601,3113915.0,119.25833,1.0
2M19282751+3817054,4638.987,2.607,2.98,0.004,0.102,0.001,-0.004999995,0.00244949,-0.042999998,0.00244949,0.325,0.00244949,0.137,0.0014142137,0.023000002,0.00244949,-0.0019999966,0.00244949,-0.029,0.0014142137,0.23500001,0.0014142137,0.6931553085976828,0.05497544422615836,4.933502,3119555.0,271.163,1.0
2M19291841+3812145,4815.967,2.444,3.173,0.003,0.159,0.001,-0.030999988,0.0017320508,-0.067999996,0.0017320508,0.38500005,0.0017320508,0.13700001,0.0014142137,-0.0019999892,0.0017320508,-0.066999994,0.0017320508,-0.3,0.0014142137,0.14400001,0.0014142137,0.3710650901704515,0.05842915130723676,2.349985,3120486.0,375.27017,1.0
2M19304436+3817058,4098.643,1.142,1.808,0.01,-0.334,0.001,0.24599999,0.0033166248,0.122999996,0.0033166248,0.175,0.0037416576,0.356,0.0014142137,0.161,0.0033166248,0.24899998,0.0033166248,-0.24599999,0.0014142137,-0.0069999993,0.0014142137,1.1854524537238154,0.09804340242918068,15.326834,3121983.0,157.23817,1.0
2M19380803+3813394,4900.226,4.789,3.232,0.006,-0.26,0.001,0.085999995,0.003,-0.033000022,0.0037416576,0.15199998,0.004582576,0.22899999,0.0014142137,0.07499999,0.003,0.12599999,0.003,-2.01,0.0022360682,-0.16300002,0.0022360682,0.7978162613988272,0.03629894580731991,6.277927,3130335.0,213.07198,1.0
2M19012937+3820269,3955.675,1.165,1.789,0.006,,,,,,,,,,,,,,,,,,,1.1656017372545822,0.13121088382492788,14.642045,3216051.0,150.19676,1.0
2M19205771+3818582,4550.5,5.301,2.774,0.011,0.118,0.002,0.0119999945,0.0045825755,0.0019999966,0.0045825755,0.342,0.0053851646,0.19299999,0.0028284274,-0.018,0.0045825755,0.025999993,0.0045825755,-0.251,0.0028284274,0.299,0.0028284274,0.40759754887783856,0.08242275603545604,2.556216,3230719.0,101.433105,1.0
2M19245305+3820025,4130.862,0.895,1.795,0.008,-0.395,0.001,0.278,0.00244949,0.07700002,0.00244949,0.12200001,0.003,0.40600002,0.0014142137,0.165,0.00244949,0.22900002,0.00244949,-0.13799998,0.0014142137,0.171,0.0014142137,1.2181291684484086,0.07781904973783642,16.524532,3234175.0,204.06578,1.0
2M19304555+3825576,4927.383,9.142,3.145,0.014,-0.35,0.002,0.095999986,0.0053851646,-0.006000012,0.0067082043,0.114999995,0.0067082043,0.30699998,0.0028284274,0.09099999,0.0053851646,0.11,0.0053851646,-0.26799998,0.0028284274,-0.11900002,0.0028284274,0.8115672984155626,0.03940659011687498,6.479885,3347135.0,146.47134,1.0
2M19310355+3829062,4753.323,4.962,2.788,0.009,-0.365,0.001,0.081,0.0037416576,0.041999996,0.0037416576,0.136,0.004358899,0.264,0.0014142137,0.08200002,0.0037416576,0.09400001,0.0037416576,-0.097,0.0014142137,-0.171,0.0014142137,0.7489003833849811,0.047205272245206556,5.609193,3347431.0,205.81398,1.0
2M19205281+3830283,4723.444,4.459,2.963,0.007,-0.077,0.001,0.058,0.0033166248,-0.045,0.0033166248,0.236,0.0037416576,0.22799999,0.0014142137,0.065,0.0033166248,0.074,0.0033166248,0.030000001,0.0014142137,0.20500001,0.0014142137,0.4997882229729845,0.04156041068781399,3.160736,3439353.0,196.58571,1.0
2M19230440+3834096,4598.221,6.842,2.604,0.018,-0.517,0.003,0.263,0.007071068,0.113000005,0.007071068,0.096000016,0.009110434,0.379,0.004242641,0.17700002,0.0065574385,0.296,0.007071068,-0.41099995,0.004242641,-0.08099997,0.004242641,0.9442491761084614,0.05516118681894631,8.79527,3441184.0,103.43571,1.0
2M19253516+3832018,4827.555,2.269,3.165,0.003,0.033,0.001,-0.014,0.0017320508,-0.133,0.0017320508,0.307,0.00244949,0.143,0.0014142137,0.047,0.0017320508,-0.053999998,0.0017320508,-0.12,0.0014142137,0.059,0.0014142137,0.5163278941932447,0.05625220436173934,3.283431,3443483.0,452.43283,1.0
2M19363912+3834080,4584.352,4.445,3.117,0.007,0.277,0.002,0.024999976,0.0037416574,0.097,0.0037416574,0.347,0.0041231057,0.164,0.0028284274,0.058,0.0037416574,0.027999997,0.0037416574,-0.71500003,0.0028284274,0.50299996,0.0028284274,0.7986154309515348,0.036549258376906445,6.28949,3454626.0,115.43465,1.0
2M19404372+3830503,4786.371,3.01,2.886,0.005,-0.031,0.001,-0.044999998,0.00244949,-0.133,0.00244949,0.331,0.003,0.13,0.0014142137,0.018,0.00244949,-0.042,0.00244949,0.116,0.0014142137,0.046,0.0014142137,0.17891107909551704,0.060750185809893505,1.509771,3459109.0,239.79637,1.0
2M18593148+3840584,4355.167,1.734,2.059,0.009,-0.673,0.001,0.32,0.003,0.062999964,0.003,0.065,0.004582576,0.42299998,0.0014142137,0.21299997,0.003,0.29,0.003,-0.09800005,0.0022360682,0.17799997,0.0014142137,1.1474971910587035,0.13911142830976242,14.044206,3525303.0,230.24883,1.0
2M19194946+3840506,4908.556,1.808,3.074,0.003,-0.217,0.001,0.027999997,0.00244949,-0.135,0.00244949,0.22,0.0033166248,0.17699999,0.0014142137,0.06699999,0.00244949,0.0,0.00244949,0.08299999,0.0014142137,-0.045,0.0014142137,0.35565568823619226,0.053765930526117965,2.268066,3539408.0,694.56726,1.0
2M19244386+3841306,4294.9,1.071,2.217,0.005,-0.232,0.001,0.25599998,0.00244949,0.122999996,0.00244949,0.176,0.003,0.33699998,0.0014142137,0.13999999,0.00244949,0.234,0.00244949,-0.13800001,0.0014142137,-0.18200001,0.0014142137,1.0847826170853228,0.09248004192635256,12.155774,3543722.0,282.17487,1.0
2M19271321+3838527,4764.795,3.053,3.266,0.004,0.107,0.001,-0.0050000027,0.0017320508,-0.066,0.0017320508,0.266,0.00244949,0.15200001,0.0014142137,0.042000003,0.0017320508,-0.053,0.0017320508,-0.114,0.0014142137,0.19600001,0.0014142137,0.7777405031562916,0.039158264542592525,5.994328,3546046.0,287.67487,1.0
2M19344010+3840524,4600.475,5.771,2.448,0.018,-0.684,0.003,0.35200003,0.007071068,0.11800003,0.0083666,-0.046000004,0.010723806,0.388,0.0036055513,0.23500001,0.007071068,0.37100002,0.007071068,-0.02700001,0.004242641,0.24200001,0.0036055513,0.9122848306714475,0.06008735797236783,8.171181,3553435.0,110.84442,1.0
2M19402099+3836566,4519.15,2.204,2.92,0.004,0.244,0.001,-0.003000006,0.00244949,0.03500001,0.00244949,0.32599998,0.00244949,0.154,0.0014142137,0.017000005,0.00244949,-0.00500001,0.00244949,-0.216,0.0014142137,0.14599998,0.0014142137,0.7967481549656243,0.05608593191821089,6.262506,3559502.0,200.76407,1.0
2M19252341+3847094,4297.564,0.576,1.797,0.004,-0.722,0.001,0.298,0.00244949,0.083000004,0.00244949,0.16100001,0.0033166248,0.374,0.0014142137,0.213,0.0017320508,0.264,0.0017320508,-0.17199999,0.0014142137,-0.218,0.0014142137,1.1247720875608198,0.12722036231206355,13.328218,3645232.0,595.21545,1.0
2M19272686+3845036,4707.954,3.815,3.092,0.007,-0.317,0.001,0.292,0.003,0.12200001,0.003,0.128,0.0037416576,0.412,0.0014142137,0.22,0.003,0.27,0.003,-0.27299997,0.0022360682,0.195,0.0014142137,0.986468293736411,0.042687741689066055,9.693225,3647215.0,220.18657,1.0
2M19273157+3844141,4221.25,0.909,1.825,0.006,-0.376,0.001,0.06299999,0.0017320508,-0.030000001,0.0017320508,0.23699999,0.00244949,0.20499998,0.0014142137,0.018999994,0.0017320508,0.061999977,0.0017320508,0.075999975,0.0014142137,-0.07500002,0.0014142137,1.1314277766017125,0.1307776701279627,13.53405,3647291.0,308.8044,1.0
2M19351709+3844414,4301.549,0.294,1.945,0.001,-0.246,0.001,0.003000006,,-0.13599999,,0.257,,0.104,0.0014142137,0.021000013,,0.012000009,,0.149,0.0014142137,-0.207,0.0014142137,0.6810245789690555,0.14821937234258836,4.797606,3654897.0,1057.4053,1.0
2M19423515+3846510,4553.164,3.323,2.692,0.008,-0.059,0.001,0.031,0.0033166248,-0.011,0.0033166248,0.268,0.0037416576,0.254,0.0014142137,0.015000001,0.0033166248,0.046,0.0033166248,-0.33099997,0.0014142137,-0.063,0.0014142137,0.9989099437447077,0.09669823039207479,9.974932,3663047.0,168.9839,1.0
2M19093644+3849232,4552.304,2.023,2.762,0.004,0.031,0.001,0.023000002,0.00244949,0.022,0.00244949,0.278,0.00244949,0.144,0.0014142137,0.032,0.00244949,0.013,0.00244949,-0.235,0.0014142137,-0.124,0.0014142137,0.7993202129659918,0.06392562622841028,6.299705,3734104.0,278.4874,1.0
2M19205111+3848386,4712.061,1.923,2.91,0.003,-0.044,0.001,-0.006000001,0.0017320508,-0.098000005,0.0017320508,0.226,0.00244949,0.17,0.0014142137,0.052,0.0017320508,-0.013,0.0017320508,0.188,0.0014142137,0.287,0.0014142137,0.5172481685473794,0.05593633670450377,3.290396,3742673.0,434.98102,1.0
2M19222743+3850529,4887.872,1.843,3.051,0.003,-0.351,0.001,0.034999996,0.00244949,-0.06299999,0.0033166248,0.21700001,0.0033166248,0.24600002,0.0014142137,0.06300002,0.00244949,0.036000013,0.00244949,-0.417,0.0022360682,0.23300001,0.0014142137,0.670534173426582,0.040263864046608665,4.683108,3744043.0,699.9175,1.0
2M19225461+3853584,4432.077,3.804,2.598,0.01,0.091,0.002,0.099,0.0045825755,0.085,0.0045825755,0.286,0.0053851646,0.248,0.0028284274,0.057000004,0.0045825755,0.094000004,0.0045825755,-0.206,0.0028284274,-0.281,0.0028284274,0.6567391999041098,0.10321998049309894,4.536691,3744408.0,103.24781,1.0
2M19294090+3850214,4264.695,1.863,2.197,0.01,-0.213,0.002,0.241,0.0037416574,0.141,0.0037416574,0.215,0.0041231057,0.424,0.0028284274,0.156,0.0037416574,0.208,0.0037416574,-0.10499999,0.0028284274,-0.034999996,0.0028284274,1.227906234577278,0.06629867554350395,16.90076,3750613.0,138.1384,1.0
2M19121456+3857235,4298.049,0.993,2.032,0.005,-0.443,0.001,0.21199998,0.0017320508,0.082999974,0.0017320508,0.153,0.00244949,0.355,0.0014142137,0.132,0.0017320508,0.20899999,0.0017320508,-0.151,0.0014142137,-0.14800003,0.0014142137,1.0231876193614857,0.13755865510372026,10.548425,3839310.0,321.7649,1.0
2M19220223+3854251,4678.419,2.079,2.814,0.004,-0.144,0.001,0.008999988,0.0017320508,-0.023000002,0.0017320508,0.18599999,0.00244949,0.20199999,0.0014142137,0.038999997,0.0017320508,0.015000001,0.0017320508,-0.103,0.0014142137,0.06999999,0.0014142137,0.716239969652702,0.05747456916756362,5.202834,3847071.0,405.80136,1.0
2M19224762+3859230,4566.802,1.455,2.657,0.003,-0.091,0.001,0.04,0.0017320508,0.062,0.0017320508,0.292,0.0017320508,0.143,0.0014142137,0.036999997,0.0017320508,0.011,0.0017320508,0.151,0.0014142137,-0.023000002,0.0014142137,0.7774896781603449,0.05990453697431706,5.990867,3847697.0,424.13962,1.0
2M19334713+3854105,4489.963,1.345,2.66,0.004,-0.026,0.001,0.167,0.0017320508,0.017,0.0017320508,0.359,0.00244949,0.27,0.0014142137,0.068,0.0017320508,0.12900001,0.0017320508,-0.04,0.0014142137,-0.0069999993,0.0014142137,0.5478897228304,0.043778882723412633,3.530935,3857864.0,306.99188,1.0
2M19421686+3859004,4702.186,5.389,2.946,0.009,-0.041,0.001,-0.038000003,0.0033166248,-0.143,0.0037416576,0.284,0.0037416576,0.192,0.0014142137,0.0040000007,0.0033166248,-0.015999999,0.0033166248,-0.139,0.0014142137,0.013,0.0014142137,0.5938472957451838,0.0460308651319065,3.925069,3866912.0,159.65425,1.0
2M19022902+3903485,4390.994,2.195,2.076,0.01,-0.693,0.002,0.282,0.0041231057,0.04100001,0.0041231057,0.048000038,0.0053851646,0.41900003,0.0022360682,0.17900002,0.0041231057,0.261,0.0041231057,-0.09799999,0.0028284274,-0.501,0.0028284274,1.2234354002974899,0.06985917788359913,16.727668,3936823.0,196.4906,1.0
2M19234505+3905371,4627.889,8.522,2.223,0.025,-0.994,0.004,0.287,0.010049876,-0.065999925,0.016155494,0.026000023,0.018814888,0.411,0.005,0.292,0.010049876,0.39500004,0.010049876,-0.023999989,0.0056568547,-0.012000024,0.0056568547,1.0173520946646168,0.14136005730248166,10.407636,3952315.0,111.086235,1.0
2M19243949+3902417,4173.973,0.543,2.344,0.002,0.185,0.001,0.027999997,,0.09799999,,0.278,0.0017320508,0.120000005,0.0014142137,-0.011000007,,0.045,,-0.123,0.0014142137,0.192,0.0014142137,1.0621261683183318,0.14368541009814392,11.537884,3953057.0,434.1081,1.0
2M19260622+3901447,4559.551,4.039,2.525,0.01,-0.158,0.001,0.054000005,0.0033166248,-0.041999996,0.0033166248,0.302,0.0037416576,0.22600001,0.0014142137,0.026000008,0.0033166248,0.011000007,0.0033166248,-0.036999986,0.0014142137,0.23300001,0.0014142137,0.42622375110507543,0.1002679348241399,2.668233,3954327.0,155.8838,1.0
2M19303237+3901286,4202.659,1.604,1.973,0.012,-0.406,0.002,0.23099999,0.0041231057,0.08899999,0.0041231057,0.10499999,0.0046904157,0.325,0.0028284274,0.15599999,0.0037416574,0.22199999,0.0037416574,-0.058,0.0028284274,0.22199999,0.0028284274,1.143636708122576,0.1123007202801856,13.919919,3958615.0,134.63712,1.0
2M19303946+3903509,4628.682,5.089,2.891,0.009,0.005,0.002,0.018,0.0037416574,-0.02,0.0037416574,0.21700001,0.0041231057,0.20300001,0.0028284274,0.021000002,0.0037416574,0.006,0.0037416574,-0.11,0.0028284274,0.12499999,0.0028284274,0.8194332421455562,0.061559263205592116,6.598318,3958725.0,140.00464,1.0
2M19333097+3905583,4119.231,1.899,2.023,0.01,0.021,0.002,0.036,0.0037416574,0.034,0.0037416574,0.178,0.0041231057,0.1,0.0028284274,-0.047,0.0037416574,0.038000003,0.0037416574,-0.162,0.0028284274,-0.071,0.0028284274,1.1160049580840823,0.12827013003962176,13.061858,3961485.0,102.042564,1.0
2M19371567+3902334,4581.294,3.255,2.727,0.007,-0.124,0.001,0.036,0.00244949,0.011,0.00244949,0.19,0.003,0.236,0.0014142137,0.055999994,0.00244949,0.078999996,0.00244949,0.171,0.0014142137,0.26700002,0.0014142137,0.8673057611343323,0.05362595926579739,7.367256,3965225.0,191.1077,1.0
2M19391946+3900222,4880.803,1.162,3.156,0.002,0.009,0.001,-0.012,0.0017320508,-0.117,0.0017320508,0.265,0.00244949,0.14999999,0.0014142137,0.034,0.0017320508,-0.015999999,0.0017320508,-0.129,0.0014142137,0.206,0.0014142137,0.4916926121988991,0.05492951396188334,3.102363,3967300.0,861.683,1.0
2M19410715+3902080,4154.88,1.635,1.879,0.011,-0.11,0.002,0.17300001,0.0037416574,0.12799999,0.0037416574,0.27899998,0.0041231057,0.272,0.0028284274,0.066,0.0037416574,0.192,0.0037416574,-0.14,0.0028284274,0.072,0.0028284274,1.175433151972473,0.11437098694730932,14.977287,3969220.0,110.51661,1.0
2M19414544+3903331,4330.098,2.62,2.211,0.01,-0.1,0.002,-0.019999996,0.0037416574,-0.043999992,0.0037416574,0.221,0.0041231057,0.136,0.0022360682,-0.023999996,0.0037416574,0.009999998,0.0037416574,-0.06599999,0.0028284274,-0.008000001,0.0028284274,0.7772846202330784,0.10389582866902371,5.988039,3970003.0,136.537,1.0
2M18583495+3910171,4126.634,1.257,1.876,0.011,-0.426,0.002,0.296,0.0037416574,0.143,0.0037416574,0.13100001,0.0046904157,0.353,0.0022360682,0.12099999,0.0037416574,0.26099998,0.0037416574,-0.116,0.0028284274,0.204,0.0022360682,1.1777114810221023,0.10902193903789147,15.056065,4035732.0,151.89436,1.0
2M19044200+3911182,4640.183,1.843,2.552,0.004,-0.27,0.001,0.04200001,0.0017320508,-0.12799999,0.00244949,0.20400001,0.00244949,0.22100002,0.0014142137,0.083000004,0.0017320508,0.06300001,0.0017320508,-0.08699998,0.0014142137,-0.06999999,0.0014142137,0.5633019909929885,0.0614073846337582,3.658491,4040211.0,420.09952,1.0
2M19063068+3909078,4432.675,0.93,2.206,0.004,-0.545,0.001,0.17400002,0.00244949,0.02700001,0.00244949,0.113000005,0.0033166248,0.315,0.0014142137,0.076000005,0.0017320508,0.18600002,0.00244949,-0.379,0.0022360682,0.07700002,0.0014142137,1.0083589436083025,0.09899197878690785,10.194336,4041405.0,532.7491,1.0
2M19084656+3908428,4607.892,2.642,2.759,0.006,-0.081,0.001,0.049,0.00244949,0.009999998,0.00244949,0.25300002,0.003,0.22,0.0014142137,0.026,0.00244949,0.053,0.00244949,-0.145,0.0014142137,0.325,0.0014142137,0.8835458917756734,0.05219257763718702,7.647965,4042863.0,258.40744,1.0
2M19171713+3907414,4652.874,6.052,2.691,0.012,-0.129,0.002,0.02099999,0.00489898,-0.068,0.00489898,0.16999999,0.0053851646,0.197,0.0028284274,0.017999992,0.00489898,-0.007000014,0.00489898,0.048999995,0.0028284274,0.06599999,0.0028284274,0.6593494419913899,0.058587848480784896,4.56404,4049147.0,127.07381,1.0
2M19241086+3907357,4792.288,1.314,3.13,0.002,0.129,0.001,-0.01699999,0.0017320508,-0.109,0.0017320508,0.427,0.00244949,0.182,0.0014142137,0.00500001,0.0017320508,-0.024999991,0.0017320508,-0.043999992,0.0014142137,0.35799998,0.0014142137,0.3480872718054958,0.04533734612774588,2.228883,4055294.0,679.3995,1.0
2M19250427+3907044,4709.747,1.507,2.741,0.003,-0.193,0.001,-0.03999999,0.0017320508,-0.10199998,0.00244949,0.245,0.00244949,0.102000006,0.0014142137,0.04900001,0.0017320508,-0.024999991,0.0017320508,0.02000001,0.0014142137,0.229,0.0014142137,0.18348793289720441,0.06306689588826712,1.525766,4056079.0,633.90753,1.0
2M19274778+3911093,4912.174,6.876,3.149,0.01,-0.207,0.001,0.020999998,0.0037416576,-0.030000001,0.0037416576,0.199,0.004358899,0.222,0.0014142137,0.045,0.0037416576,0.060000002,0.0037416576,-0.413,0.0022360682,0.046000004,0.0014142137,0.6120958556610888,0.04100266726660568,4.09351,4058578.0,179.93954,1.0
2M19395992+3909377,4751.541,4.418,2.559,0.009,-0.279,0.001,0.022000015,0.003,-0.092999995,0.003,0.20200002,0.003,0.215,0.0014142137,0.10500002,0.003,0.06300001,0.003,0.110000014,0.0014142137,-0.17299998,0.0014142137,0.32303046059727425,0.05782677535254421,2.103926,4070891.0,220.53552,1.0
2M19454030+3908054,4526.092,0.684,2.391,0.002,-0.053,0.001,-0.055000003,0.0017320508,-0.141,0.0017320508,0.306,0.0017320508,0.12100001,0.0014142137,-0.0020000003,0.0017320508,-0.047000002,0.0017320508,0.142,0.0014142137,-0.046,0.0014142137,0.03525438390966896,0.08222252222290868,1.084562,4077835.0,793.32214,1.0
2M19034869+3914505,4609.782,3.482,2.514,0.009,-0.395,0.001,0.20000002,0.003,-0.018999994,0.003,0.316,0.003,0.395,0.0014142137,0.13500002,0.00244949,0.23600002,0.003,-0.18200001,0.0014142137,0.21400002,0.0014142137,0.49242119969194553,0.07019580499070337,3.107572,4139473.0,205.54463,1.0
2M19065745+3916557,4995.426,10.821,3.091,0.016,-0.477,0.002,0.08700001,0.0061644143,-0.13,0.010488089,-0.12199998,0.012247449,0.27499998,0.0028284274,0.12599999,0.0061644143,-0.07499999,0.0061644143,0.030999988,0.0028284274,0.249,0.0028284274,0.7838621478887223,0.0682750698720363,6.07942,4141492.0,148.08264,1.0
2M19261103+3913424,4375.927,0.5,2.226,0.002,-0.093,0.001,-0.041,0.0017320508,-0.13499999,0.0017320508,0.201,0.00244949,0.106000006,0.0014142137,0.028000005,0.0017320508,-0.030999996,0.0017320508,0.179,0.0014142137,-0.211,0.0014142137,0.42743969098676754,0.1024004124358403,2.675714,4157282.0,796.93896,1.0
2M19395925+3912392,4464.275,0.857,2.779,0.002,0.273,0.001,0.023999989,0.0017320508,0.055000007,0.0017320508,0.30400002,0.0017320508,0.144,0.0014142137,0.025000006,0.0017320508,0.007999986,,-0.273,0.0014142137,0.468,0.0014142137,0.6593027180228106,0.0621423669584272,4.563549,4172283.0,432.12088,1.0
2M19003627+3919470,4312.514,1.162,2.136,0.006,-0.331,0.001,0.07100001,0.00244949,-0.04100001,0.00244949,0.096,0.003,0.174,0.0014142137,0.06299999,0.00244949,0.082,0.00244949,0.048000008,0.0014142137,0.023000002,0.0014142137,1.1146421375730073,0.11206752245013002,13.020934,4242705.0,297.73773,1.0
2M19030367+3920086,4794.764,4.715,2.796,0.009,-0.326,0.001,0.06800002,0.003,-0.028999984,0.003,0.16700001,0.0037416576,0.269,0.0014142137,0.055000007,0.003,0.013000011,0.003,-0.023999989,0.0014142137,-0.113000005,0.0014142137,0.611691451498025,0.04364225747749392,4.0897,4244274.0,226.8155,1.0
2M19072865+3919568,3943.808,0.648,1.581,0.005,-0.045,0.001,0.167,0.00244949,0.094,0.00244949,0.28,0.00244949,0.31,0.0014142137,0.023000002,,0.15900001,0.00244949,-0.176,0.0014142137,-0.0029999986,0.0014142137,1.1977777405237084,0.09552936155376406,15.768041,4247077.0,249.84314,1.0
2M19144326+3922513,3959.572,0.769,1.914,0.003,0.17,0.001,0.051,,0.12300001,,0.177,0.0017320508,0.15300001,0.0014142137,-0.015000001,,0.048999995,,-0.15900001,0.0014142137,-0.032000005,0.0014142137,1.1599111541615077,0.12246880917104064,14.451441,4252080.0,273.02808,1.0
2M19255330+3918050,4520.762,4.039,2.707,0.011,-0.219,0.002,0.236,0.00489898,0.102,0.00489898,0.13299999,0.006,0.42000002,0.0028284274,0.153,0.00489898,0.203,0.00489898,-0.45100003,0.0028284274,-0.009000003,0.0028284274,1.018326778101733,0.06470636048717336,10.43102,4261881.0,120.7646,1.0
2M19430400+3922395,4730.128,5.223,3.178,0.007,0.329,0.002,0.0029999912,0.0030000003,-0.088,0.0030000003,0.575,0.0034641016,0.22500002,0.0022360682,0.032999992,0.0030000003,-0.032999992,0.0030000003,-0.020999998,0.0028284274,0.14000002,0.0022360682,0.5901527455699785,0.048128626924230374,3.89182,4280424.0,140.3204,1.0
2M19011466+3928043,4132.164,1.03,1.86,0.008,-0.318,0.001,0.23299998,0.00244949,0.121999994,0.00244949,0.16999999,0.003,0.37,0.0014142137,0.14199999,0.00244949,0.225,0.00244949,-0.11200002,0.0014142137,-0.23200002,0.0014142137,1.1727123374557777,0.10867444157999823,14.883749,4346266.0,190.32184,1.0
2M19150365+3924469,5144.784,14.505,3.464,0.016,-0.242,0.002,0.039000005,0.007483315,-0.107999995,0.008717798,0.337,0.009433981,0.218,0.0028284274,0.058,0.007483315,0.121,0.0069999998,-0.287,0.0028284274,-0.019000009,0.0028284274,0.40049464412161634,0.07938270754035803,2.514749,4355160.0,116.30561,1.0
2M19200427+3927560,4200.702,1.094,1.97,0.006,-0.117,0.001,0.022,0.00244949,-0.022,0.00244949,0.239,0.00244949,0.089999996,0.0014142137,-0.010000005,0.00244949,0.037,0.00244949,-0.065,0.0014142137,-0.184,0.0014142137,0.7195367823121632,0.12396294660799549,5.24248,4359587.0,229.57799,1.0
2M19140725+3933363,4338.143,1.2,2.584,0.003,0.231,0.001,0.04699999,0.0017320508,0.07799998,0.0017320508,0.32700002,0.0017320508,0.174,0.0014142137,0.021999985,,0.058999985,0.0017320508,-0.19500001,0.0014142137,-0.008000001,0.0014142137,0.3856591720912444,0.0920169537588463,2.430296,4454123.0,261.8085,1.0
2M19424053+3935234,4385.775,0.665,1.841,0.003,-0.873,0.001,0.28400004,0.00244949,-0.0029999614,0.0033166248,0.14400005,0.004242641,0.39200002,0.0014142137,0.194,0.00244949,0.31,0.00244949,-0.17400002,0.0022360682,-0.097,0.0022360682,1.114318854652322,0.14110254418084153,13.011245,4480358.0,702.94525,1.0
2M19154685+3937567,4084.598,1.458,2.207,0.006,0.245,0.001,-0.013000011,,0.083000004,0.00244949,0.19999999,0.003,0.12799999,0.0014142137,-0.045,,0.023000002,,-0.19,0.0014142137,0.183,0.0014142137,1.173941604200489,0.09598203156822921,14.925937,4552187.0,149.69261,1.0
2M19193181+3938028,4187.56,0.661,2.061,0.003,-0.019,0.001,0.024,0.0017320508,0.033,0.0017320508,0.213,0.0017320508,0.134,0.0014142137,-0.015000002,,0.036,0.0017320508,-0.209,0.0014142137,0.213,0.0014142137,1.2034530731203956,0.08089164586743874,15.975449,4555456.0,352.11115,1.0
2M19204638+3941203,4500.623,1.703,2.783,0.004,0.136,0.001,0.0019999892,0.0017320508,0.020999998,0.0017320508,0.301,0.0017320508,0.167,0.0014142137,0.003999993,0.0017320508,0.0,0.0017320508,-0.259,0.0014142137,0.07499999,0.0014142137,0.694162343791518,0.07479290901706077,4.944955,4556646.0,270.3069,1.0
2M19344311+3936355,4542.805,2.344,2.588,0.007,-0.491,0.001,0.278,0.003,0.10499999,0.003,0.122999996,0.0037416576,0.414,0.0014142137,0.181,0.00244949,0.27499998,0.003,-0.34399998,0.0022360682,-0.0029999912,0.0014142137,0.9084301120067511,0.059439909978162335,8.098976,4568872.0,235.80098,1.0
2M19372938+3939261,4976.392,1.604,3.195,0.002,-0.125,0.001,0.009999998,0.00244949,-0.141,0.0033166248,0.184,0.0033166248,0.156,0.0014142137,0.068,0.00244949,0.015000001,0.00244949,-0.012999997,0.0014142137,0.12,0.0014142137,0.41382127493808396,0.0479044811613494,2.593112,4571650.0,796.81793,1.0
2M19484539+3940222,4620.418,2.723,3.009,0.004,0.231,0.001,-0.02000001,0.00244949,-0.018000007,0.00244949,0.38699996,0.00244949,0.139,0.0014142137,-0.011000007,0.00244949,-0.036000013,0.00244949,-0.481,0.0014142137,0.353,0.0014142137,0.4466629637779127,0.07108433307965217,2.79681,4585010.0,220.7128,1.0
2M18552618+3943555,4893.943,2.716,3.09,0.004,-0.207,0.001,0.012999997,0.00244949,-0.094,0.00244949,0.163,0.0033166248,0.192,0.0014142137,0.055000007,0.00244949,0.065,0.00244949,0.019999996,0.0014142137,0.266,0.0014142137,0.4587774050708106,0.05745093150095755,2.875924,4633131.0,457.4899,1.0
2M18555085+3944445,4577.015,1.75,3.051,0.003,0.238,0.001,0.058,0.0017320508,0.049999982,0.0017320508,0.245,0.0017320508,0.23299998,0.0014142137,0.030999988,0.0017320508,0.046000004,0.0017320508,-0.358,0.0014142137,0.26399997,0.0014142137,0.8939075562542621,0.037514773585078647,7.832629,4633376.0,321.72006,1.0
2M19034048+3942466,4937.829,12.983,2.764,0.023,-0.989,0.003,0.292,0.009110434,0.09800005,0.022338308,-0.17599994,0.041701317,0.34900004,0.004242641,0.305,0.009110434,0.51400006,0.008602325,0.062000036,0.004242641,0.074,0.004242641,0.9001035767186089,0.05955572487792118,7.945177,4637699.0,139.6897,1.0
2M19155613+3945174,4704.297,4.86,2.925,0.008,0.062,0.001,-0.0009999983,0.0033166248,-0.092999995,0.0033166248,0.479,0.0037416576,0.22599998,0.0014142137,0.0040000007,0.0033166248,-0.0040000007,0.0033166248,-0.087,0.0014142137,0.469,0.0014142137,0.31679639730909787,0.058611529456387944,2.073941,4645513.0,160.04445,1.0
2M19193317+3945381,4647.635,1.29,3.115,0.002,0.045,0.001,0.067999996,0.0017320508,0.038999997,0.0017320508,0.154,0.00244949,0.219,0.0014142137,0.034999996,0.0017320508,0.056,0.0017320508,-0.111,0.0014142137,0.129,0.0014142137,0.9430494080972223,0.038580534553678394,8.771006,4648485.0,533.0611,1.0
2M19313034+3943094,4471.147,2.878,1.981,0.01,-0.464,0.001,0.07999998,0.00244949,-0.062000036,0.00244949,0.268,0.003,0.24999999,0.0014142137,0.051,0.00244949,0.12099999,0.00244949,0.13599998,0.0014142137,0.052999973,0.0014142137,1.0592059907605702,0.13510101904184274,11.460564,4658599.0,194.2626,1.0
2M19325734+3945171,4491.236,2.339,2.37,0.007,-0.049,0.001,-0.0050000027,0.00244949,-0.073,0.00244949,0.313,0.00244949,0.157,0.0014142137,-0.013,0.00244949,-0.0020000003,0.00244949,0.022999998,0.0014142137,0.04,0.0014142137,-0.24930651018268826,0.13191143576550424,0.56324,4659957.0,218.64561,1.0
2M19352086+3943328,4394.49,0.744,2.178,0.003,-0.21,0.001,0.012999997,0.0017320508,-0.051000014,0.0017320508,0.26099998,0.0017320508,0.16999999,0.0014142137,0.015000001,0.0017320508,0.036,0.0017320508,0.06899999,0.0014142137,-0.13400002,0.0014142137,0.8455896312074946,0.13849916024616724,7.007928,4662188.0,583.8306,1.0
2M19354249+3946497,4935.529,2.428,3.393,0.003,0.053,0.001,-0.018,0.0017320508,-0.061,0.00244949,0.20300001,0.00244949,0.131,0.0014142137,0.069000006,0.0017320508,-0.078,0.0017320508,0.011000004,0.0014142137,0.162,0.0014142137,0.5355624640329447,0.04428718776399429,3.43212,4662555.0,500.83853,1.0
2M19404755+3942100,4686.372,4.308,3.129,0.006,0.085,0.001,0.012999997,0.0033166248,-0.0050000027,0.0033166248,0.22299999,0.0037416576,0.174,0.0014142137,0.036,0.0033166248,-0.019000001,0.0033166248,-0.187,0.0014142137,0.26,0.0014142137,0.8010368404118521,0.0374598565001065,6.324655,4667909.0,176.60603,1.0
2M19420788+3947570,4519.29,0.657,2.607,0.002,-0.143,0.001,0.030000009,0.0017320508,0.011000007,0.0017320508,0.105000004,0.00244949,0.19100001,0.0014142137,0.031000003,0.0017320508,0.039000005,0.0017320508,-0.11399999,0.0014142137,0.053000003,0.0014142137,0.852970128140285,0.04272753159350943,7.12804,4669400.0,816.49054,1.0
2M19433900+3946321,4277.836,1.203,2.197,0.005,-0.072,0.001,0.106,0.00244949,0.036,0.00244949,0.134,0.003,0.195,0.0014142137,0.060999997,0.00244949,0.096999995,0.00244949,-0.05600001,0.0014142137,-0.169,0.0014142137,1.186532027553656,0.09760644171069371,15.364981,4671204.0,234.86745,1.0
2M19504473+3947002,4735.926,6.054,2.918,0.01,-0.072,0.002,-0.0070000067,0.0041231057,-0.087,0.0041231057,0.198,0.0046904157,0.234,0.0028284274,0.07,0.0041231057,-0.022,0.0041231057,0.065,0.0028284274,0.012999997,0.0028284274,0.6404810394466868,0.13563247722664887,4.369996,4680242.0,146.04875,1.0
2M19054040+3952348,5004.161,3.657,3.324,0.005,-0.376,0.001,0.11899999,0.003,0.030000001,0.004582576,0.102,0.004582576,0.22699998,0.0014142137,0.137,0.003,0.116999984,0.003,-0.24300003,0.0022360682,0.067,0.0014142137,0.8527383585846025,0.03712896173240343,7.124237,4731138.0,429.84888,1.0
2M19143077+3950466,4464.321,2.94,2.825,0.007,0.318,0.002,0.026000023,0.0037416574,-0.038999975,0.0037416574,0.354,0.0041231057,0.15100002,0.0028284274,-0.02699998,0.0037416574,-0.004999995,0.0037416574,-0.166,0.0028284274,-0.051,0.0028284274,0.8435411609772678,0.0739085673512781,6.974951,4736470.0,120.88456,1.0
2M19165175+3948177,4494.224,2.085,2.038,0.008,-0.88,0.002,0.25599998,0.0034641016,0.04399997,0.0041231057,0.13800001,0.00489898,0.328,0.0022360682,0.19599998,0.0034641016,0.282,0.0034641016,-0.41700006,0.0028284274,0.348,0.0022360682,0.8957996548764545,0.10873868579831533,7.866828,4738255.0,298.29184,1.0
2M19382190+3949499,4296.496,0.493,2.009,0.002,-0.376,0.001,0.085999995,0.0017320508,0.012999982,0.0017320508,0.22299999,0.00244949,0.23999998,0.0014142137,0.051999986,0.0017320508,0.092999995,0.0017320508,-0.11600003,0.0014142137,-0.008000016,0.0014142137,1.1238231659893831,0.1288423789456544,13.299128,4756934.0,676.0508,1.0
2M19393452+3948091,4662.049,2.12,2.505,0.004,-0.218,0.001,0.033999994,0.0017320508,-0.07800001,0.0017320508,0.227,0.00244949,0.19399999,0.0014142137,0.03199999,0.0017320508,0.03199999,0.0017320508,0.055999994,0.0014142137,0.0019999892,0.0014142137,0.4763984217939539,0.061790452408789276,2.995011,4758200.0,391.40775,1.0
2M19504511+3952165,4197.342,0.642,1.94,0.004,-0.138,0.001,-0.013999999,0.0017320508,-0.036,0.0017320508,0.271,0.0017320508,0.111999996,0.0014142137,-0.012999997,0.0017320508,0.015999995,0.0017320508,0.262,0.0014142137,0.078999996,0.0014142137,1.1014614245329677,0.14888101372834484,12.631689,4771707.0,385.63422,1.0
2M19505274+3951526,4742.547,5.716,3.225,0.008,-0.125,0.002,0.095,0.0041231057,0.012000002,0.0041231057,0.078999996,0.0046904157,0.208,0.0022360682,0.096,0.0041231057,0.060000002,0.0041231057,-0.407,0.0028284274,-0.024000004,0.0028284274,0.9256009920598535,0.038503648694466416,8.425603,4771876.0,163.70161,1.0
2M18562539+3958592,4207.321,0.992,2.159,0.006,-0.074,0.001,0.197,0.00244949,0.126,0.00244949,0.224,0.003,0.349,0.0014142137,0.088,0.00244949,0.184,0.00244949,-0.185,0.0014142137,-0.211,0.0014142137,1.1435260918169732,0.11259808582465454,13.916374,4814724.0,213.70332,1.0
2M19032074+3958448,4704.968,3.03,2.704,0.006,-0.339,0.001,0.061999977,0.00244949,0.048999995,0.003,0.15499999,0.003,0.22899999,0.0014142137,0.044,0.00244949,0.031999975,0.00244949,-0.18900001,0.0014142137,-0.342,0.0014142137,0.7606267648930499,0.06498662616319134,5.76271,4818312.0,311.87933,1.0
2M19210803+3959057,4232.195,1.097,1.943,0.006,-0.173,0.001,0.036,0.00244949,-0.003000006,0.00244949,0.199,0.00244949,0.12799999,0.0014142137,-0.018000007,0.00244949,0.056999996,0.00244949,-0.04900001,0.0014142137,0.131,0.0014142137,1.2110414475887599,0.08094693300501839,16.257039,4830765.0,239.59613,1.0
2M19332003+3955240,4316.776,1.407,2.386,0.005,-0.07,0.001,0.13,0.00244949,0.067,0.00244949,0.18200001,0.003,0.22299999,0.0014142137,0.026,0.00244949,0.100999996,0.00244949,-0.18,0.0014142137,0.18599999,0.0014142137,0.4475231504984039,0.10435322975013732,2.802355,4841005.0,224.29596,1.0
2M19350996+3956278,4471.48,2.67,2.606,0.007,-0.021,0.001,0.01,0.0033166248,0.033,0.0033166248,0.205,0.0037416576,0.201,0.0014142137,-0.0030000005,0.0033166248,0.021,0.0033166248,-0.204,0.0014142137,0.351,0.0014142137,0.8714275626615672,0.08041610625932248,7.43751,4842689.0,173.57356,1.0
2M19371961+3954285,3977.36,0.344,1.737,0.002,-0.008,0.001,0.116000004,0.0017320508,0.060000002,,0.218,0.0017320508,0.226,0.0014142137,0.017,,0.107,0.0017320508,-0.120000005,0.0014142137,-0.029,0.0014142137,1.2137889801672894,0.08046344163230791,16.360214,4844801.0,499.01425,1.0
2M18571356+4003436,4255.677,1.529,2.137,0.008,-0.111,0.001,0.117,0.0033166248,0.012000002,0.0033166248,0.172,0.0037416576,0.238,0.0014142137,0.051000003,0.0033166248,0.125,0.0033166248,-0.22299999,0.0014142137,-0.129,0.0014142137,1.0353393474937864,0.10368542934721672,10.847742,4903497.0,165.7692,1.0
2M19353795+4004428,4793.856,0.677,3.249,0.001,0.089,0.001,-0.008000001,,-0.024999999,,0.314,,0.16,0.0014142137,0.015000001,,-0.024999999,,-0.22500001,0.0014142137,0.319,0.0014142137,0.7539797171510969,0.04617642814394989,5.675181,4931389.0,1346.9622,1.0
2M19510579+4004300,4564.506,2.828,2.896,0.005,0.009,0.001,0.095,0.00244949,0.049,0.00244949,0.203,0.003,0.234,0.0014142137,0.041,0.00244949,0.091000006,0.00244949,-0.213,0.0014142137,0.144,0.0014142137,0.9593515396192311,0.061581987421266846,9.106501,4948479.0,156.11893,1.0
2M19523864+4000578,4567.384,2.471,2.711,0.006,-0.031,0.001,0.026,0.00244949,-0.047000002,0.00244949,0.198,0.003,0.202,0.0014142137,0.029,0.00244949,0.007999999,0.00244949,-0.275,0.0014142137,0.201,0.0014142137,0.865636828523377,0.055214287091586364,7.338999,4950323.0,238.9316,1.0
2M19550249+4003100,4877.113,3.435,3.295,0.004,-0.098,0.001,0.004999995,0.00244949,-0.031999998,0.003,0.183,0.003,0.195,0.0014142137,0.033999994,0.00244949,-0.011,0.00244949,-0.273,0.0014142137,0.083,0.0014142137,0.7184066817480868,0.039428405283101944,5.228856,4953262.0,320.24478,1.0
2M18584812+4011357,4788.058,2.984,3.024,0.004,0.11,0.001,0.002000004,0.00244949,-0.164,0.00244949,0.347,0.003,0.069000006,0.0014142137,0.040000007,0.00244949,-0.034,0.00244949,-0.273,0.0014142137,0.048999995,0.0014142137,0.2444906273644351,0.04522740933413372,1.755863,4991732.0,303.27362,1.0
2M19173958+4006477,4774.137,6.132,3.428,0.008,0.215,0.002,-0.0059999973,0.0037416574,0.0029999912,0.0037416574,0.349,0.0041231057,0.092999995,0.0028284274,0.026999995,0.0037416574,-0.034999996,0.0037416574,-1.258,0.0028284274,0.304,0.0028284274,0.7556504884353451,0.1234032171556713,5.697056,5003275.0,129.48636,1.0
2M19330005+4010127,4843.611,2.268,3.259,0.003,0.224,0.001,-0.016000003,0.0017320508,-0.209,0.0017320508,0.48,0.00244949,0.13099998,0.0014142137,0.018999994,0.0017320508,-0.025000006,0.0017320508,0.0029999912,0.0014142137,0.20299998,0.0014142137,0.17927366174224374,0.07977311952076016,1.511032,5016065.0,420.32303,1.0
2M19333315+4010306,4878.224,2.876,2.562,0.006,-0.58,0.001,0.102,0.003,0.31599998,0.003,0.26099998,0.003,0.23499998,0.0014142137,0.12099999,0.003,0.074,0.003,1.519,0.0014142137,-1.9200001,0.0031622779,0.3730707858630046,0.04363551549648736,2.360863,5016549.0,394.02573,1.0
2M19370771+4009544,4498.805,1.12,2.551,0.003,0.086,0.001,-0.054,0.0017320508,-0.097,0.0017320508,0.293,0.0017320508,0.096999995,0.0014142137,0.024999999,0.0017320508,-0.033000004,0.0017320508,-0.069000006,0.0014142137,0.20199999,0.0014142137,0.16302503999597245,0.1296750690592909,1.455543,5019940.0,431.04193,1.0
2M19411224+4011338,4622.751,2.406,2.651,0.005,0.03,0.001,-0.033,0.00244949,-0.081,0.00244949,0.291,0.00244949,0.132,0.0014142137,0.031999998,0.00244949,-0.038,0.00244949,-0.141,0.0014142137,0.084,0.0014142137,0.2651653555357729,0.05542931155656282,1.841473,5024297.0,290.84723,1.0
2M19413683+4009031,4546.528,2.968,2.666,0.007,-0.026,0.001,0.016,0.00244949,-0.051,0.00244949,0.23699999,0.003,0.14500001,0.0014142137,0.021000002,0.00244949,0.02,0.00244949,-0.17199999,0.0014142137,0.105000004,0.0014142137,0.7831154200595601,0.048193067092283,6.068976,5025021.0,192.4569,1.0
2M19421683+4008114,4856.05,1.79,3.128,0.002,0.086,0.001,-0.037000004,0.0017320508,-0.097,0.0017320508,0.292,0.00244949,0.116000004,0.0014142137,0.0119999945,0.0017320508,-0.049000002,0.0017320508,-0.093,0.0014142137,0.21000001,0.0014142137,0.3125905015425706,0.05172366882403698,2.053953,5025895.0,556.0804,1.0
2M19422325+4009213,4662.146,1.536,2.802,0.003,-0.109,0.001,0.0119999945,0.0017320508,-0.047000006,0.0017320508,0.272,0.00244949,0.163,0.0014142137,0.018999994,0.0017320508,0.027999997,0.0017320508,-0.039000005,0.0014142137,0.348,0.0014142137,0.6686735182354175,0.06355817947706394,4.663087,5026008.0,510.27448,1.0
2M18543419+4014283,4049.839,0.952,1.594,0.007,-0.142,0.001,0.149,0.00244949,0.07000001,0.00244949,0.266,0.00244949,0.19600001,0.0014142137,0.008000001,,0.117000006,0.00244949,-0.27899998,0.0014142137,0.213,0.0014142137,1.2519550303523708,0.04802207343769793,17.863026,5077850.0,185.38977,1.0
2M18551699+4016018,4164.26,0.449,2.148,0.002,0.15,0.001,-0.006000012,,0.056999996,,0.253,0.0017320508,0.106000006,0.0014142137,-0.05600001,,0.022999987,,-0.171,0.0014142137,-0.030000009,0.0014142137,1.0944490464943737,0.1487903909520194,12.429368,5078240.0,498.69827,1.0
2M19384759+4013234,4969.456,8.725,3.166,0.012,-0.279,0.002,0.059000015,0.00489898,-0.044,0.0053851646,0.22700001,0.006,0.20300001,0.0028284274,0.07700001,0.00489898,0.04600002,0.00489898,0.04000002,0.0028284274,0.07500002,0.0028284274,0.5965643298953811,0.038350051490732125,3.949702,5109878.0,157.25171,1.0
2M19393987+4015298,4536.893,3.352,2.58,0.009,-0.009,0.001,-0.02,0.0033166248,-0.12799999,0.0037416576,0.20300001,0.0037416576,0.193,0.0014142137,0.042,0.0033166248,-0.029,0.0033166248,0.015,0.0014142137,0.257,0.0014142137,0.7245883672292269,0.1448601532427597,5.303815,5110707.0,161.04025,1.0
2M19410819+4015085,4710.583,4.867,2.805,0.008,-0.029,0.001,-0.035000004,0.0033166248,0.083000004,0.0033166248,0.513,0.0037416576,0.153,0.0014142137,0.004999999,0.0033166248,-0.012000002,0.0033166248,0.548,0.0014142137,0.11,0.0014142137,0.20292566073005075,0.05896703968674716,1.595606,5112361.0,159.2618,1.0
2M19064406+4021144,4404.769,1.92,2.079,0.009,-0.62,0.001,0.305,0.003,0.09500003,0.003,0.13,0.0037416576,0.43400002,0.0014142137,0.21700001,0.003,0.29500002,0.003,-0.22399998,0.0022360682,0.16,0.0014142137,0.6305456372800073,0.11695638357590617,4.271158,5171575.0,224.63463,1.0
2M19075054+4018279,4547.442,0.934,2.288,0.002,-0.386,0.001,0.07500002,0.0017320508,0.21900001,0.0017320508,0.407,0.0017320508,0.252,0.0014142137,0.051,0.0017320508,0.02700001,0.0017320508,1.24,0.0014142137,-2.114,0.0022360682,0.5815095687338538,0.054866058209186275,3.815132,5172229.0,673.7056,1.0
2M19111637+4021507,4231.348,0.926,2.282,0.004,0.053,0.001,0.022999998,,0.074,,0.262,0.0017320508,0.13599999,0.0014142137,0.017,,0.039,,0.032,0.0014142137,0.21399999,0.0014142137,0.5476761474971901,0.12536478852331556,3.529199,5174302.0,290.9944,1.0
2M19573585+4020004,4664.775,7.167,2.719,0.014,-0.26,0.002,0.09899999,0.00489898,-0.009000003,0.0053851646,0.129,0.006,0.305,0.0028284274,0.063999996,0.00489898,0.070999995,0.00489898,-0.213,0.0028284274,-0.453,0.0028284274,0.8704862495389573,0.05965665244373298,7.421407,5220010.0,119.53208,1.0
2M19160208+4025448,4321.955,0.859,2.529,0.003,0.234,0.001,0.025999993,0.0017320508,0.001000002,0.0017320508,0.23699999,0.0017320508,0.162,0.0014142137,0.013999999,0.0017320508,0.012000009,0.0017320508,-0.143,0.0014142137,0.04100001,0.0014142137,0.7630939825512457,0.12954462006380812,5.795541,5265923.0,351.7471,1.0
2M19243182+4024559,3936.889,0.57,1.752,0.003,0.072,0.001,0.051000006,,0.069000006,,0.22299999,0.00244949,0.15200001,0.0014142137,-0.023999996,,0.049000002,,-0.162,0.0014142137,-0.271,0.0014142137,1.1646919192815712,0.11917963531979717,14.611403,5272829.0,357.59488,1.0
2M19393337+4024272,4074.641,1.328,1.706,0.012,-0.396,0.002,0.243,0.0037416574,0.11500001,0.0037416574,0.163,0.0046904157,0.421,0.0028284274,0.143,0.0037416574,0.243,0.0037416574,-0.14900002,0.0028284274,-0.16700003,0.0028284274,1.212327009207065,0.08126001090963857,16.305233,5286020.0,136.28423,1.0
2M19250988+4030412,4392.319,1.438,2.679,0.004,0.168,0.001,0.013999999,,0.08499999,0.00244949,0.24300002,0.00244949,0.118000016,0.0014142137,0.002000004,,0.025000006,0.00244949,-0.182,0.0014142137,0.09500001,0.0014142137,0.921215049205374,0.09542013465437099,8.340941,5360757.0,263.02936,1.0
2M19365642+4032299,4132.313,1.036,2.172,0.004,0.176,0.001,0.001000002,,0.076000005,,0.24000001,0.00244949,0.10699999,0.0014142137,-0.038000003,,0.024000004,,-0.152,0.0014142137,0.001000002,0.0014142137,1.116806019893025,0.14625957203045487,13.085973,5370997.0,214.33984,1.0
2M19372617+4033508,4019.25,1.939,1.832,0.009,-0.031,0.002,-0.018,0.0037416574,0.021,0.0037416574,0.155,0.0041231057,0.111,0.0028284274,0.011,0.0037416574,0.013,0.0037416574,0.003999999,0.0028284274,-0.072,0.0028284274,1.1478376478117096,0.1356054410057115,14.05522,5371494.0,117.27304,1.0
2M19421561+4032169,4110.563,0.874,2.14,0.004,0.163,0.001,0.09300001,,0.11099999,,0.282,0.00244949,0.20099999,0.0014142137,0.054999992,,0.094,,-0.291,0.0014142137,-0.031000003,0.0014142137,1.1379757013771588,0.112250780000234,13.739651,5376348.0,228.54391,1.0
2M18574690+4040456,4662.086,2.711,2.61,0.006,-0.208,0.001,0.019000009,0.00244949,-0.09399998,0.00244949,0.207,0.003,0.183,0.0014142137,0.067,0.00244949,0.06400001,0.00244949,-0.07699999,0.0014142137,0.24900001,0.0014142137,0.5816354516881197,0.07098337313061338,3.816238,5428669.0,290.90295,1.0
2M19112628+4041166,4624.493,4.661,3.181,0.007,0.295,0.002,-0.021999985,0.0037416574,0.03400001,0.0037416574,0.30000004,0.0041231057,0.13300002,0.0028284274,0.035000026,0.0037416574,-0.047999993,0.0037416574,-0.47899997,0.0028284274,0.42500004,0.0028284274,0.8759927807836813,0.03958667125568892,7.516104,5436415.0,131.93134,1.0
2M19170097+4036282,4671.442,2.813,3.165,0.004,0.154,0.001,0.033000007,0.00244949,-0.0109999925,0.00244949,0.249,0.003,0.19899999,0.0014142137,0.066,0.00244949,0.003000006,0.00244949,-0.317,0.0014142137,0.15699999,0.0014142137,0.8289527854375661,0.034948823322709856,6.744547,5440198.0,252.19374,1.0
2M19224975+4037527,3968.201,1.526,2.02,0.006,0.316,0.001,0.012999982,,0.09399998,0.0033166248,0.27699998,0.0037416576,0.11399999,0.0014142137,-0.012000024,,0.030999988,,-0.18500002,0.0014142137,0.21900001,0.0014142137,1.2150955070309506,0.08331854345620196,16.409506,5444972.0,133.24043,1.0
2M19232394+4039477,4684.708,6.082,2.339,0.015,-0.678,0.002,0.29199997,0.0053851646,-0.030000031,0.006,0.302,0.007483315,0.42299998,0.0028284274,0.22899997,0.0053851646,0.41699997,0.0053851646,-0.39499998,0.0028284274,0.09099996,0.0028284274,0.2507848515650148,0.08632972144460367,1.781496,5445379.0,154.34946,1.0
2M19243233+4040003,4218.806,1.256,1.819,0.01,-0.532,0.001,0.20199999,0.00244949,0.048000008,0.00244949,0.15900001,0.003,0.356,0.0014142137,0.11399999,0.00244949,0.18600002,0.00244949,-0.003000021,0.0014142137,0.195,0.0014142137,1.1578416900766733,0.1118914446488785,14.382742,5446242.0,199.28304,1.0
2M19291825+4041286,4611.338,3.958,2.707,0.008,-0.133,0.001,0.069,0.0033166248,-0.052,0.0033166248,0.224,0.0037416576,0.193,0.0014142137,0.049000002,0.0033166248,0.060000002,0.0033166248,-0.31199998,0.0014142137,-0.03999999,0.0014142137,0.777448645319984,0.0627311206654441,5.990301,5450049.0,183.0252,1.0
2M19372122+4038120,4512.791,3.008,2.613,0.007,-0.003,0.001,-0.023,0.0033166248,-0.067,0.0033166248,0.24900001,0.0037416576,0.08,0.0014142137,0.006,0.0033166248,-0.014999999,0.0033166248,0.04,0.0014142137,-0.23599999,0.0014142137,0.5161219032999045,0.07353005639804108,3.281874,5457182.0,180.2662,1.0
2M19395172+4041360,4236.134,1.644,2.054,0.012,-0.408,0.002,0.31,0.0041231057,0.116,0.0041231057,0.12199998,0.0046904157,0.4,0.0028284274,0.205,0.0037416574,0.291,0.0041231057,-0.255,0.0028284274,-0.232,0.0028284274,1.230298041706882,0.06702013941446358,16.994095,5459563.0,142.85841,1.0
2M19422693+4038597,4549.9,3.05,2.845,0.006,0.092,0.001,0.027000003,0.00244949,-0.008000001,0.00244949,0.297,0.003,0.18,0.0014142137,0.051999994,0.00244949,0.0050000027,0.00244949,0.012000002,0.0014142137,0.137,0.0014142137,0.8993539596748599,0.052934786174243034,7.931475,5462261.0,177.56046,1.0
2M19503547+4039488,4753.003,3.206,3.404,0.004,0.171,0.001,0.024999991,0.00244949,0.06899999,0.00244949,0.18399999,0.003,0.16999999,0.0014142137,0.024999991,0.00244949,-0.009000003,0.00244949,-0.22500001,0.0014142137,0.29299998,0.0014142137,0.8351936065356054,0.11707148204942712,6.842166,5471433.0,235.50975,1.0
2M18571125+4042333,4799.977,5.988,3.147,0.009,-0.307,0.002,0.10700001,0.0041231057,0.002000004,0.0046904157,0.023000002,0.0053851646,0.245,0.0028284274,0.066000015,0.0041231057,0.17500001,0.0041231057,-0.038999975,0.0028284274,0.10200001,0.0028284274,0.9800977692134051,0.05312331311548564,9.552076,5513771.0,169.2325,1.0
2M19105440+4047539,4405.16,1.558,2.391,0.005,-0.116,0.001,0.018,0.00244949,-0.040000007,0.00244949,0.26999998,0.003,0.145,0.0014142137,0.0,0.00244949,0.033999994,0.00244949,-0.024000004,0.0014142137,-0.04200001,0.0014142137,0.6218596018858283,0.07893071102892128,4.186582,5521210.0,274.46725,1.0
2M19121461+4045519,4811.391,2.296,3.1,0.003,-0.04,0.001,0.013999999,0.0017320508,-0.146,0.00244949,0.261,0.00244949,0.144,0.0014142137,0.052,0.0017320508,-0.048,0.0017320508,-0.07,0.0014142137,0.042,0.0014142137,0.5425310273555799,0.046902113008770015,3.487635,5522071.0,435.24954,1.0
2M19123096+4045456,4316.366,1.069,2.055,0.006,-0.507,0.001,0.263,0.00244949,0.062000036,0.00244949,0.10100004,0.0037416576,0.34600002,0.0014142137,0.15700004,0.00244949,0.23700002,0.00244949,-0.0009999871,0.0014142137,-0.27099997,0.0014142137,1.1364126161238002,0.14479576761831778,13.690289,5522224.0,312.77042,1.0
2M19130385+4045596,4765.263,2.747,2.58,0.006,-0.509,0.001,0.111,0.00244949,0.397,0.00244949,0.638,0.00244949,0.21400002,0.0014142137,0.085999995,0.00244949,0.08200002,0.00244949,1.5090001,0.0014142137,-1.809,0.0022360682,0.5331039663028565,0.022393790809864516,3.412746,5522575.0,291.66638,1.0
2M19290700+4044384,4378.014,1.78,2.261,0.006,-0.274,0.001,0.056999996,0.00244949,-0.003000021,0.00244949,0.17699999,0.003,0.22099999,0.0014142137,0.04599999,0.00244949,0.080999985,0.00244949,-0.07700002,0.0014142137,0.094999984,0.0014142137,1.1100959836959747,0.10852295413500065,12.885343,5535029.0,238.19907,1.0
2M19362730+4042163,4268.052,1.554,2.199,0.007,-0.113,0.001,0.036,0.00244949,-0.0069999993,0.00244949,0.146,0.003,0.146,0.0014142137,-0.001000002,0.00244949,0.042999998,0.00244949,-0.39400002,0.0014142137,-0.089999996,0.0014142137,1.0237169268553492,0.11892085261994319,10.561289,5541499.0,191.72154,1.0
2M19474065+4042113,4813.277,1.852,3.329,0.002,0.026,0.001,0.022,0.0017320508,-0.013,0.0017320508,0.21900001,0.00244949,0.19299999,0.0014142137,0.053999998,0.0017320508,-0.006000001,0.0017320508,-0.503,0.0014142137,0.284,0.0014142137,0.7672643890233046,0.06124048413737573,5.851462,5553307.0,533.7928,1.0
2M19280384+4051558,4674.89,3.73,3.283,0.006,0.313,0.001,-0.0119999945,0.00244949,0.004999995,0.00244949,0.30100003,0.003,0.178,0.0014142137,0.016000003,0.00244949,-0.044,0.00244949,-0.475,0.0014142137,0.364,0.0014142137,0.756840733665974,0.03311851296509679,5.712691,5620636.0,169.9522,1.0
2M19312356+4050563,4972.055,5.181,3.166,0.007,-0.226,0.001,0.058,0.003,-0.10400002,0.0037416576,0.208,0.0037416576,0.16299999,0.0014142137,0.075,0.003,0.08999999,0.003,0.042999998,0.0014142137,0.049999997,0.0014142137,0.34581368421474296,0.04994353733458144,2.217245,5623391.0,265.25003,1.0
2M19373310+4050297,4636.786,5.275,2.438,0.014,-0.686,0.002,0.292,0.0053851646,0.062999964,0.0067082043,0.028999984,0.008306623,0.39999998,0.0028284274,0.20999998,0.0053851646,0.382,0.0053851646,-0.43700004,0.0028284274,0.14899999,0.0028284274,0.9451093804602997,0.08971314294375733,8.812708,5628775.0,155.00888,1.0
2M19391015+4049146,5076.747,5.016,2.999,0.007,-0.088,0.001,-0.035000004,0.003,-0.15,0.003,0.351,0.003,0.175,0.0014142137,0.07,0.003,-0.040999994,0.003,0.088,0.0014142137,0.039,0.0014142137,-0.13463303985672226,0.0853242128353533,0.733444,5630215.0,290.1524,1.0
2M19392781+4053507,4730.25,8.593,2.922,0.014,-0.04,0.002,-0.031000003,0.0057445625,-0.16499999,0.0061644143,0.256,0.0067082043,0.211,0.0028284274,0.077,0.0061644143,-0.031000003,0.0057445625,-0.17699999,0.0028284274,0.245,0.0028284274,0.43413822808922176,0.06339278842775818,2.717304,5630500.0,106.134346,1.0
2M18564987+4055220,4954.799,15.184,2.766,0.029,-1.072,0.003,0.15800005,0.009899495,0.13600004,0.026419688,-0.42299998,0.12828484,0.24100006,0.004242641,0.15400004,0.009899495,0.18900001,0.009899495,0.08100003,0.004242641,0.29200006,0.004242641,0.9366597896513196,0.04230467706445957,8.642906,5685682.0,133.59998,1.0
2M19175558+4056477,4557.137,1.499,1.703,0.006,-1.276,0.002,0.273,0.0037416574,-0.16600001,0.009273618,0.18500006,0.016155494,0.40000004,0.0028284274,0.26700008,0.0037416574,0.47300005,0.0037416574,-0.01699996,0.0028284274,-0.20700002,0.0028284274,1.0775365750354404,0.1398832486808961,11.954642,5698156.0,574.187,1.0
2M19204663+4055080,3938.175,0.62,1.783,0.003,0.119,0.001,0.008000001,,0.033999994,,0.16700001,0.0017320508,0.11,0.0014142137,-0.039000005,,0.031000003,,-0.155,0.0014142137,-0.078,0.0014142137,1.2226409961713052,0.07047923162630543,16.697098,5700488.0,296.05978,1.0
2M19222458+4059345,4583.684,2.664,2.606,0.006,-0.168,0.001,0.048999995,0.00244949,-0.016000003,0.00244949,0.206,0.003,0.20199999,0.0014142137,0.045999996,0.00244949,0.052999996,0.00244949,-0.11999999,0.0014142137,0.023000002,0.0014142137,0.6955423508959973,0.061165640683526486,4.960693,5701850.0,251.0563,1.0
2M19225650+4056598,4908.553,4.961,3.121,0.007,-0.33,0.001,0.10700001,0.003,-0.010999978,0.0037416576,0.128,0.004582576,0.256,0.0014142137,0.08600001,0.003,0.136,0.003,-0.014999986,0.0014142137,0.016000003,0.0014142137,0.7738904731015127,0.03843649173587494,5.941423,5702251.0,264.3737,1.0
2M19272999+4057270,4383.679,2.342,2.111,0.012,-0.551,0.002,0.31800002,0.0041231057,0.073000014,0.0041231057,0.07800001,0.0053851646,0.374,0.0022360682,0.201,0.0041231057,0.297,0.0041231057,-0.31199998,0.0028284274,0.00999999,0.0028284274,0.9351482451259904,0.10076897800502801,8.612877,5705708.0,167.98712,1.0
2M19285078+4054466,4752.198,5.31,3.038,0.008,-0.016,0.001,0.006000001,0.0033166248,-0.045999996,0.0033166248,0.32,0.0037416576,0.171,0.0014142137,0.022,0.0033166248,0.006000001,0.0033166248,-0.083,0.0014142137,0.008,0.0014142137,0.5093641089749719,0.060582846508438176,3.231202,5706724.0,160.71417,1.0
2M19300021+4057310,4166.572,1.388,1.922,0.011,-0.408,0.002,0.302,0.0037416574,0.146,0.0037416574,0.14199999,0.0046904157,0.417,0.0028284274,0.204,0.0037416574,0.277,0.0037416574,-0.29900002,0.0028284274,0.028999984,0.0028284274,1.1824951121582241,0.11068609170039606,15.22282,5707691.0,142.88933,1.0
2M19301199+4058587,4205.177,0.974,2.2,0.005,0.029,0.001,0.050000004,0.00244949,0.044,0.00244949,0.14,0.00244949,0.15100001,0.0014142137,-0.011,,0.050000004,0.00244949,-0.093,0.0014142137,-0.024999999,0.0014142137,1.1699657367728802,0.09822551267583438,14.789917,5707854.0,242.53497,1.0
2M19461823+4055335,4028.177,1.613,1.997,0.007,0.185,0.001,0.030000001,0.0033166248,0.060000002,0.0033166248,0.21700001,0.0037416576,0.122999996,0.0014142137,-0.05600001,,0.024000004,0.0033166248,-0.204,0.0014142137,-0.037,0.0014142137,1.1788740274397165,0.09668768734090748,15.096422,5723238.0,122.52161,1.0
2M19492734+4054564,4156.093,0.549,1.833,0.004,-0.277,0.001,0.24100001,0.0017320508,0.17400001,0.0017320508,0.24100001,0.0017320508,0.271,0.0014142137,0.088000014,,0.22500001,0.0017320508,-0.18899998,0.0014142137,-0.139,0.0014142137,1.1436338377592952,0.13552163939855025,13.919827,5726966.0,369.01373,1.0
2M19011386+4100430,4609.323,4.611,2.649,0.01,-0.192,0.002,0.047000006,0.0037416574,-0.009000003,0.0037416574,0.23,0.0041231057,0.178,0.0022360682,0.030000001,0.0037416574,0.106,0.0037416574,-0.025999993,0.0028284274,0.037,0.0028284274,0.6986437266474966,0.04959102497498467,4.996245,5773063.0,152.35355,1.0
2M19135189+4101101,4912.184,6.924,3.224,0.009,-0.17,0.001,0.040000007,0.0037416576,-0.036,0.0037416576,0.19600001,0.004358899,0.165,0.0014142137,0.088,0.0037416576,0.124,0.0037416576,0.034999996,0.0014142137,-0.24499999,0.0022360682,0.61857416380904,0.03873283029590787,4.15503,5780614.0,182.22511,1.0
2M19140896+4105495,4253.258,0.502,2.237,0.002,0.07,0.001,-0.02,0.0017320508,-0.0019999966,0.0017320508,0.24200001,0.0017320508,0.071,0.0014142137,-0.062,,-0.001000002,0.0017320508,-0.035,0.0014142137,0.12,0.0014142137,0.9340982615010043,0.14655436324689128,8.592079,5780782.0,552.62317,1.0
2M19203177+4104010,4338.548,1.538,2.073,0.008,-0.581,0.001,0.31699997,0.003,0.122999966,0.003,0.08199996,0.0037416576,0.38199997,0.0014142137,0.19799998,0.00244949,0.26399997,0.00244949,0.27899998,0.0014142137,-0.007000029,0.0014142137,1.08281899991763,0.08681064676977554,12.100937,5785710.0,239.07715,1.0
2M19292271+4103233,4844.451,3.88,2.986,0.006,-0.178,0.001,-0.018999994,0.003,-0.065,0.003,0.18900001,0.003,0.12900001,0.0014142137,0.033000007,0.003,-0.003999993,0.003,0.069000006,0.0014142137,0.042999998,0.0014142137,0.2375869643775347,0.06219794838709262,1.728172,5792581.0,288.89825,1.0
2M19394258+4100355,4085.37,0.738,1.956,0.004,0.05,0.001,0.0,,0.028,,0.223,0.0017320508,0.117,0.0014142137,-0.041,,0.021999996,,0.0,0.0014142137,0.205,0.0014142137,0.5542859571460685,0.12907855017373307,3.583323,5801629.0,299.41177,1.0
2M19460744+4103253,4439.103,1.058,2.616,0.003,0.171,0.001,-0.001000002,0.0017320508,0.009000003,0.0017320508,0.342,0.0017320508,0.155,0.0014142137,0.0119999945,0.0017320508,-0.001000002,0.0017320508,-0.23200001,0.0014142137,0.315,0.0014142137,0.8413457655568389,0.10262236235017254,6.939781,5808444.0,377.7945,1.0
2M19560456+4103248,4795.86,5.864,3.072,0.009,-0.013,0.001,0.059,0.0037416576,-0.103,0.0037416576,0.337,0.0037416576,0.241,0.0014142137,0.098000005,0.0037416576,0.031999998,0.0033166248,-0.292,0.0022360682,0.148,0.0014142137,0.47437100856462355,0.043558349822558254,2.981062,5820359.0,164.03633,1.0
2M18514993+4106125,4551.929,1.261,2.514,0.003,-0.074,0.001,-0.073,0.0017320508,-0.128,0.0017320508,0.243,0.00244949,0.081,0.0014142137,-0.008999996,0.0017320508,-0.045999996,0.0017320508,0.156,0.0014142137,0.027000003,0.0014142137,0.05125905629265745,0.05936449371392493,1.125276,5854239.0,489.9612,1.0
2M18583415+4110232,4628.332,2.441,2.873,0.004,0.206,0.001,-0.0059999973,0.00244949,-0.018999994,0.00244949,0.51600003,0.00244949,0.111,0.0014142137,-0.0059999973,0.00244949,-0.026999995,0.00244949,-0.34600002,0.0014142137,0.029,0.0014142137,0.2832516891638519,0.04871258720509839,1.919781,5857618.0,270.69583,1.0
2M18584828+4108138,4302.619,0.92,2.202,0.005,-0.419,0.001,0.315,0.0017320508,0.11899999,0.0017320508,0.08500001,0.0033166248,0.425,0.0014142137,0.185,0.0017320508,0.29299998,0.0017320508,-0.33299997,0.0014142137,0.141,0.0014142137,1.144123085434118,0.09524118881983597,13.935517,5857724.0,320.17508,1.0
2M19003896+4107044,4155.256,0.691,2.132,0.004,-0.05,0.001,-0.0020000003,,0.085999995,0.0017320508,0.195,0.0017320508,0.143,0.0014142137,-0.0040000007,,0.060000002,0.0017320508,-0.081,0.0014142137,-0.009,0.0014142137,0.9720640086377408,0.14171393661939277,9.377002,5858641.0,321.0936,1.0
2M19011396+4109061,4937.114,7.403,3.158,0.012,-0.794,0.002,0.286,0.0053851646,0.069000006,0.012806248,-0.144,0.017578395,0.33000004,0.0028284274,0.26400006,0.0053851646,0.38500002,0.0053851646,-0.20499998,0.0028284274,-0.17399997,0.0028284274,1.0209512818438926,0.0421442788163662,10.494247,5858947.0,218.15585,1.0
2M19132011+4115408,4624.089,5.64,2.639,0.012,-0.18,0.002,0.062000006,0.0045825755,0.0140000135,0.0045825755,0.30900002,0.00489898,0.23200001,0.0028284274,0.05600001,0.0045825755,0.046000004,0.0045825755,-0.257,0.0028284274,-0.026999995,0.0028284274,0.4469499854828912,0.08462162709062836,2.798659,5949648.0,137.09027,1.0
2M19145245+4115440,4176.608,0.565,2.182,0.003,0.016,0.001,0.011,0.0017320508,0.027999999,0.0017320508,0.16,0.0017320508,0.129,0.0014142137,0.013999999,0.0017320508,0.025999999,0.0017320508,0.007999999,0.0014142137,-0.078,0.0014142137,0.8948278296829337,0.13485771748498915,7.849244,5950668.0,410.3349,1.0
2M18514923+4122393,4226.034,0.637,2.019,0.004,-0.353,0.001,0.269,0.0017320508,0.10699998,0.0017320508,0.18399999,0.00244949,0.36699998,0.0014142137,0.15499999,0.0017320508,0.232,0.0017320508,-0.09,0.0014142137,0.13199998,0.0014142137,1.1936836152817796,0.08561151385446722,15.620093,6020718.0,355.2889,1.0
2M19134879+4120020,4327.015,2.854,2.139,0.014,-0.459,0.002,0.27899998,0.00489898,0.157,0.00489898,0.12399998,0.006,0.421,0.0028284274,0.19299999,0.00489898,0.282,0.00489898,-0.297,0.0028284274,-0.16600001,0.0028284274,1.2054529291008433,0.08667215107099424,16.049183,6032371.0,122.23492,1.0
2M19151248+4123264,4497.687,3.253,2.498,0.009,-0.119,0.001,0.0,0.0033166248,-0.013999999,0.0033166248,0.221,0.0037416576,0.238,0.0014142137,0.039000005,0.0033166248,0.019000001,0.0033166248,0.011,0.0014142137,0.232,0.0014142137,0.6411562056367018,0.07401361624751557,4.376795,6033295.0,159.92271,1.0
2M19331843+4119533,4163.828,1.0,2.154,0.005,0.079,0.001,0.033,0.00244949,0.05099999,0.00244949,0.194,0.00244949,0.19100001,0.0014142137,0.036999993,0.00244949,0.056,0.00244949,-0.16600001,0.0014142137,0.085,0.0014142137,0.9572801741511474,0.12005689410172132,9.063171,6047277.0,209.82864,1.0
2M19472001+4122451,4711.214,2.538,2.839,0.005,-0.135,0.001,-0.015999988,0.0017320508,-0.14400001,0.00244949,0.208,0.00244949,0.19,0.0014142137,0.039000005,0.0017320508,0.018000007,0.0017320508,0.117000006,0.0014142137,0.08500001,0.0014142137,0.4753150370541348,0.060670707216068855,2.987549,6060867.0,356.78854,1.0
2M19480992+4123269,4799.04,3.173,3.024,0.005,-0.248,0.001,0.07699999,0.003,-0.022000015,0.003,0.168,0.0037416576,0.22,0.0014142137,0.054999992,0.003,0.077999994,0.003,-0.25399998,0.0014142137,0.248,0.0014142137,0.7696046802816691,0.04337169067888582,5.883079,6061867.0,331.18417,1.0
2M19540427+4120098,4184.055,0.59,2.358,0.002,0.176,0.001,0.015000001,,0.09099999,,0.222,0.0017320508,0.111,0.0014142137,-0.018999994,,0.033000007,,-0.114999995,0.0014142137,0.206,0.0014142137,1.1250037999051186,0.13410719803281404,13.335331,6067958.0,402.98932,1.0
2M19150275+4125281,4531.698,2.545,2.947,0.005,0.25,0.001,0.02000001,0.00244949,-0.004999995,0.00244949,0.29799998,0.003,0.17699999,0.0014142137,0.0069999993,0.00244949,0.007999986,0.00244949,-0.257,0.0014142137,-0.06999999,0.0014142137,0.8276185976639233,0.033330733581555555,6.723859,6114108.0,190.74638,1.0
2M19320311+4125243,4402.774,1.9,2.411,0.007,-0.234,0.001,0.23799999,0.00244949,0.114,0.00244949,0.187,0.003,0.313,0.0014142137,0.121999994,0.00244949,0.212,0.00244949,-0.22999999,0.0014142137,0.137,0.0014142137,0.8908453245346858,0.08769006248831346,7.777595,6127331.0,189.71863,1.0
2M19475722+4127078,4824.792,8.482,2.912,0.014,-0.206,0.002,0.020999998,0.00489898,-0.055000007,0.0053851646,0.169,0.006,0.201,0.0028284274,0.06299999,0.0053851646,0.0069999993,0.00489898,-0.268,0.0028284274,-0.102,0.0028284274,0.6774902432075876,0.04894828665137497,4.758721,6142942.0,123.3879,1.0
2M19493651+4124143,4680.62,1.836,3.099,0.003,0.099,0.001,0.016999997,0.0017320508,-0.031999998,0.0017320508,0.21899998,0.00244949,0.18199998,0.0014142137,0.045999996,0.0017320508,-0.018,0.0017320508,-0.26,0.0014142137,0.067999996,0.0014142137,0.9005098487857253,0.04223270196807441,7.952613,6144777.0,420.9471,1.0
2M19013048+4131521,3994.159,1.454,2.078,0.006,0.303,0.001,0.04100001,,0.099999994,,0.23700002,0.003,-0.025000006,0.0014142137,-0.025000006,,0.037999988,,-0.168,0.0014142137,-0.030999988,0.0014142137,1.106197358918678,0.14565482867079013,12.77019,6187604.0,146.46902,1.0
2M19024815+4135564,4799.512,4.851,2.881,0.008,-0.105,0.001,0.027999997,0.0033166248,-0.045999996,0.0037416576,0.194,0.0037416576,0.203,0.0014142137,0.053999998,0.0033166248,0.045999996,0.0033166248,0.029999994,0.0014142137,-0.089999996,0.0014142137,-0.027403789391022563,0.07531795477229522,0.93885,6188269.0,200.33116,1.0
2M19190563+4134051,4785.011,1.383,2.997,0.002,-0.118,0.001,-0.042999998,0.0017320508,-0.067,0.00244949,0.201,0.00244949,0.115,0.0014142137,0.027999997,0.0017320508,-0.009000003,0.0017320508,0.156,0.0014142137,0.21900001,0.0014142137,0.3023653504621298,0.045781639677923106,2.006159,6198476.0,740.0927,1.0
2M19270263+4132153,4872.334,6.205,3.204,0.008,-0.147,0.001,0.045,0.0037416576,-0.060000002,0.0037416576,0.18,0.004358899,0.17,0.0014142137,0.063,0.0037416576,0.013999999,0.0037416576,-0.214,0.0014142137,0.044,0.0014142137,0.7143411619217184,0.042293009855183646,5.180136,6204765.0,180.15965,1.0
2M19504089+4133247,4924.056,5.981,3.302,0.007,-0.007,0.001,-0.011999999,0.0037416576,-0.137,0.0037416576,0.255,0.004358899,0.113,0.0014142137,0.04,0.0037416576,0.005,0.0037416576,0.232,0.0014142137,0.146,0.0014142137,0.3478841922078411,0.08176820410982948,2.227841,6227242.0,205.48901,1.0
2M19515544+4134064,4583.987,2.638,2.655,0.008,-0.438,0.001,0.274,0.003,0.092999995,0.003,0.118,0.0037416576,0.403,0.0014142137,0.19399999,0.003,0.267,0.003,-0.293,0.0022360682,0.15899998,0.0014142137,0.8614149186359967,0.044089315273932436,7.268,6228364.0,241.47774,1.0
2M18585272+4140337,4263.219,1.326,2.147,0.008,-0.362,0.001,0.273,0.00244949,0.089999974,0.00244949,0.102,0.003,0.41,0.0014142137,0.17199999,0.00244949,0.22699998,0.00244949,-0.08500001,0.0014142137,-0.31800002,0.0014142137,1.1627597950807464,0.08742217733067541,14.546543,6267115.0,201.90901,1.0
2M19082032+4141512,4819.873,3.088,3.215,0.004,-0.113,0.001,0.055999998,0.00244949,-0.034,0.003,0.226,0.003,0.196,0.0014142137,0.051,0.00244949,0.033,0.00244949,-0.312,0.0014142137,0.083,0.0014142137,0.7994050684124605,0.04024343399164992,6.300936,6271966.0,300.3224,1.0
2M19192037+4140276,4631.729,6.003,2.704,0.013,-0.115,0.002,0.020000003,0.00489898,-0.009999998,0.00489898,0.151,0.0053851646,0.206,0.0028284274,0.102,0.00489898,-0.008999996,0.00489898,-0.09599999,0.0028284274,0.693,0.0028284274,0.6994972650792617,0.08594292681482311,5.006074,6279068.0,120.98073,1.0
2M19211472+4138453,4553.644,4.42,2.873,0.009,0.056,0.002,0.052,0.00489898,-0.0040000007,0.00489898,0.11699999,0.0053851646,0.16999999,0.0028284274,0.074999996,0.00489898,0.058,0.00489898,-0.118,0.0028284274,-0.225,0.0028284274,0.8620223744231238,0.05438567731206138,7.278173,6280589.0,125.740425,1.0
2M19292837+4138421,4395.346,0.65,2.218,0.002,-0.103,0.001,-0.060000002,0.0017320508,-0.15499999,0.0017320508,0.214,0.00244949,0.175,0.0014142137,-0.022,0.0017320508,-0.033000007,0.0017320508,0.065,0.0014142137,-0.165,0.0014142137,0.491891909783741,0.0987764525450621,3.103787,6286760.0,638.4487,1.0
2M19300100+4139504,4092.185,0.785,1.985,0.004,0.106,0.001,0.028000005,,0.057000004,,0.144,0.0017320508,0.125,0.0014142137,-0.049,,0.031999998,,-0.117,0.0014142137,0.19799998,0.0014142137,1.0863475848216275,0.14646722067728538,12.199656,6287184.0,262.16803,1.0
2M19363594+4138358,4615.844,5.912,2.57,0.014,-0.367,0.002,0.100000024,0.00489898,0.011000007,0.00489898,0.12600002,0.0053851646,0.256,0.0028284274,-0.0039999783,0.00489898,0.16200002,0.00489898,-0.443,0.0028284274,0.158,0.0028284274,0.836375265747155,0.0593121323762516,6.860808,6292598.0,123.96131,1.0
2M19365122+4136452,4620.163,6.479,2.69,0.013,-0.076,0.002,-0.001000002,0.00489898,-0.048,0.00489898,0.22999999,0.0053851646,0.174,0.0028284274,0.016999997,0.00489898,-0.0040000007,0.00489898,-0.289,0.0028284274,0.416,0.0028284274,0.7570104592982136,0.107364039164066,5.714924,6292833.0,110.72649,1.0
2M19465188+4140126,4766.816,3.704,2.886,0.006,-0.052,0.001,-0.056,0.00244949,-0.118,0.00244949,0.263,0.003,0.146,0.0014142137,0.02,0.00244949,-0.034,0.00244949,0.030000001,0.0014142137,0.085,0.0014142137,0.14013958494862683,0.08098320745116475,1.380828,6302852.0,254.14835,1.0
2M19482558+4139121,4785.423,1.808,2.997,0.003,-0.089,0.001,-0.018,0.0017320508,-0.060000002,0.0017320508,0.238,0.00244949,0.18,0.0014142137,0.038000003,0.0017320508,0.012000002,0.0017320508,-0.036,0.0014142137,0.038000003,0.0014142137,0.2713194426490541,0.047312503155001864,1.867753,6304676.0,523.54474,1.0
2M19544254+4141373,4562.556,3.851,2.851,0.009,-0.04,0.002,-0.0069999993,0.0030000003,0.0,0.0030000003,0.27,0.0034641016,0.029,0.0028284274,0.011999998,0.0030000003,0.025999999,0.0030000003,0.266,0.0028284274,-0.029,0.0028284274,0.48033527199428666,0.1336082296988309,3.022284,6311518.0,156.69037,1.0
2M18570475+4144198,4617.687,4.622,2.679,0.01,-0.084,0.002,-0.015000001,0.0037416574,-0.030000001,0.0037416574,0.24900001,0.0041231057,0.162,0.0022360682,0.026999999,0.0037416574,0.031999998,0.0037416574,-0.199,0.0028284274,0.065,0.0028284274,0.5264682540376946,0.08382282597053793,3.360998,6345145.0,150.503,1.0
2M19064077+4142352,4866.715,9.528,3.178,0.016,-0.445,0.002,0.265,0.0053851646,0.109999985,0.008306623,-0.0069999993,0.009165152,0.479,0.0028284274,0.18899998,0.0053851646,0.36699998,0.0053851646,0.16599998,0.0028284274,-0.043000013,0.0028284274,1.0198879421778988,0.034620793819538156,10.468584,6350070.0,129.97559,1.0
2M19183626+4147482,4596.652,5.553,2.508,0.014,-0.245,0.002,0.082,0.00489898,-0.049999982,0.00489898,0.199,0.0053851646,0.253,0.0028284274,0.07200001,0.00489898,0.112,0.00489898,-0.263,0.0028284274,-0.06099999,0.0028284274,0.8256273137415481,0.04849121004040819,6.6931,6357581.0,127.87825,1.0
2M19262172+4145241,4163.758,1.634,1.907,0.013,-0.325,0.002,0.28199998,0.0037416574,0.137,0.0037416574,0.18399999,0.0046904157,0.33999997,0.0028284274,0.12299998,0.0037416574,0.262,0.0037416574,-0.24199998,0.0028284274,-0.006000012,0.0028284274,1.1259660710358717,0.11838847304272637,13.364911,6363351.0,114.71717,1.0
2M19333162+4146595,4461.51,2.416,2.278,0.007,-0.113,0.001,0.022,0.00244949,0.065,0.00244949,0.416,0.00244949,0.14,0.0014142137,0.023999996,0.00244949,0.0009999946,0.00244949,0.78599995,0.0014142137,-0.437,0.0014142137,0.5011987072678604,0.08990091268435657,3.171018,6368959.0,202.69914,1.0
2M19505726+4146269,4626.328,1.069,2.955,0.002,0.167,0.001,0.016000003,0.0017320508,0.0059999973,0.0017320508,0.353,0.0017320508,0.18599999,0.0014142137,0.015000001,0.0017320508,0.0059999973,0.0017320508,-0.188,0.0014142137,0.308,0.0014142137,0.6126871359839715,0.05447869725897654,4.099087,6385953.0,601.2114,1.0
2M19550865+4144444,4485.632,1.043,2.53,0.003,-0.073,0.001,-0.031999998,0.0017320508,-0.067,0.0017320508,0.217,0.00244949,0.096,0.0014142137,0.008000001,0.0017320508,-0.013999999,0.0017320508,-0.07000001,0.0014142137,0.185,0.0014142137,0.3158274453591749,0.08701309017863623,2.069319,6390781.0,464.29276,1.0
2M18522063+4149520,4217.282,0.971,2.014,0.005,-0.065,0.001,0.0029999986,0.0017320508,0.004999999,0.0017320508,0.167,0.0017320508,0.113,0.0014142137,-0.031000003,0.0017320508,0.022999998,0.0017320508,-0.128,0.0014142137,-0.082,0.0014142137,1.2400503218521501,0.056085250647125766,17.380022,6421579.0,267.52634,1.0
2M19200956+4148050,4948.736,6.331,3.181,0.008,-0.005,0.001,-0.017,0.0037416576,-0.142,0.0037416576,0.371,0.0037416576,0.16399999,0.0014142137,0.046,0.0037416576,-0.063999996,0.0033166248,-0.37600002,0.0014142137,0.205,0.0014142137,0.1914616341486401,0.0485041138088857,1.554038,6437547.0,189.2283,1.0
2M19344865+4152000,4577.951,3.872,2.73,0.008,-0.084,0.001,0.0019999966,0.0033166248,0.011,0.0033166248,0.22999999,0.0037416576,0.154,0.0014142137,0.012999997,0.0033166248,0.0029999986,0.0033166248,0.012999997,0.0014142137,0.345,0.0014142137,0.8613968126961115,0.11296411857930531,7.267697,6448697.0,169.20993,1.0
2M19530336+4153270,4303.732,1.69,2.153,0.008,-0.188,0.001,0.077999994,0.00244949,0.007999986,0.00244949,0.13299999,0.003,0.204,0.0014142137,0.044,0.00244949,0.077999994,0.00244949,-0.097,0.0014142137,0.110999994,0.0014142137,1.1908655241455328,0.10208778837594751,15.519064,6466968.0,191.67079,1.0
2M18574089+4155342,4418.61,2.794,2.138,0.013,-0.586,0.002,0.26100004,0.0041231057,0.06300002,0.0041231057,0.10100001,0.0053851646,0.42700005,0.0028284274,0.20400003,0.0041231057,0.25700003,0.0041231057,-0.041999996,0.0028284274,-0.14999998,0.0028284274,1.1141328971830164,0.10042233946680025,13.005675,6502960.0,171.21696,1.0
2M19282642+4155203,4642.075,3.55,2.546,0.008,-0.122,0.001,-0.019000001,0.00244949,-0.141,0.00244949,0.24599999,0.003,0.168,0.0014142137,0.042000003,0.00244949,0.048,0.00244949,-0.031999998,0.0014142137,-0.009999998,0.0014142137,0.506258050217308,0.08547472591692541,3.208175,6523301.0,207.3145,1.0
2M19330611+4158149,4383.794,2.426,1.604,0.013,-0.902,0.002,0.35799998,0.0041231057,-0.06800002,0.0053851646,0.14600003,0.0069999998,0.37700003,0.0022360682,0.263,0.0041231057,0.40800002,0.0041231057,0.048000038,0.0028284274,0.037,0.0028284274,1.198404325492214,0.0879698963550767,15.790807,6527027.0,177.13362,1.0
2M18574335+4204449,4504.605,3.019,2.861,0.007,,,,,,,,,,,,,,,,,,,0.4756212197971634,0.05668478383755067,2.989656,6585816.0,144.16473,1.0
2M19012748+4202163,4262.713,1.213,2.09,0.006,-0.075,0.001,-0.018,0.00244949,-0.023999996,0.00244949,0.188,0.00244949,0.072000004,0.0014142137,-0.033,0.00244949,0.0050000027,0.00244949,0.022000004,0.0014142137,-0.070999995,0.0014142137,1.2503080472572707,0.045954809083317595,17.795412,6587865.0,250.0463,1.0
2M19245900+4201422,4676.842,3.877,1.642,0.01,-1.011,0.002,0.21600002,0.0041231057,-0.05400002,0.00489898,0.31500006,0.0057445625,0.31300002,0.0022360682,0.049000025,0.0041231057,0.41900003,0.0041231057,-0.21599996,0.0028284274,-0.037999988,0.0028284274,1.1394910692626412,0.13299919580946226,13.787676,6604231.0,292.6391,1.0
2M19342447+4204085,4334.585,2.008,2.475,0.006,0.163,0.001,0.013999999,0.00244949,0.058,0.00244949,0.288,0.003,0.13599999,0.0014142137,0.015000001,0.00244949,0.023000002,0.00244949,-0.31300002,0.0014142137,0.19899999,0.0014142137,0.8466329749756532,0.10785968639940309,7.024784,6612265.0,160.3554,1.0
2M19344417+4202525,4343.862,2.567,2.207,0.01,-0.076,0.001,-0.0060000047,0.0033166248,-0.07,0.0033166248,0.276,0.0037416576,0.15,0.0014142137,0.020999998,0.0033166248,0.0119999945,0.0033166248,-0.269,0.0014142137,0.043999996,0.0014142137,0.5054960545267058,0.09962231299153235,3.202551,6612550.0,143.14597,1.0
2M19380691+4205534,4366.791,3.186,1.692,0.017,-0.674,0.002,0.314,0.00489898,0.048000038,0.00489898,0.24900001,0.006,0.39400002,0.0028284274,0.13800001,0.00489898,0.34300002,0.00489898,-0.181,0.0028284274,0.11700004,0.0028284274,1.1670837278574646,0.1109341207602179,14.692095,6615669.0,130.55946,1.0
2M19064459+4209479,4808.694,6.678,3.126,0.012,-0.298,0.002,0.13200001,0.0041231057,0.018999994,0.0046904157,0.045000017,0.0053851646,0.257,0.0028284274,0.08600001,0.0041231057,0.13700001,0.0041231057,-0.18199998,0.0028284274,-0.032999992,0.0028284274,0.9893216907956776,0.05024362526641591,9.757121,6676125.0,172.2537,1.0
2M19135163+4211223,4483.938,1.523,2.157,0.005,-0.414,0.001,0.11500001,0.0017320508,-0.083000004,0.00244949,0.2,0.00244949,0.22,0.0014142137,0.07699999,0.0017320508,0.08200002,0.0017320508,-0.21199998,0.0014142137,-0.18999997,0.0014142137,0.842032418151952,0.1354621242435568,6.950762,6680734.0,355.0614,1.0
2M19301976+4206597,4152.707,1.279,2.176,0.007,0.055,0.001,0.12,0.00244949,0.102000006,0.00244949,0.28,0.003,0.229,0.0014142137,0.013000004,,0.10300001,0.00244949,-0.141,0.0014142137,0.121,0.0014142137,1.2171163492355865,0.07492951238032532,16.48604,6694015.0,158.52177,1.0
2M19423885+4211463,3980.327,0.946,1.811,0.004,0.211,0.001,0.023000002,,0.081,,0.248,0.00244949,0.110000014,0.0014142137,-0.038000003,,0.03500001,,-0.19399999,0.0014142137,-0.029,0.0014142137,1.2239265433935453,0.09693217550519752,16.746596,6706199.0,219.34956,1.0
2M19545151+4208266,5008.407,6.4,3.397,0.007,-0.195,0.001,-0.009000003,0.0037416576,-0.021000013,0.004358899,0.17999999,0.004358899,0.132,0.0014142137,0.058,0.0037416576,0.08799999,0.0037416576,0.09099999,0.0014142137,0.020999998,0.0014142137,0.614436113211772,0.04397739882050338,4.115628,6720334.0,229.44139,1.0
2M18475191+4214460,4699.283,4.568,2.651,0.011,-0.589,0.002,0.308,0.0041231057,0.025999963,0.0046904157,0.375,0.0053851646,0.48999998,0.0022360682,0.26799998,0.0041231057,0.44099998,0.0041231057,-0.64699996,0.0028284274,0.051999986,0.0028284274,0.5807370827251911,0.047864053974169825,3.808352,6752140.0,191.33165,1.0
2M19112381+4213248,4420.013,1.344,2.26,0.005,-0.184,0.001,0.015000001,0.0017320508,-0.10399999,0.0017320508,0.27,0.00244949,0.172,0.0014142137,0.031000003,0.0017320508,0.022,0.0017320508,0.0119999945,0.0014142137,-0.26,0.0014142137,0.76876548547681,0.11652350143844165,5.871722,6765408.0,326.10294,1.0
2M19161506+4217079,4782.381,3.767,2.623,0.008,-0.425,0.001,0.073000014,0.003,-0.05699998,0.003,0.23400001,0.0037416576,0.26,0.0014142137,0.081,0.003,0.13100001,0.003,-0.288,0.0014142137,-0.398,0.0022360682,0.5150928683411115,0.058315393297865684,3.274107,6768654.0,274.74084,1.0
2M19300565+4216327,4487.436,0.979,2.956,0.002,0.255,0.001,0.0069999993,,0.08700001,0.0017320508,0.296,0.0017320508,0.134,0.0014142137,-0.008000001,,0.0069999993,,-0.137,0.0014142137,0.41799998,0.0014142137,0.9391098244953757,0.04444184906340391,8.691802,6779699.0,441.9262,1.0
2M19305257+4213264,4359.15,1.673,1.822,0.009,-0.611,0.001,0.297,0.00244949,0.046000004,0.003,0.21000001,0.0037416576,0.374,0.0014142137,0.157,0.00244949,0.319,0.003,-0.269,0.0014142137,0.073000014,0.0014142137,1.1772012568296735,0.11828321532491236,15.038387,6780356.0,228.01341,1.0
2M19411859+4215308,4493.98,3.161,2.733,0.007,-0.03,0.001,-0.005000001,0.0033166248,-0.021,0.0033166248,0.062,0.0037416576,0.116000004,0.0014142137,-0.011000002,0.0033166248,0.01,0.0033166248,-0.137,0.0014142137,-0.091,0.0014142137,0.9278144920192537,0.056885221361975644,8.468656,6790108.0,164.62598,1.0
2M19415320+4212170,4909.992,9.53,3.204,0.013,-0.046,0.002,0.027,0.00489898,-0.09199999,0.0053851646,0.253,0.006,0.19600001,0.0028284274,0.066,0.0053851646,0.054,0.0053851646,0.278,0.0028284274,-0.138,0.0028284274,0.5047865117899482,0.05544946972043644,3.197323,6790739.0,121.951004,1.0
2M18453843+4218075,4549.177,3.439,2.757,0.008,-0.049,0.001,0.019,0.0033166248,0.021999998,0.0033166248,0.20199999,0.0037416576,0.199,0.0014142137,0.007999998,0.0033166248,0.042999998,0.0033166248,-0.27,0.0014142137,0.249,0.0014142137,0.9526309929931918,0.060199830953500795,8.966666,6836772.0,163.0554,1.0
2M19042029+4218171,4561.054,4.307,2.525,0.011,-0.205,0.002,0.022,0.0037416574,-0.019000009,0.0037416574,0.178,0.0041231057,0.199,0.0028284274,0.0059999973,0.0037416574,0.078999996,0.0041231057,-0.06700002,0.0028284274,0.121,0.0028284274,0.5871581503480053,0.046216551944654724,3.865077,6846551.0,134.00967,1.0
2M19231283+4219574,4942.644,3.745,3.227,0.005,-0.251,0.001,0.06099999,0.003,-0.059000015,0.0037416576,0.16799998,0.0037416576,0.19199999,0.0014142137,0.07899998,0.003,0.05299999,0.003,0.16199999,0.0014142137,0.043999985,0.0014142137,0.6206293290644144,0.0375672088467964,4.174739,6859803.0,356.83652,1.0
2M19241603+4222367,4618.558,4.162,3.106,0.006,0.166,0.001,0.003000006,0.00244949,0.028000012,0.00244949,0.22399999,0.003,0.145,0.0014142137,0.050000012,0.00244949,-0.003999993,0.00244949,-0.373,0.0014142137,0.13000001,0.0014142137,0.9337520356598256,0.04204264199416961,8.585232,6860649.0,155.46657,1.0
2M19370506+4221265,4509.647,2.738,2.715,0.008,-0.261,0.002,0.229,0.0037416574,0.110000014,0.0041231057,0.135,0.0046904157,0.366,0.0022360682,0.15,0.0037416574,0.23200001,0.0037416574,-0.22599998,0.0028284274,-0.09199998,0.0028284274,0.9939317488658126,0.0730375899738609,9.861245,6871557.0,175.26227,1.0
2M19525399+4222159,4081.266,0.735,2.238,0.003,0.297,0.001,0.034999996,,0.11700001,,0.28100002,0.0017320508,0.153,0.0014142137,0.002000004,,0.04000002,,-0.16,0.0014142137,0.21600002,0.0014142137,1.0907812195380342,0.14122129599408081,12.324838,6888756.0,303.27963,1.0
2M19295971+4226324,4650.141,4.8,2.984,0.008,-0.013,0.002,0.092999995,0.0037416574,0.041,0.0037416574,0.23099999,0.0041231057,0.247,0.0028284274,-0.009,0.0037416574,0.05,0.0037416574,-0.244,0.0028284274,-0.038,0.0028284274,0.8240566147523471,0.05501434502568643,6.668937,6950753.0,156.56438,1.0
2M19303877+4225194,4926.599,3.695,3.039,0.005,-0.172,0.001,0.023000002,0.003,-0.126,0.0037416576,0.15,0.0037416576,0.177,0.0014142137,0.128,0.003,-0.030999988,0.003,0.09200001,0.0014142137,0.148,0.0014142137,0.34634788808908357,0.05501509344415364,2.219974,6951289.0,330.43478,1.0
2M18591260+4234359,4589.809,3.144,2.933,0.005,0.185,0.001,-0.001000002,0.00244949,-0.015000001,0.00244949,0.302,0.00244949,0.109,0.0014142137,0.0119999945,0.00244949,-0.012000009,0.00244949,-0.09,0.0014142137,0.08199999,0.0014142137,0.5567074121921735,0.062041233777713756,3.603358,7014958.0,196.74142,1.0
2M19354786+4230015,4163.269,1.335,1.868,0.009,-0.287,0.001,0.070999995,0.00244949,0.009000003,0.00244949,0.154,0.003,0.215,0.0014142137,0.023999989,0.00244949,0.068,0.00244949,-0.016000003,0.0014142137,0.143,0.0014142137,1.1808128306387615,0.10209903432986804,15.163967,7040855.0,173.67706,1.0
2M18505037+4236066,4459.54,0.724,2.586,0.002,0.056,0.001,-0.011,0.0017320508,-0.018000003,0.0017320508,0.229,0.0017320508,0.15599999,0.0014142137,0.012999997,0.0017320508,-0.017,0.0017320508,-0.197,0.0014142137,0.048,0.0014142137,0.786681162943547,0.06508913145850495,6.11901,7094142.0,606.21027,1.0
2M18584506+4237350,4223.196,1.051,1.801,0.008,-0.659,0.001,0.27799997,0.00244949,0.06399995,0.003,0.09399998,0.0037416576,0.34199998,0.0014142137,0.16199997,0.00244949,0.24899998,0.00244949,-0.062000036,0.0014142137,-0.09100002,0.0014142137,1.1953735332526696,0.0929577195287574,15.680992,7098412.0,240.36139,1.0
2M19280912+4236292,4270.417,0.743,2.295,0.003,0.046,0.001,-0.009,0.0017320508,0.017,0.0017320508,0.27,0.0017320508,0.137,0.0014142137,-0.009,0.0017320508,0.008000001,0.0017320508,-0.099,0.0014142137,-0.033,0.0014142137,0.7707252380395646,0.08734466772186357,5.898278,7118566.0,413.6405,1.0
2M19315108+4237154,4798.262,1.721,2.873,0.003,-0.183,0.001,0.032000005,0.0017320508,-0.148,0.00244949,0.308,0.00244949,0.234,0.0014142137,0.03999999,0.0017320508,0.036,0.0017320508,-0.211,0.0014142137,0.224,0.0014142137,0.13843722965396388,0.05428720492878945,1.375426,7121674.0,593.0061,1.0
2M18492298+4242400,3979.495,0.228,1.852,0.001,0.042,0.001,0.10700001,,0.091000006,,0.231,,0.224,0.0014142137,0.006000001,,0.077999994,,-0.17,0.0014142137,0.026999999,0.0014142137,1.1462707400095167,0.1208588217418432,14.004601,7176070.0,848.18536,1.0
2M19121918+4244132,4559.322,4.823,2.613,0.011,-0.047,0.002,-0.038000003,0.0045825755,-0.099,0.00489898,0.258,0.00489898,0.099,0.0028284274,-0.022,0.0045825755,-0.021000005,0.0045825755,-0.037,0.0028284274,0.199,0.0028284274,0.6565770998659806,0.052068723214224726,4.534998,7188950.0,118.614944,1.0
2M19265165+4246356,4572.212,1.17,2.838,0.002,0.139,0.001,-0.016999997,0.0017320508,-0.055,0.0017320508,0.345,0.0017320508,0.16,0.0014142137,-0.026999995,0.0017320508,-0.027999997,0.0017320508,-0.234,0.0014142137,0.37800002,0.0014142137,0.46300035077299867,0.057643197981739745,2.904025,7200117.0,489.91812,1.0
2M19265290+4245078,4667.028,4.055,2.601,0.008,-0.27,0.001,0.04100001,0.00244949,-0.065,0.003,0.19600001,0.003,0.18900001,0.0014142137,0.051000014,0.003,0.029000014,0.00244949,0.07900001,0.0014142137,0.07000001,0.0014142137,0.44932085208303724,0.07823640433271527,2.813979,7200133.0,211.26407,1.0
2M19314653+4246022,4608.245,2.738,2.932,0.005,0.042,0.001,0.043,0.00244949,-0.009999998,0.00244949,0.178,0.003,0.18100001,0.0014142137,0.032,0.00244949,0.026999999,0.00244949,-0.078999996,0.0014142137,0.17300001,0.0014142137,0.9217824777598604,0.04787345153796442,8.351846,7204026.0,239.61813,1.0
2M19321000+4247146,4272.614,0.422,2.277,0.002,-0.024,0.001,0.021,0.0017320508,-0.015999999,0.0017320508,0.238,0.0017320508,0.138,0.0014142137,0.0040000007,0.0017320508,0.034,0.0017320508,-0.058000002,0.0014142137,0.074,0.0014142137,0.8039770017352252,0.13698113672518036,6.367618,7204369.0,672.1328,1.0
2M19414233+4242596,4477.682,2.127,2.617,0.006,-0.015,0.001,0.03,0.00244949,0.015,0.00244949,0.203,0.003,0.157,0.0014142137,0.006,0.00244949,0.021,0.00244949,-0.26200002,0.0014142137,0.27199998,0.0014142137,0.7841300961924705,0.051875876492506405,6.083172,7212904.0,212.73187,1.0
2M19443015+4242042,4808.38,7.098,2.856,0.013,-0.267,0.002,0.020999983,0.00489898,-0.069000006,0.0053851646,0.22299999,0.0053851646,0.16799998,0.0028284274,0.07599999,0.00489898,0.13199998,0.00489898,-0.069000006,0.0028284274,0.09199999,0.0028284274,0.41031638381159646,0.05980193797602426,2.572269,7215938.0,147.70409,1.0
2M19493706+4244589,4596.63,1.03,2.501,0.002,-0.144,0.001,-0.043000013,0.0017320508,-0.185,0.00244949,0.189,0.00244949,0.16999999,0.0014142137,0.032999992,0.0017320508,-0.03400001,0.0017320508,0.226,0.0014142137,-0.04900001,0.0014142137,0.23094832824903336,0.0805450814379441,1.701956,7221608.0,665.50543,1.0
2M18535424+4249129,4492.278,3.285,2.54,0.009,-0.082,0.001,-0.0009999946,0.0033166248,-0.030000001,0.0033166248,0.183,0.0037416576,0.139,0.0014142137,0.022000004,0.0033166248,0.013000004,0.0033166248,-0.153,0.0014142137,0.13,0.0014142137,0.7288646500959493,0.07097239971316861,5.356297,7260306.0,154.04495,1.0
2M19285388+4250513,4802.26,2.317,2.989,0.004,-0.072,0.001,-0.010000005,0.0017320508,-0.098000005,0.0017320508,0.297,0.00244949,0.217,0.0014142137,0.020999998,0.0017320508,-0.039000005,0.0017320508,-0.105000004,0.0014142137,0.242,0.0014142137,0.20903112331034854,0.05921121513150516,1.618196,7283405.0,421.82285,1.0
2M18451037+4254184,4131.593,1.132,1.923,0.008,-0.285,0.001,0.266,0.00244949,0.16299999,0.00244949,0.174,0.003,0.333,0.0014142137,0.154,0.00244949,0.249,0.00244949,-0.137,0.0014142137,0.04699999,0.0014142137,1.0470457019871158,0.14887119325174838,11.144118,7336419.0,172.07309,1.0
2M18542873+4259571,4281.655,0.956,2.181,0.004,-0.03,0.001,-0.049000002,0.0017320508,-0.052,0.0017320508,0.23900001,0.0017320508,0.088,0.0014142137,-0.0030000005,0.0017320508,-0.007999999,0.0017320508,-0.0020000022,0.0014142137,-0.082,0.0014142137,0.5967607773049917,0.1238486236734069,3.951489,7341343.0,327.11142,1.0
2M19014526+4259386,4532.386,1.276,2.745,0.003,0.044,0.001,0.036,0.0017320508,0.0,0.0017320508,0.254,0.0017320508,0.188,0.0014142137,0.023000002,0.0017320508,0.031000003,0.0017320508,-0.106,0.0014142137,0.301,0.0014142137,0.7605324003031755,0.04305170006872786,5.761458,7345204.0,397.64624,1.0
2M19052086+4254372,4673.846,1.459,2.684,0.003,-0.129,0.001,0.04299999,0.0017320508,-0.138,0.0017320508,0.388,0.00244949,0.23699999,0.0014142137,0.019999996,0.0017320508,0.025999993,0.0017320508,-0.319,0.0014142137,0.21399999,0.0014142137,0.09930141728945216,0.0785182373084121,1.256902,7347189.0,547.02264,1.0
2M19142853+4259399,4718.042,8.293,2.556,0.018,-0.419,0.002,0.050000012,0.0061644143,-0.06099999,0.0061644143,0.273,0.0067082043,0.219,0.0028284274,0.102,0.0061644143,0.16600001,0.0061644143,-0.36999997,0.0028284274,-0.26000002,0.0028284274,0.6739540519789265,0.08441415313299329,4.720131,7352824.0,116.536736,1.0
2M19163301+4259531,4157.664,1.672,1.888,0.014,-0.381,0.002,0.255,0.00489898,0.11400002,0.0045825755,0.13900001,0.0053851646,0.405,0.0028284274,0.16300002,0.0045825755,0.224,0.0045825755,-0.095,0.0028284274,-0.031999975,0.0028284274,1.2069692504664782,0.08639145044196476,16.105316,7354299.0,119.7462,1.0
2M19324488+4258134,4984.917,5.792,3.329,0.008,-0.209,0.001,0.066,0.003,-0.0009999871,0.0037416576,0.12200001,0.0037416576,0.19800001,0.0014142137,0.10700001,0.003,0.05700001,0.003,-0.10599999,0.0014142137,0.10300001,0.0014142137,0.7320356409633376,0.041480441118874764,5.395549,7367324.0,235.67145,1.0
2M19434663+4254001,4060.489,1.237,2.104,0.005,0.206,0.001,0.008000001,,0.05399999,,0.18399999,0.00244949,0.110000014,0.0014142137,-0.032000005,,0.016000003,,-0.174,0.0014142137,0.19,0.0014142137,1.1054306079183405,0.1362740123873767,12.747664,7377466.0,163.23097,1.0
2M18504359+4303193,4684.472,5.684,2.662,0.011,-0.239,0.002,0.06999999,0.0041231057,-0.024000019,0.0041231057,0.249,0.0041231057,0.23599999,0.0028284274,0.049999997,0.0041231057,0.020999998,0.0041231057,-0.083000004,0.0028284274,-0.17200002,0.0028284274,0.34524626652248547,0.07241402283337219,2.21435,7420646.0,152.56221,1.0
2M19204771+4304441,4904.66,5.893,3.3,0.007,-0.029,0.001,0.045,0.0037416576,-0.146,0.0037416576,0.31199998,0.0037416576,0.198,0.0014142137,0.015999999,0.0037416576,0.044,0.0037416576,-0.149,0.0014142137,0.058,0.0014142137,0.5154438382536657,0.05239294135866317,3.276754,7439601.0,200.3361,1.0
2M19285267+4303230,4790.434,4.706,2.754,0.009,-0.384,0.001,0.073000014,0.0037416576,0.050000012,0.0037416576,0.20300001,0.0037416576,0.244,0.0014142137,0.07100001,0.0037416576,0.17400001,0.0037416576,0.288,0.0014142137,-0.616,0.0022360682,0.5920838906422715,0.04378813438621587,3.909164,7446296.0,232.65097,1.0
2M19291367+4301372,4251.335,0.575,2.053,0.004,-0.44,0.001,0.257,0.0017320508,0.116,0.0017320508,0.16299999,0.00244949,0.332,0.0014142137,0.132,0.0017320508,0.23099999,0.0017320508,-0.15200001,0.0014142137,0.164,0.0014142137,0.913623833465379,0.09152244681365887,8.196413,7446560.0,449.33105,1.0
2M19303701+4304376,4645.49,2.448,2.612,0.005,-0.195,0.001,-0.023000002,0.00244949,-0.11700001,0.00244949,0.22299999,0.003,0.13,0.0014142137,0.051,0.00244949,0.027999997,0.00244949,0.16099998,0.0014142137,0.034999996,0.0014142137,0.3620272071803064,0.09023071841357627,2.301586,7447703.0,332.15308,1.0
2M19333399+4302096,4734.417,1.371,3.255,0.002,-0.136,0.001,0.162,0.0017320508,0.120000005,0.0017320508,0.106000006,0.00244949,0.255,0.0014142137,0.07300001,0.0017320508,0.10800001,0.0017320508,-0.078999996,0.0014142137,-0.17299998,0.0014142137,1.0131998146046275,0.04356077372095127,10.308603,7450230.0,654.5678,1.0
2M19454015+4300511,4771.67,5.816,3.258,0.008,-0.167,0.002,0.175,0.0041231057,0.08,0.0041231057,0.088999994,0.0046904157,0.33499998,0.0028284274,0.117,0.0041231057,0.18599999,0.0041231057,-0.269,0.0028284274,-0.02000001,0.0028284274,0.9833812903766179,0.04945001393024636,9.624569,7462181.0,159.6674,1.0
2M18483404+4306360,5098.343,10.835,3.358,0.013,-0.215,0.002,0.012000009,0.0053851646,-0.06999999,0.0067082043,0.117000006,0.0067082043,0.167,0.0028284274,0.06400001,0.0053851646,-0.003999993,0.0053851646,-0.020999998,0.0028284274,0.23200001,0.0028284274,0.571708715375835,0.11495085242391391,3.729999,7502686.0,145.27887,1.0
2M19124729+4311297,4457.592,1.052,2.567,0.003,-0.094,0.001,0.029999994,0.0017320508,0.0059999973,0.0017320508,0.14299999,0.00244949,0.16999999,0.0014142137,0.016999997,0.0017320508,0.033999998,0.0017320508,-0.24499999,0.0014142137,0.162,0.0014142137,1.035884848397577,0.12297741541183622,10.861376,7516687.0,430.94223,1.0
2M19310232+4308020,4831.152,5.254,3.093,0.007,-0.002,0.001,-0.055999998,0.0033166248,-0.123,0.0037416576,0.25,0.0037416576,0.147,0.0014142137,0.018000001,0.0033166248,-0.079,0.0033166248,-0.071,0.0014142137,-0.019,0.0014142137,0.38364987184408533,0.0482488484239465,2.419078,7530849.0,200.31404,1.0
2M19313658+4309553,4838.167,2.469,2.944,0.004,-0.195,0.001,0.018999994,0.0017320508,-0.054000005,0.00244949,0.229,0.00244949,0.16,0.0014142137,0.044999987,0.00244949,0.08399999,0.00244949,-0.003000006,0.0014142137,0.17899999,0.0014142137,0.4082660900535012,0.054027733538814654,2.560154,7531332.0,434.06464,1.0
2M19340923+4306259,4161.282,1.136,1.794,0.008,-0.298,0.001,0.08000001,0.00244949,0.013000011,0.00244949,0.20500001,0.003,0.19,0.0014142137,0.045000017,0.00244949,0.07800001,0.00244949,-0.065999985,0.0014142137,0.10700001,0.0014142137,1.181076037454248,0.09902286337747375,15.17316,7533634.0,205.67503,1.0
2M19343332+4306202,4564.751,0.84,2.987,0.002,0.052,0.001,0.085999995,0.0017320508,0.066,0.0017320508,0.175,0.00244949,0.24100001,0.0014142137,0.062,0.0017320508,0.073,0.0017320508,-0.202,0.0014142137,0.282,0.0014142137,0.9708051544680573,0.04005771221226472,9.349861,7533995.0,667.34485,1.0
2M18551127+4314037,4330.5,1.191,2.206,0.005,-0.055,0.001,-0.033,0.0017320508,-0.117000006,0.0017320508,0.21599999,0.0017320508,0.104,0.0014142137,-0.009999998,0.0017320508,-0.009000003,0.0017320508,-0.027000003,0.0014142137,-0.033,0.0014142137,0.6159133506446333,0.1057570668765007,4.129651,7587689.0,292.6149,1.0
2M19021036+4312440,4507.426,1.442,2.662,0.004,0.15,0.001,0.0109999925,0.0017320508,-0.10800001,0.0017320508,0.41699997,0.0017320508,0.16799998,0.0014142137,0.00999999,0.0017320508,0.0029999912,0.0017320508,-0.105000004,0.0014142137,0.26299998,0.0014142137,0.17521773878581948,0.057106922172795005,1.496986,7591311.0,316.96606,1.0
2M19040036+4315464,4883.943,3.367,3.458,0.004,-0.04,0.001,0.067,0.0017320508,0.01,0.00244949,0.077999994,0.00244949,0.20199999,0.0014142137,0.065,0.0017320508,0.015999999,0.0017320508,-0.23500001,0.0014142137,0.187,0.0014142137,0.12910571491110687,0.012111446127592775,1.346188,7592262.0,329.44476,1.0
2M19111479+4315088,4984.79,3.613,2.678,0.006,-0.5,0.001,0.08500001,0.003,-0.013000011,0.004582576,0.19299999,0.004582576,0.30400002,0.0014142137,0.09400001,0.003,0.17899999,0.003,-0.176,0.0022360682,0.352,0.0014142137,0.42197801568853865,0.022882899041565558,2.642275,7596350.0,413.0838,1.0
2M19205861+4316421,4576.839,4.206,2.634,0.012,-0.45,0.002,0.302,0.0041231057,0.139,0.0046904157,0.058999985,0.0053851646,0.378,0.0028284274,0.176,0.0041231057,0.315,0.0041231057,-0.25,0.0028284274,0.028999984,0.0028284274,0.8927774668996405,0.0687393118069276,7.812274,7602732.0,147.02855,1.0
2M19234254+4314195,4802.381,6.365,2.947,0.01,-0.039,0.001,0.0090000015,0.0037416576,-0.08,0.0037416576,0.278,0.0037416576,0.213,0.0014142137,0.033,0.0037416576,-0.047000002,0.0033166248,-0.357,0.0022360682,-0.032999996,0.0022360682,0.5314569462950823,0.050708362013820805,3.399828,7604896.0,154.51726,1.0
2M19303856+4317005,4855.002,5.69,3.031,0.009,-0.265,0.001,0.08499998,0.0033166248,0.302,0.0033166248,0.478,0.0033166248,0.20999998,0.0014142137,-0.014000028,0.0033166248,0.037999988,0.0033166248,1.265,0.0014142137,-0.84599996,0.0014142137,0.7316331592552306,0.042495238478858326,5.390551,7610274.0,176.8356,1.0
2M19304941+4316010,4729.51,2.439,3.07,0.003,0.048,0.001,0.013999999,0.0017320508,-0.047000002,0.0017320508,0.20899999,0.00244949,0.17699999,0.0014142137,0.018,0.0017320508,-0.013999999,0.0017320508,0.024999999,0.0014142137,0.334,0.0014142137,0.6578941690516695,0.04051552890692659,4.548772,7610417.0,358.92694,1.0
2M19093371+4323223,4267.254,1.363,1.8,0.01,-0.774,0.001,0.311,0.003,0.032000005,0.003,0.122999966,0.004582576,0.415,0.0014142137,0.21599996,0.003,0.27899998,0.003,-0.32400006,0.0022360682,-0.003000021,0.0014142137,1.1530580452682897,0.11635203660270518,14.225189,7671055.0,215.58376,1.0
2M19120422+4320515,4487.395,1.225,2.175,0.004,-0.498,0.001,0.08899999,0.0017320508,-0.068999976,0.0017320508,0.324,0.00244949,0.257,0.0014142137,0.058999985,0.0017320508,0.12399998,0.0017320508,-0.081,0.0014142137,0.042999983,0.0014142137,0.36552897885761,0.14120566448456676,2.320219,7672405.0,449.30276,1.0
2M19143171+4321026,4372.999,2.368,2.042,0.012,-0.667,0.002,0.234,0.0041231057,0.032000005,0.0041231057,0.07999998,0.0053851646,0.336,0.0022360682,0.15799999,0.0041231057,0.22999999,0.0041231057,-0.12700003,0.0028284274,-0.17299998,0.0028284274,1.1489009755554545,0.12528467280540534,14.089675,7673779.0,183.23012,1.0
2M19232513+4322548,4956.807,6.532,3.134,0.01,-0.329,0.001,0.067,0.0037416576,0.148,0.0037416576,0.195,0.004358899,0.233,0.0014142137,0.041999996,0.0037416576,0.08299999,0.0037416576,0.706,0.0014142137,-0.043000013,0.0014142137,0.6015739610868426,0.036179467744097325,3.995526,7679756.0,197.1596,1.0
2M19334280+4322590,4631.575,1.232,2.941,0.002,0.079,0.001,-0.015000001,0.0017320508,-0.034,0.0017320508,0.229,0.00244949,0.14500001,0.0014142137,0.0059999973,0.0017320508,-0.037000004,0.0017320508,-0.10700001,0.0014142137,0.24599999,0.0014142137,0.7237425072005876,0.038660408682152744,5.293495,7687390.0,563.79047,1.0
2M19414348+4318384,4811.655,3.294,3.374,0.004,0.167,0.001,-0.0109999925,0.0017320508,-0.019999996,0.0017320508,0.36699998,0.00244949,0.14900002,0.0014142137,0.020999998,0.0017320508,-0.032999992,0.0017320508,-0.278,0.0014142137,0.26500002,0.0014142137,0.5710076897574672,0.0529204936185319,3.723983,7693845.0,268.45795,1.0
2M19085178+4326277,4910.636,1.922,3.306,0.003,-0.309,0.001,0.09199999,0.00244949,-0.02000001,0.0033166248,0.047999978,0.004242641,0.22999999,0.0014142137,0.07099998,0.00244949,0.09799999,0.00244949,-0.053000003,0.0014142137,0.15699999,0.0014142137,0.9201870042264608,0.03524999067107205,8.32122,7741472.0,681.46643,1.0
2M19215355+4325572,4622.872,2.748,2.919,0.005,0.057,0.001,-0.0020000003,0.00244949,-0.024999999,0.00244949,0.28899997,0.003,0.139,0.0014142137,0.004999999,0.00244949,-0.008000001,0.00244949,-0.24499999,0.0014142137,0.088,0.0014142137,0.5767697886112488,0.06037743795685989,3.773721,7749249.0,245.49585,1.0
2M19235547+4324094,4483.812,3.116,2.254,0.011,-0.321,0.001,0.08000001,0.0033166248,-0.049999982,0.0037416576,0.186,0.0037416576,0.315,0.0014142137,0.03400001,0.0033166248,0.10800001,0.0037416576,-0.266,0.0014142137,0.23500001,0.0014142137,0.927500734483537,0.11149950694686654,8.46254,7750700.0,166.65092,1.0
2M19254280+4329138,4966.959,8.316,3.385,0.009,0.04,0.002,-0.009,0.00489898,-0.074,0.0053851646,0.167,0.0053851646,0.225,0.0028284274,0.098,0.00489898,-0.01,0.00489898,-0.341,0.0028284274,0.14000002,0.0028284274,0.6758184708291324,0.05535235957014037,4.740438,7751972.0,151.11816,1.0
2M19452669+4325554,4928.162,4.483,3.137,0.006,-0.039,0.001,-0.047999997,0.003,-0.103,0.003,0.274,0.003,0.042,0.0014142137,0.046,0.003,-0.035,0.003,-0.14999999,0.0014142137,0.314,0.0014142137,0.2668046531679206,0.07120686909165827,1.848437,7767409.0,254.48524,1.0
2M19464078+4328213,4556.624,1.869,2.711,0.004,-0.057,0.001,0.037,0.00244949,-0.007999998,0.00244949,0.154,0.003,0.221,0.0014142137,0.031,0.00244949,0.045,0.00244949,-0.44399998,0.0014142137,0.268,0.0014142137,0.8794593987480599,0.11750123725958142,7.576339,7768447.0,301.89648,1.0
2M19491833+4326584,4339.208,2.467,2.236,0.01,-0.264,0.002,0.15,0.0037416574,0.082,0.0037416574,0.161,0.0041231057,0.274,0.0022360682,0.099999994,0.0037416574,0.151,0.0037416574,-0.039000005,0.0028284274,-0.22100002,0.0028284274,1.145586971125286,0.10280632226678259,13.982569,7771068.0,148.99713,1.0
2M19572030+4326361,4041.635,1.13,1.992,0.006,0.153,0.001,0.07000001,0.00244949,0.065,0.00244949,0.213,0.003,0.164,0.0014142137,0.017000005,,0.068,0.00244949,-0.069,0.0014142137,0.197,0.0014142137,1.1030311527011578,0.13558379038224966,12.677428,7779434.0,171.0474,1.0
2M18444723+4335083,4068.915,0.598,1.851,0.005,-0.252,0.001,0.312,0.0017320508,0.096,0.0017320508,0.016000003,0.00244949,0.399,0.0014142137,0.234,0.0017320508,0.278,0.0017320508,-0.007999986,0.0014142137,-0.16,0.0014142137,1.1699142582318842,0.11378992745096526,14.788164,7799547.0,279.6896,1.0
2M18451823+4335333,4413.63,1.199,2.34,0.004,-0.21,0.001,0.022,0.0017320508,-0.009000003,0.0017320508,0.189,0.00244949,0.151,0.0014142137,0.026999995,0.0017320508,0.0009999871,0.0017320508,0.08799999,0.0014142137,-0.044000015,0.0014142137,0.7578525572206832,0.13823965816654074,5.726016,7799762.0,380.39902,1.0
2M18481600+4333478,4394.474,2.016,2.512,0.007,-0.074,0.001,0.12900001,0.00244949,0.071,0.00244949,0.18,0.003,0.249,0.0014142137,0.062,0.00244949,0.106000006,0.00244949,-0.181,0.0014142137,0.085,0.0014142137,1.097577097895452,0.07700914249656425,12.519215,7800907.0,187.01402,1.0
2M19051884+4334147,4377.143,3.507,2.23,0.014,-0.322,0.002,0.073,0.00489898,-0.004000008,0.00489898,0.109,0.0053851646,0.228,0.0028284274,0.100999996,0.00489898,0.102,0.00489898,-0.201,0.0028284274,0.17,0.0028284274,0.8422155130154777,0.09682062391493819,6.953693,7808690.0,123.733536,1.0
2M19054332+4333305,4365.26,3.556,2.092,0.017,-0.538,0.002,0.265,0.00489898,0.08699998,0.0053851646,0.12199998,0.0067082043,0.445,0.0028284274,0.20799997,0.00489898,0.27499998,0.0053851646,-0.24599999,0.0036055513,-0.15500003,0.0028284274,1.1870107741704379,0.09540145122840178,15.381928,7808899.0,109.54037,1.0
2M19082713+4330409,4093.626,0.891,1.799,0.005,-0.131,0.001,0.031999998,0.00244949,-0.015000001,0.00244949,0.129,0.003,0.146,0.0014142137,-0.00500001,0.00244949,0.041999996,0.00244949,-0.033000007,0.0014142137,-0.11400001,0.0014142137,1.236479771604407,0.06058919063851854,17.237718,7810207.0,246.36183,1.0
2M19183673+4335229,4327.765,1.689,2.532,0.005,0.154,0.001,0.033999994,0.00244949,0.08400001,0.00244949,0.29000002,0.00244949,0.16200002,0.0014142137,0.0119999945,,0.053000003,0.00244949,-0.146,0.0014142137,0.179,0.0014142137,1.0462188526773668,0.11242854336629544,11.122921,7815943.0,183.22751,1.0
2M19415408+4335055,4821.849,2.907,2.952,0.005,-0.217,0.001,0.04599999,0.00244949,-0.087,0.00244949,0.189,0.0033166248,0.21599999,0.0014142137,0.05399999,0.00244949,0.06199999,0.00244949,-0.008000001,0.0014142137,-0.030000001,0.0014142137,0.48891351102799935,0.04755561869619095,3.082574,7833657.0,369.13025,1.0
2M19440892+4331379,3944.137,0.964,1.775,0.005,0.11,0.001,0.023000002,,0.048999995,,0.205,0.00244949,0.131,0.0014142137,-0.019000001,,0.049999997,,-0.206,0.0014142137,-0.049,0.0014142137,1.1702728367126034,0.1181285806627194,14.800379,7835532.0,196.16289,1.0
2M19493099+4331248,4063.478,1.185,2.099,0.005,0.193,0.001,0.0059999973,,0.061000004,,0.18299998,0.00244949,0.11400001,0.0014142137,-0.036,,0.023000002,,-0.186,0.0014142137,0.254,0.0014142137,1.118818272284167,0.13192908578852292,13.146746,7840424.0,179.70688,1.0
2M19104476+4340425,4582.835,4.049,2.684,0.01,-0.292,0.002,0.295,0.0041231057,0.085999995,0.0041231057,0.147,0.0046904157,0.42299998,0.0028284274,0.181,0.0041231057,0.26,0.0041231057,-0.36800003,0.0028284274,0.09099999,0.0028284274,0.9433727183031068,0.0740021976493475,8.777538,7880509.0,158.42018,1.0
2M19112795+4336547,4812.337,2.608,3.088,0.004,-0.068,0.001,0.009000003,0.0017320508,-0.11999999,0.00244949,0.25800002,0.00244949,0.178,0.0014142137,0.037000004,0.0017320508,0.034,0.0017320508,0.014000002,0.0014142137,0.144,0.0014142137,0.6319952162853135,0.05187170579073983,4.285438,7880893.0,398.76907,1.0
2M19220922+4336397,4330.867,1.491,2.274,0.006,-0.182,0.001,0.078999996,0.00244949,0.013999999,0.00244949,0.113,0.003,0.184,0.0014142137,-0.003000006,0.00244949,0.081999995,0.00244949,-0.08299999,0.0014142137,0.239,0.0014142137,1.1755952722204719,0.10783557042069059,14.982879,7887295.0,179.42801,1.0
2M19372026+4339146,4609.967,2.407,2.605,0.005,-0.09,0.001,-0.009999998,0.00244949,-0.11999999,0.00244949,0.20500001,0.003,0.15200001,0.0014142137,0.019000001,0.00244949,0.003000006,0.00244949,0.063,0.0014142137,-0.129,0.0014142137,0.42617801178024783,0.04198415591502395,2.667952,7898413.0,293.2859,1.0
2M19404732+4340086,4835.018,3.252,3.134,0.004,0.337,0.001,-0.04000002,0.00244949,-0.118000016,0.00244949,0.56,0.00244949,0.15599999,0.0014142137,-0.008000016,0.00244949,-0.04700002,0.00244949,-0.278,0.0014142137,0.25199997,0.0014142137,-0.004185860305153577,0.14196609735267127,0.990408,7901207.0,257.70328,1.0
2M19405956+4341186,4638.127,2.791,2.49,0.006,-0.355,0.001,0.08499998,0.00244949,-0.05700001,0.003,0.24599999,0.003,0.232,0.0014142137,0.099999994,0.003,0.06999999,0.00244949,-0.016000003,0.0014142137,-0.11500001,0.0014142137,0.5956296862441067,0.094704682206341,3.941211,7901381.0,298.2844,1.0
2M19460178+4337388,4541.301,2.527,2.651,0.006,0.029,0.001,-0.015999999,0.00244949,-0.055,0.00244949,0.40499997,0.00244949,0.167,0.0014142137,-0.019,0.00244949,-0.011999998,0.00244949,-0.29000002,0.0014142137,0.203,0.0014142137,0.5364218203198055,0.07445012900525584,3.438918,7905696.0,214.61516,1.0
2M19494926+4340343,4314.235,0.935,2.152,0.005,-0.319,0.001,0.22600001,0.0017320508,0.120000005,0.0017320508,0.169,0.00244949,0.393,0.0014142137,0.141,0.0017320508,0.268,0.0017320508,-0.148,0.0014142137,-0.15,0.0014142137,1.0406694567615031,0.13322819437435982,10.981697,7909320.0,318.8778,1.0
2M19593937+4339580,4577.649,1.917,2.682,0.004,0.001,0.001,-0.038,0.0017320508,-0.083000004,0.0017320508,0.277,0.0017320508,0.096,0.0014142137,-0.02,0.0017320508,-0.02,0.0017320508,-0.101,0.0014142137,0.116,0.0014142137,0.3820494782958493,0.08241644969333127,2.41018,7919558.0,299.87482,1.0
2M18405585+4347083,4200.34,0.53,2.139,0.003,-0.252,0.001,0.246,0.0017320508,0.15900001,0.0017320508,0.224,0.00244949,0.312,0.0014142137,0.098000005,0.0017320508,0.22500001,0.0017320508,-0.137,0.0014142137,0.16600001,0.0014142137,1.1354217666117603,0.10360448049273274,13.65909,7936033.0,410.25497,1.0
2M19082613+4343170,5002.116,19.875,2.79,0.036,-1.252,0.004,0.27899998,0.012328829,-0.148,0.057026308,-0.100000024,0.06983552,0.049000025,0.0056568547,0.454,0.012328829,0.58299994,0.012328829,0.357,0.005,-0.732,0.0072111026,0.9834127403349182,0.033109267626250244,9.625266,7948268.0,126.07188,1.0
2M19251059+4342597,4930.573,5.399,3.039,0.009,-0.405,0.001,0.022000015,0.0037416576,-0.023000002,0.004358899,0.185,0.0050990195,0.228,0.0014142137,0.05399999,0.0037416576,0.07100001,0.0037416576,-0.32799998,0.0022360682,-0.006000012,0.0014142137,0.6944675189218955,0.04421576166648842,4.948431,7958552.0,257.906,1.0
2M19550512+4345587,4604.714,3.638,3.142,0.006,0.305,0.001,0.030000001,0.0033166248,0.08399999,0.0033166248,0.306,0.0037416576,0.18599999,0.0014142137,0.041999996,0.0033166248,0.028999984,0.0033166248,-0.13800001,0.0014142137,0.41899997,0.0014142137,0.9014882904956907,0.03446997735728158,7.97055,7983470.0,145.55786,1.0
2M18405556+4353012,4869.179,5.85,3.04,0.009,-0.192,0.001,0.033000007,0.0037416576,-0.067,0.0037416576,0.2,0.004358899,0.178,0.0014142137,0.055999994,0.0037416576,0.085,0.0037416576,-0.595,0.0022360682,0.029,0.0014142137,0.538919423276934,0.04955179456966207,3.458752,8004863.0,190.40067,1.0
2M18503970+4348411,4180.126,0.353,1.802,0.003,-0.378,0.001,0.24,0.0017320508,0.13199998,0.0017320508,0.20799999,0.00244949,0.276,0.0014142137,0.09099999,0.0017320508,0.23499998,0.0017320508,-0.229,0.0014142137,0.03399998,0.0014142137,1.1994228312931192,0.09186753027674191,15.827883,8008492.0,581.8077,1.0
2M19252880+4348574,4811.883,6.917,3.33,0.008,0.128,0.002,0.030999988,0.0045825755,-0.003000006,0.00489898,0.30799997,0.00489898,0.217,0.0028284274,0.065,0.00489898,0.036,0.0045825755,-0.522,0.0028284274,0.13899998,0.0028284274,0.8469915250141261,0.04483420269919736,7.030586,8027609.0,130.71097,1.0
2M19410522+4353322,4503.172,3.615,2.901,0.007,0.148,0.002,0.097,0.0037416574,0.12900001,0.0037416574,0.263,0.0041231057,0.197,0.0028284274,0.031000003,0.0037416574,0.068,0.0037416574,-0.28100002,0.0028284274,0.222,0.0028284274,0.8939666585578303,0.055594962633653225,7.833695,8039063.0,127.505424,1.0
2M20031082+4358573,4446.501,0.766,2.827,0.002,0.075,0.001,0.095,0.0017320508,0.088,0.0017320508,0.13599999,0.00244949,0.209,0.0014142137,0.029999994,0.0017320508,0.08499999,0.0017320508,-0.192,0.0014142137,-0.028000005,0.0014142137,0.8859844489204692,0.050879289911299856,7.691029,8129047.0,501.65964,1.0
2M18505689+4401414,4197.402,0.458,2.146,0.002,-0.05,0.001,0.0069999993,0.0017320508,0.025,0.0017320508,0.12100001,0.0017320508,0.107,0.0014142137,-0.017,0.0017320508,0.013,0.0017320508,-0.063999996,0.0014142137,-0.112,0.0014142137,1.0966195987539151,0.14459605766756045,12.491644,8145759.0,566.72046,1.0
2M18531748+4402055,4023.492,0.542,1.866,0.003,0.017,0.001,0.0019999985,,0.039,,0.17199999,0.0017320508,0.095,0.0014142137,-0.031000001,,0.026999999,,-0.109,0.0014142137,-0.053,0.0014142137,1.1718196780447425,0.11132382498903517,14.853188,8146822.0,405.98767,1.0
2M19100584+4400193,4462.159,1.608,2.428,0.005,-0.169,0.001,0.032000005,0.00244949,-0.022,0.00244949,0.205,0.003,0.20300001,0.0014142137,0.031000003,0.00244949,0.041999996,0.00244949,-0.192,0.0014142137,-0.13100001,0.0014142137,0.7297057812275776,0.08058357097835331,5.366681,8154799.0,303.3429,1.0
2M19413207+4404343,4070.654,0.611,1.713,0.004,-0.251,0.001,0.10399999,0.0017320508,0.030999988,0.0017320508,0.144,0.00244949,0.225,0.0014142137,0.03499998,0.0017320508,0.094999984,0.0017320508,-0.073000014,0.0014142137,0.057999983,0.0014142137,1.1772594442375737,0.10312058395021302,15.040402,8176396.0,332.6976,1.0
2M19415838+4402412,4050.034,0.295,1.739,0.002,-0.313,0.001,0.236,0.0017320508,0.11899999,0.0017320508,0.162,0.00244949,0.31599998,0.0014142137,0.11999999,0.0017320508,0.215,0.0017320508,-0.062000006,0.0014142137,-0.183,0.0014142137,1.1747169479264556,0.11415508840424286,14.952608,8176733.0,597.62115,1.0
2M19420273+4404260,4861.37,2.704,3.287,0.003,0.081,0.001,0.0,0.0017320508,-0.097,0.0017320508,0.381,0.00244949,0.164,0.0014142137,0.046000004,0.0017320508,-0.012999997,0.0017320508,-0.095,0.0014142137,0.174,0.0014142137,0.588811913254851,0.047188024245212935,3.879823,8176777.0,389.8374,1.0
2M19421281+4402250,4295.788,1.76,2.007,0.009,-0.463,0.001,0.102999985,0.00244949,0.002000004,0.00244949,0.222,0.003,0.213,0.0014142137,0.039000005,0.00244949,0.12099999,0.00244949,-0.0029999912,0.0014142137,0.083000004,0.0014142137,1.205738077287183,0.08878742147165353,16.059724,8176905.0,193.50821,1.0
2M18493803+4408204,4564.356,1.382,2.76,0.003,,,,,,,,,,,,,,,,,,,0.6992997691956288,0.059337705338136204,5.003798,8213032.0,432.06827,1.0
2M19005779+4407075,4811.861,4.073,3.047,0.007,-0.046,0.001,-0.015000001,0.00244949,-0.070999995,0.00244949,0.252,0.003,0.172,0.0014142137,0.03,0.00244949,-0.013,0.00244949,-0.168,0.0014142137,-0.018999998,0.0014142137,0.69170091489033,0.06373373766891437,4.917008,8218568.0,241.217,1.0
2M19020431+4408196,4490.86,1.896,2.656,0.005,-0.027,0.001,0.053000003,0.00244949,0.006000001,0.00244949,0.19999999,0.003,0.184,0.0014142137,0.022,0.00244949,0.038000003,0.00244949,-0.132,0.0014142137,0.17999999,0.0014142137,0.8126697493501888,0.07968477167784015,6.496355,8219000.0,238.04793,1.0
2M19424807+4410432,4470.446,2.512,2.847,0.005,0.167,0.001,-0.008999988,0.0033166248,0.018000007,0.0033166248,0.236,0.0037416576,0.09900001,0.0014142137,0.025000006,0.0033166248,-0.008999988,0.0033166248,0.001000002,0.0014142137,0.178,0.0014142137,0.8631095870191108,0.11293557292816174,7.296416,8244769.0,178.4292,1.0
2M19592626+4406254,4106.97,0.865,1.948,0.004,0.076,0.001,-0.013999999,,0.053999998,,0.22599998,0.0017320508,0.078,0.0014142137,-0.04,,0.019000001,,-0.19299999,0.0014142137,0.206,0.0014142137,1.2017173735096145,0.0878225705439958,15.911729,8260505.0,262.25995,1.0
2M19593804+4406272,4506.533,1.849,2.834,0.004,0.103,0.001,0.040000007,0.00244949,0.045,0.00244949,0.173,0.003,0.137,0.0014142137,0.011,0.00244949,0.033999994,0.00244949,-0.181,0.0014142137,0.103,0.0014142137,0.9475889323682054,0.04921454055124855,8.863167,8260689.0,251.71562,1.0
2M19014506+4412560,4303.249,0.818,2.272,0.003,-0.005,0.001,0.013,0.0017320508,-0.015,0.0017320508,0.273,0.0017320508,0.15699999,0.0014142137,0.005,0.0017320508,0.022,0.0017320508,0.04,0.0014142137,0.123,0.0014142137,0.6857757644658293,0.11937385712714603,4.85038,8285025.0,367.11514,1.0
2M19582823+4412498,4245.326,1.397,2.082,0.006,-0.029,0.001,-0.016000003,0.00244949,-0.042000003,0.00244949,0.188,0.00244949,0.076,0.0014142137,-0.052,0.00244949,-0.0069999993,0.00244949,-0.038000003,0.0014142137,0.34100002,0.0014142137,1.1400795079632762,0.1262747356264113,13.80637,8325668.0,197.03975,1.0
2M18441077+4422108,4479.981,1.323,2.587,0.003,0.082,0.001,-0.032,0.0017320508,-0.021000002,0.0017320508,0.26200002,0.0017320508,0.12799999,0.0014142137,0.012999997,0.0017320508,-0.023000002,0.0017320508,-0.146,0.0014142137,-0.132,0.0014142137,0.28405087030435794,0.10797405190595491,1.923317,8343654.0,358.66464,1.0
2M19004420+4421082,4773.157,8.214,2.102,0.019,-1.043,0.002,0.10799998,0.0061644143,-0.16400003,0.0061644143,0.809,0.0061644143,0.31599998,0.0028284274,0.09799999,0.0061644143,0.060000002,0.0061644143,0.41899997,0.0028284274,-0.87600005,0.0028284274,0.8290681604716666,0.13060013122507072,6.746339,8350894.0,182.59341,1.0
2M19170268+4422390,4425.297,1.536,2.222,0.007,-0.428,0.001,0.257,0.00244949,0.032999992,0.00244949,0.298,0.003,0.423,0.0014142137,0.141,0.00244949,0.238,0.00244949,-0.09400001,0.0014142137,-0.14699998,0.0014142137,0.3978100483200138,0.10632321487930323,2.499252,8358665.0,275.08774,1.0
2M19405489+4420190,4528.503,0.996,2.788,0.002,0.119,0.001,0.0,0.0017320508,-0.033,0.0017320508,0.362,0.0017320508,0.13899998,0.0014142137,0.012999997,0.0017320508,0.0040000007,0.0017320508,-0.15900001,0.0014142137,0.17400001,0.0014142137,0.6482486416454769,0.09514918577559167,4.448859,8375240.0,522.7135,1.0
2M19445982+4421035,4712.927,3.588,2.865,0.007,-0.239,0.001,0.03999999,0.00244949,-0.053000003,0.003,0.15699999,0.003,0.22799999,0.0014142137,0.06799999,0.003,0.04699999,0.00244949,0.16099998,0.0014142137,0.183,0.0014142137,0.6487264204312329,0.045299181537595594,4.453756,8378481.0,253.67259,1.0
2M18440628+4424046,4076.956,0.511,1.895,0.004,-0.273,0.001,0.259,0.0017320508,0.186,0.0017320508,0.22600001,0.00244949,0.321,0.0014142137,0.11,,0.242,0.0017320508,-0.148,0.0014142137,-0.11899999,0.0014142137,1.2298431436743944,0.06585115195109634,16.976304,8408920.0,388.43893,1.0
2M18470819+4426322,4458.72,1.356,2.374,0.006,-0.497,0.001,0.29900002,0.003,0.085999995,0.003,0.08500001,0.0037416576,0.41500002,0.0014142137,0.21900001,0.003,0.272,0.003,-0.10199997,0.0014142137,0.078999996,0.0014142137,1.020751971897618,0.07374775514351412,10.489432,8410006.0,340.6842,1.0
2M19173208+4429578,4774.905,2.578,3.226,0.003,0.099,0.001,-0.009999998,0.0017320508,-0.088,0.0017320508,0.271,0.00244949,0.17499998,0.0014142137,0.029000007,0.0017320508,-0.031999998,0.0017320508,-0.078,0.0014142137,0.17499998,0.0014142137,0.7048826211644396,0.05025950484820803,5.068537,8424298.0,345.08682,1.0
2M18483596+4433211,4370.63,1.105,2.07,0.006,-0.615,0.001,0.30600002,0.00244949,0.016000032,0.00244949,0.026000023,0.004242641,0.453,0.0014142137,0.24400002,0.00244949,0.27600002,0.00244949,-0.060000002,0.0014142137,-0.15899998,0.0014142137,1.0031700005174011,0.11690300675481176,10.073259,8475511.0,360.9546,1.0
2M19270257+4431223,4512.486,4.259,2.112,0.017,-0.893,0.002,0.319,0.006,-0.045000017,0.008306623,0.051999986,0.011874342,0.428,0.0028284274,0.282,0.006,0.37199998,0.006,-0.08499998,0.0028284274,-0.324,0.0036055513,1.2306318230224822,0.05679071179100701,17.007161,8495124.0,145.38219,1.0
2M19413382+4435283,4653.128,2.676,3.022,0.005,-0.228,0.001,0.201,0.0017320508,0.102,0.00244949,0.095,0.0033166248,0.35799998,0.0014142137,0.153,0.0017320508,0.179,0.0017320508,-0.44700003,0.0022360682,-0.056999996,0.0014142137,0.9358425306252603,0.04742125998951647,8.626657,8505072.0,281.98346,1.0
2M19435009+4430496,4912.578,8.787,3.105,0.014,-0.42,0.002,0.118,0.0053851646,0.014999986,0.0067082043,0.088,0.007483315,0.26999998,0.0028284274,0.116,0.0053851646,0.13799998,0.0053851646,-0.266,0.0028284274,0.06099999,0.0028284274,0.7971277406185214,0.03711742261039217,6.267982,8506816.0,158.31084,1.0
2M19484710+4431395,4083.313,0.986,1.911,0.005,0.07,0.001,-0.0029999986,,0.055,,0.19100001,0.00244949,0.091,0.0014142137,-0.042,,0.022,,-0.13,0.0014142137,-0.04,0.0014142137,1.2281751704908876,0.06322097692435585,16.911229,8511194.0,235.66003,1.0
2M18455236+4437338,4433.039,3.91,2.204,0.014,-0.363,0.002,0.09800002,0.00489898,-0.011000007,0.00489898,0.171,0.0053851646,0.3,0.0028284274,0.044,0.00489898,0.111,0.00489898,0.020999998,0.0028284274,0.099999994,0.0028284274,1.107244508257451,0.12978531888553932,12.801018,8538922.0,130.08524,1.0
2M19051226+4437481,4696.558,8.923,3.06,0.015,-0.236,0.003,0.123,0.005830952,0.017000005,0.005830952,0.15900001,0.007071068,0.321,0.004242641,0.070999995,0.005830952,0.187,0.005830952,-0.010000005,0.004242641,0.089,0.004242641,0.9041814620637755,0.03972340640326888,8.020131,8547564.0,103.57164,1.0
2M19290646+4437267,4865.979,9.205,2.734,0.017,-0.431,0.002,0.030000001,0.0053851646,-0.116,0.006,0.28,0.0067082043,0.22199999,0.0028284274,0.049999982,0.0053851646,0.07999998,0.0053851646,0.06399998,0.0028284274,-0.425,0.0028284274,0.2003382318154995,0.05226405388718305,1.586128,8561202.0,143.133,1.0
2M19335397+4438334,4968.874,10.227,3.243,0.013,-0.158,0.002,0.03400001,0.0061644143,-0.034999996,0.0067082043,0.216,0.0067082043,0.207,0.0028284274,0.06400001,0.0061644143,0.15100001,0.0061644143,-0.18999998,0.0028284274,0.036000006,0.0028284274,0.6891774851574278,0.04352432004977399,4.888521,8564157.0,122.89544,1.0
2M19184192+4442464,4471.835,2.621,2.35,0.009,-0.349,0.001,0.05400002,0.00244949,-0.018000007,0.00244949,0.19800001,0.003,0.213,0.0014142137,0.039000005,0.00244949,0.06999999,0.00244949,-0.139,0.0014142137,-0.099999994,0.0014142137,1.135097492781325,0.10807912901920505,13.648895,8619048.0,197.92966,1.0
2M19435133+4447587,4887.726,10.526,3.067,0.016,-0.325,0.002,0.07999998,0.0061644143,0.0029999912,0.0067082043,0.15799999,0.007348469,0.338,0.0028284274,0.099999994,0.0061644143,0.15799999,0.0061644143,-0.088,0.0028284274,0.13899998,0.0028284274,0.7285489677288444,0.04124394057831449,5.352405,8636389.0,119.38568,1.0
2M19184517+4449131,4345.677,1.62,1.821,0.008,-0.702,0.001,0.33800003,0.00244949,0.23300001,0.00244949,0.439,0.003,0.395,0.0014142137,0.22900003,0.00244949,0.28100002,0.00244949,0.94600004,0.0014142137,-0.725,0.0014142137,1.0310230437738492,0.10075111787391813,10.740464,8683589.0,254.46933,1.0
2M19203972+4451197,4982.74,3.51,3.257,0.004,-0.056,0.001,-0.030000001,0.003,-0.14199999,0.003,0.23699999,0.0037416576,0.126,0.0014142137,-0.0009999983,0.003,-0.041999996,0.003,0.009000003,0.0014142137,0.23699999,0.0014142137,0.36879918031448045,0.05055637372363454,2.337756,8684860.0,383.0206,1.0
2M19251895+4451335,4170.745,1.011,2.007,0.007,-0.152,0.001,0.148,0.00244949,0.066999994,0.00244949,0.21599999,0.003,0.229,0.0014142137,0.031999998,0.00244949,0.12699999,0.00244949,-0.016000003,0.0014142137,0.110999994,0.0014142137,1.169077883365677,0.12454266946813783,14.759712,8687929.0,201.93134,1.0
2M19354268+4450515,4651.598,6.776,2.943,0.013,-0.056,0.002,0.063,0.00489898,-0.003999997,0.00489898,0.114,0.006,0.22600001,0.0028284274,0.073,0.00489898,0.069000006,0.00489898,0.108,0.0028284274,0.164,0.0028284274,0.8943252581080071,0.04002154950579996,7.840166,8694617.0,109.47481,1.0
2M19463523+4451121,4761.98,4.454,3.146,0.006,0.108,0.001,0.0019999966,0.00244949,-0.065,0.00244949,0.361,0.003,0.146,0.0014142137,0.052999996,0.00244949,-0.064,0.00244949,-0.254,0.0014142137,-0.120000005,0.0014142137,0.6073026180914691,0.051614975127070035,4.048579,8702863.0,207.33852,1.0
2M19464741+4451453,4867.417,4.776,3.045,0.007,0.066,0.001,-0.038,0.00244949,-0.119,0.00244949,0.314,0.003,0.156,0.0014142137,0.033,0.00244949,-0.0029999986,0.00244949,-0.124,0.0014142137,0.134,0.0014142137,-0.1805817648384479,0.03892470817511219,0.659809,8703041.0,215.57912,1.0
2M19545916+4451306,4359.32,2.167,2.288,0.008,-0.105,0.001,0.022,0.00244949,0.0019999966,0.00244949,0.224,0.003,0.153,0.0014142137,0.0029999986,0.00244949,0.034999996,0.00244949,0.0009999946,0.0014142137,0.040999994,0.0014142137,0.8032464727207659,0.12842780843772855,6.356916,8711042.0,177.95042,1.0
2M19163704+4456013,4513.438,2.934,2.749,0.008,-0.201,0.001,0.248,0.0033166248,0.141,0.0033166248,0.14500001,0.0037416576,0.338,0.0014142137,0.14,0.0033166248,0.234,0.0033166248,-0.326,0.0022360682,-0.0119999945,0.0014142137,1.1006794047676352,0.05331027345416109,12.608964,8746834.0,170.36447,1.0
2M19373887+4455583,4925.812,2.38,3.244,0.003,-0.03,0.001,-0.0010000002,0.00244949,-0.17999999,0.00244949,0.19500001,0.0033166248,0.169,0.0014142137,0.049,0.00244949,-0.024000002,0.00244949,0.052,0.0014142137,0.14999999,0.0014142137,0.5403842900585344,0.05817923077351011,3.470438,8760246.0,492.58313,1.0
2M20030980+4457031,4727.075,1.869,3.317,0.003,0.144,0.001,0.08700001,0.0017320508,0.07900001,0.0017320508,0.234,0.00244949,0.252,0.0014142137,0.052,0.0017320508,0.08000001,0.0017320508,-0.173,0.0014142137,0.282,0.0014142137,1.0175743252311418,0.03674745788429719,10.412963,8782636.0,422.30844,1.0
2M19225418+4500004,4779.754,6.203,3.234,0.008,0.048,0.002,0.059,0.0037416574,-0.011,0.0041231057,0.28399998,0.0041231057,0.20999998,0.0028284274,0.020999998,0.0037416574,0.049999997,0.0037416574,-0.19299999,0.0028284274,0.116000004,0.0028284274,0.8261013133010855,0.037582814220829916,6.700409,8816007.0,149.13182,1.0
2M19362457+4500275,4682.905,5.367,2.705,0.011,-0.319,0.002,0.03400001,0.0037416574,0.091000006,0.0037416574,0.29500002,0.0041231057,0.248,0.0028284274,0.048000008,0.0037416574,0.07700001,0.0037416574,-0.291,0.0028284274,-0.17300001,0.0028284274,0.4400702099470184,0.06998975382139662,2.754674,8824732.0,134.2569,1.0
2M19362864+4501121,4821.843,6.421,3.227,0.009,-0.114,0.002,0.199,0.0041231057,0.083000004,0.0041231057,0.2,0.0046904157,0.554,0.0028284274,0.127,0.0041231057,0.17899999,0.0041231057,-0.54499996,0.0028284274,0.023999996,0.0028284274,0.522358931258298,0.04307182187224773,3.329346,8824776.0,149.91986,1.0
2M19404408+4505405,4883.934,6.986,3.223,0.01,-0.201,0.002,0.07700001,0.0041231057,0.0,0.0046904157,0.125,0.0046904157,0.26700002,0.0028284274,0.1,0.0041231057,0.109000005,0.0041231057,-0.17499998,0.0028284274,0.169,0.0028284274,0.80728533844896,0.03959493367317405,6.41631,8827853.0,163.35686,1.0
2M19513511+4501566,4931.299,3.124,3.251,0.004,-0.19,0.001,0.049999997,0.00244949,-0.059,0.00244949,0.213,0.0033166248,0.196,0.0014142137,0.049999997,0.00244949,0.023000002,0.00244949,-0.038000003,0.0014142137,-0.012000009,0.0014142137,0.6680326524965071,0.05914601741527105,4.656211,8836830.0,410.40393,1.0
2M19545073+4500154,4089.586,0.295,2.135,0.001,0.221,0.001,0.0059999973,,0.07700001,,0.31599998,,0.12699999,0.0014142137,-0.003000006,,0.031000003,,-0.205,0.0014142137,0.196,0.0014142137,0.8657350500000669,0.1495680046510971,7.340659,8840004.0,705.7876,1.0
2M20041135+4505154,4545.043,0.777,2.834,0.002,0.157,0.001,-0.051000006,0.0017320508,-0.062000006,0.0017320508,0.332,0.0017320508,0.074,0.0014142137,0.013999999,0.0017320508,-0.040000007,0.0017320508,-0.087000005,0.0014142137,0.399,0.0014142137,0.45689203078790286,0.08313141185895823,2.863466,8848288.0,675.2782,1.0
2M18575942+4517479,4186.845,0.536,1.895,0.003,-0.328,0.001,0.04000002,0.0017320508,0.002000004,0.0017320508,0.15500002,0.00244949,0.186,0.0014142137,0.023000002,0.0017320508,0.059000015,0.0017320508,-0.04099998,0.0014142137,-0.12899998,0.0014142137,1.1595029766635552,0.11164782879014008,14.437865,8936409.0,457.3787,1.0
2M19223340+4513226,4226.317,0.741,2.208,0.004,-0.084,0.001,0.15599999,0.0017320508,0.096,0.0017320508,0.23499998,0.00244949,0.255,0.0014142137,0.037,,0.12799999,0.0017320508,-0.15799999,0.0014142137,0.089999996,0.0014142137,1.209167493568237,0.07519955653121749,16.187042,8949653.0,331.60678,1.0
2M19271404+4512373,4512.752,6.072,2.198,0.02,-0.499,0.002,0.086000025,0.0061644143,-0.015999973,0.0061644143,0.296,0.0067082043,0.268,0.0028284274,0.0150000155,0.0057445625,0.11500001,0.0061644143,-0.01999998,0.0028284274,0.316,0.0028284274,0.17101667253360614,0.14184629143907648,1.482575,8952952.0,101.88762,1.0
2M19344386+4513241,4857.203,5.81,3.1,0.008,-0.069,0.002,0.013999999,0.0041231057,-0.11000001,0.0041231057,0.311,0.0046904157,0.222,0.0022360682,0.0069999993,0.0041231057,-0.0069999993,0.0041231057,-0.16100001,0.0028284274,-0.24399999,0.0028284274,0.4530869095386403,0.05441068456599427,2.838487,8957944.0,139.92892,1.0
2M19372162+4512001,4818.211,4.877,3.019,0.008,-0.057,0.001,-0.0009999983,0.00244949,-0.138,0.003,0.34100002,0.003,0.156,0.0014142137,0.015000001,0.00244949,0.006000001,0.00244949,-0.302,0.0014142137,0.057,0.0014142137,0.33367252522830193,0.04106788968834231,2.156118,8960083.0,206.02567,1.0
2M19422862+4515280,4331.541,1.093,2.529,0.003,0.213,0.001,0.0059999973,,0.06999999,,0.29900002,0.0017320508,0.11899999,0.0014142137,0.001000002,,0.023000002,,-0.20199999,0.0014142137,0.323,0.0014142137,0.8435001264833119,0.07873253694428504,6.974292,8964218.0,291.08783,1.0
2M19521098+4517296,4894.829,2.345,3.009,0.004,-0.294,0.001,0.036000013,0.00244949,-0.07100001,0.0033166248,0.187,0.0033166248,0.152,0.0014142137,0.07700001,0.00244949,0.002000004,0.00244949,0.195,0.0014142137,-0.148,0.0014142137,0.27288335958300536,0.045968942051161726,1.874491,8973815.0,538.8386,1.0
2M19371893+4522469,4300.074,0.678,2.23,0.003,-0.038,0.001,-0.042,0.0017320508,-0.042,0.0017320508,0.233,0.0017320508,0.10699999,0.0014142137,-0.038,0.0017320508,-0.014000002,0.0017320508,-0.025000002,0.0014142137,0.062,0.0014142137,0.7329473735545867,0.09948316754944204,5.406888,9029017.0,479.85614,1.0
2M19380328+4523077,4895.728,4.08,3.264,0.005,0.29,0.001,-0.06299999,0.00244949,-0.144,0.00244949,0.50100005,0.003,0.162,0.0014142137,0.004000008,0.00244949,-0.07499999,0.00244949,-0.656,0.0014142137,0.38400003,0.0014142137,0.3440484357779727,0.06931234524466914,2.208251,9029603.0,227.03474,1.0
2M19403495+4523447,4254.99,0.489,1.862,0.003,-0.152,0.001,-0.010000005,0.0017320508,-0.09,0.0017320508,0.265,0.0017320508,0.13499999,0.0014142137,0.013999999,0.0017320508,-0.006000012,0.0017320508,0.38,0.0014142137,-0.886,0.0014142137,0.27063086316637947,0.10999821715823586,1.864794,9031507.0,599.8052,1.0
2M19403884+4521015,4765.989,5.954,2.791,0.011,-0.359,0.002,0.050000012,0.0041231057,-0.01699999,0.0046904157,0.147,0.0046904157,0.314,0.0022360682,0.072999984,0.0041231057,0.095999986,0.0041231057,-0.238,0.0028284274,-0.09200001,0.0028284274,0.7373476406733624,0.048148218679115645,5.461949,9031549.0,169.4319,1.0
2M19060972+4527435,4844.239,4.295,3.161,0.006,-0.212,0.001,0.049999997,0.003,-0.103,0.0037416576,0.13499999,0.0037416576,0.171,0.0014142137,0.058,0.003,0.078999996,0.003,-0.14099999,0.0014142137,0.147,0.0014142137,0.7027663815921944,0.04086367559321594,5.043899,9077453.0,261.4984,1.0
2M19063425+4529449,4715.447,7.226,2.89,0.014,-0.269,0.002,0.102,0.00489898,0.022999987,0.0053851646,0.14699998,0.006,0.253,0.0028284274,0.09699999,0.00489898,0.11399999,0.00489898,0.033999994,0.0028284274,-0.027999997,0.0028284274,0.7720089314381212,0.04789380557023533,5.915738,9077633.0,122.82948,1.0
2M20015437+4527446,4895.01,8.191,3.195,0.012,-0.043,0.002,-0.018999998,0.0041231057,-0.091000006,0.0041231057,0.25,0.0046904157,0.143,0.0028284274,0.029000001,0.0041231057,-0.013,0.0041231057,0.030000001,0.0028284274,0.193,0.0028284274,0.4361314658047668,0.059753108955218716,2.729804,9117994.0,146.1009,1.0
2M19064990+4532414,4350.857,1.22,2.102,0.006,-0.541,0.001,0.284,0.00244949,0.06400001,0.003,0.106000006,0.0037416576,0.399,0.0014142137,0.176,0.00244949,0.25300002,0.00244949,-0.13199997,0.0014142137,0.12800002,0.0014142137,1.0752792220957947,0.08090476471246294,11.892666,9143834.0,299.8709,1.0
2M19070280+4530112,4340.186,1.342,2.116,0.005,-0.149,0.001,0.031000003,0.00244949,-0.015000001,0.00244949,0.221,0.00244949,0.201,0.0014142137,-0.00999999,0.00244949,0.050000004,0.00244949,0.002000004,0.0014142137,-0.067,0.0014142137,1.1957588296496044,0.09086225943009227,15.69491,9143924.0,269.1414,1.0
2M19224440+4534060,4170.45,0.597,2.094,0.003,-0.105,0.001,0.14,0.0017320508,0.092999995,0.0017320508,0.24399999,0.0017320508,0.232,0.0014142137,0.051999997,0.0017320508,0.12,0.0017320508,-0.072000004,0.0014142137,-0.21400002,0.0014142137,1.1066913567995198,0.12194961878723112,12.784724,9151763.0,354.23245,1.0
2M19232912+4533427,4625.242,3.44,3.161,0.005,0.057,0.001,0.082,0.00244949,0.047999997,0.00244949,0.18800001,0.003,0.209,0.0014142137,0.072,0.00244949,0.055000003,0.00244949,-0.293,0.0014142137,0.203,0.0014142137,0.9460592079036048,0.04310690892090375,8.832003,9152245.0,197.25725,1.0
2M19361875+4533069,4426.915,3.035,2.195,0.013,-0.556,0.002,0.22099999,0.0041231057,0.06999999,0.0041231057,0.113000005,0.0053851646,0.463,0.0028284274,0.106000006,0.0041231057,0.22999999,0.0041231057,-0.20600003,0.0028284274,0.266,0.0028284274,1.0940265791584196,0.1075634987361805,12.417283,9160385.0,144.64615,1.0
2M19561144+4531167,4782.92,1.968,3.151,0.003,0.065,0.001,-0.011999998,0.0017320508,-0.127,0.0017320508,0.303,0.00244949,0.154,0.0014142137,0.035000004,0.0017320508,-0.010999996,0.0017320508,-0.014999997,0.0014142137,0.381,0.0014142137,0.4649801987973053,0.047737060453799385,2.917294,9176522.0,465.5341,1.0
2M19024854+4540475,4385.326,1.447,2.199,0.006,-0.445,0.001,0.178,0.00244949,0.065,0.00244949,0.104,0.003,0.324,0.0014142137,0.125,0.00244949,0.16999999,0.00244949,-0.15399998,0.0014142137,-0.023000002,0.0014142137,0.991560929424297,0.14068342102380654,9.807559,9205952.0,292.72537,1.0
2M19103872+4540098,4566.836,4.024,3.124,0.007,0.236,0.002,0.083000004,0.0037416574,0.113000005,0.0037416574,0.248,0.0041231057,0.16600001,0.0028284274,0.021999985,0.0037416574,0.067,0.0037416574,-0.39,0.0028284274,0.13,0.0028284274,0.9859399582941771,0.04399257885875594,9.68144,9209366.0,129.14674,1.0
2M19320325+4540317,4219.637,1.846,1.811,0.013,-0.306,0.002,0.19999999,0.0037416574,0.08,0.0037416574,0.212,0.0041231057,0.313,0.0028284274,0.11,0.0037416574,0.19399999,0.0037416574,-0.116,0.0028284274,-0.055999994,0.0028284274,1.1377067532927183,0.13383275232575537,13.731145,9221176.0,106.65637,1.0
2M19332214+4538228,4960.021,2.104,3.228,0.003,0.016,0.001,-0.057000004,0.00244949,-0.163,0.00244949,0.103999995,0.00244949,0.074999996,0.0014142137,0.036,0.00244949,-0.13,0.00244949,0.069,0.0014142137,0.116,0.0014142137,0.324697409589274,0.11813352277988705,2.112017,9222065.0,530.15894,1.0
2M19390626+4536122,4732.277,4.915,3.194,0.007,0.019,0.001,0.031000001,0.0033166248,0.021,0.0033166248,0.30900002,0.0037416576,0.24900001,0.0014142137,0.100999996,0.0033166248,0.015000002,0.0033166248,-0.159,0.0014142137,0.323,0.0014142137,0.7607965243024618,0.04088356972466562,5.764963,9225958.0,167.79265,1.0
2M20020979+4539170,4911.252,2.062,3.301,0.002,-0.007,0.001,0.004,0.00244949,-0.193,0.00244949,0.225,0.0033166248,0.16,0.0014142137,0.078,0.00244949,-0.048,0.00244949,0.041,0.0014142137,0.226,0.0014142137,0.6014996072081857,0.035872947155483885,3.994842,9245197.0,586.081,1.0
2M18544331+4542371,4281.014,1.288,2.185,0.007,-0.309,0.001,0.26599997,0.00244949,0.15699999,0.00244949,0.19899999,0.003,0.35099998,0.0014142137,0.12999998,0.00244949,0.24099998,0.00244949,-0.15900001,0.0014142137,-0.15200001,0.0014142137,1.2537384040373063,0.04340792538817302,17.936529,9265119.0,220.50511,1.0
2M18553496+4542376,4561.318,1.675,2.696,0.005,-0.386,0.001,0.291,0.00244949,0.04000002,0.00244949,0.062000006,0.0033166248,0.395,0.0014142137,0.21300001,0.00244949,0.24700001,0.00244949,-0.065,0.0014142137,-0.106000006,0.0014142137,1.016597740700375,0.05989377562036321,10.389574,9265513.0,328.17703,1.0
2M18592279+4544287,4201.026,1.457,1.75,0.01,-0.53,0.001,0.08699998,0.00244949,0.017999947,0.00244949,0.23099998,0.003,0.24199998,0.0014142137,0.022999942,0.00244949,0.092999965,0.00244949,-0.18300003,0.0014142137,0.20099998,0.0014142137,1.1800937751980431,0.10685423656979688,15.138881,9267305.0,184.33543,1.0
2M19010907+4547366,4204.025,0.688,1.908,0.006,-0.503,0.001,0.28000003,0.0017320508,0.08200002,0.0017320508,0.096000016,0.0033166248,0.39900002,0.0014142137,0.19400004,0.0017320508,0.25500003,0.0017320508,-0.14899999,0.0014142137,-0.08699995,0.0014142137,1.1098528048217744,0.13921484738027987,12.87813,9268087.0,311.26257,1.0
2M19131848+4545298,4726.167,6.519,3.277,0.011,0.006,0.002,0.104,0.0041231057,0.118,0.0041231057,0.177,0.0046904157,0.24000001,0.0028284274,0.112,0.0041231057,0.138,0.0041231057,0.163,0.0028284274,-0.15699999,0.0028284274,0.9654111752372962,0.03333585127788196,9.234453,9273251.0,120.82808,1.0
2M19385143+4543010,4275.69,1.842,2.13,0.01,-0.297,0.002,0.264,0.0037416574,0.13299999,0.0037416574,0.211,0.0041231057,0.39999998,0.0022360682,0.146,0.0037416574,0.23299998,0.0037416574,-0.17000002,0.0028284274,-0.038000017,0.0028284274,0.9182968111224385,0.11672228817702658,8.285082,9288232.0,137.48369,1.0
2M18543641+4550541,4572.91,2.394,2.808,0.006,-0.229,0.001,0.215,0.00244949,0.081,0.00244949,0.14,0.003,0.323,0.0014142137,0.117,0.00244949,0.18200001,0.00244949,0.037,0.0014142137,0.004000008,0.0014142137,0.9285278106128616,0.05125936487036402,8.482577,9326421.0,243.48076,1.0
2M18594552+4551386,4816.263,1.823,3.365,0.003,0.276,0.001,-0.013999999,0.0017320508,-0.03899999,0.0017320508,0.35700002,0.00244949,0.19,0.0014142137,0.018999994,0.0017320508,-0.029999986,0.0017320508,-0.116,0.0014142137,0.326,0.0014142137,0.6182651896843229,0.039403929038930106,4.152075,9328774.0,466.6526,1.0
2M19014347+4553181,4271.29,0.631,2.087,0.003,-0.36,0.001,0.11300002,0.0017320508,0.067,0.0017320508,0.16100001,0.00244949,0.21700001,0.0014142137,0.036000013,0.0017320508,0.09800002,0.0017320508,-0.167,0.0014142137,0.08900002,0.0014142137,1.162143707795875,0.12441286717104788,14.525922,9329519.0,498.42538,1.0
2M19102759+4553438,4406.35,1.202,2.484,0.004,-0.04,0.001,0.022,0.0017320508,0.022999998,0.0017320508,0.23499998,0.0017320508,0.146,0.0014142137,-0.0040000007,0.0017320508,0.01,0.0017320508,-0.134,0.0014142137,-0.101,0.0014142137,0.7110605286028817,0.08960058064392822,5.141153,9333290.0,344.83383,1.0
2M19120497+4549176,3950.065,0.826,1.903,0.004,0.177,0.001,0.0119999945,,0.075,,0.2,0.0017320508,0.133,0.0014142137,-0.041999996,,0.037,,-0.187,0.0014142137,-0.0059999973,0.0014142137,1.167003643143232,0.12047433362889266,14.689386,9334010.0,238.61342,1.0
2M19150203+4551200,4726.14,3.738,3.291,0.005,0.116,0.001,-0.011,0.00244949,-0.008999996,0.00244949,0.21400002,0.003,0.14000002,0.0014142137,0.02000001,0.00244949,-0.007999994,0.00244949,-0.304,0.0014142137,0.20300001,0.0014142137,0.9829111195714983,0.040626613529776014,9.614155,9335457.0,223.74597,1.0
2M19250828+4549421,4572.293,1.744,2.471,0.005,-0.315,0.001,0.025000006,0.0017320508,-0.059000015,0.0017320508,0.197,0.00244949,0.24399999,0.0014142137,0.066,0.0017320508,0.08399999,0.0017320508,0.0,0.0014142137,-0.06099999,0.0014142137,0.6281003604777299,0.07639480907409396,4.247177,9340993.0,387.3201,1.0
2M19295397+4551257,4994.08,3.819,3.298,0.005,-0.158,0.001,0.002000004,0.003,-0.14999999,0.0037416576,0.11600001,0.004582576,0.179,0.0014142137,0.051000006,0.003,0.048000008,0.003,0.117000006,0.0014142137,0.24400002,0.0014142137,0.4659051779093001,0.03911832919795298,2.923514,9343974.0,364.54996,1.0
2M19305904+4553569,4057.537,0.878,1.782,0.008,-0.264,0.001,0.25,0.00244949,0.10599999,0.00244949,0.228,0.003,0.366,0.0014142137,0.098000005,0.00244949,0.225,0.00244949,-0.120000005,0.0014142137,0.063999996,0.0014142137,1.1513919781675608,0.13309597204064086,14.170722,9344639.0,189.02925,1.0
2M19371612+4552220,4616.891,2.996,2.112,0.009,-0.586,0.001,0.24000004,0.003,0.013000011,0.003,0.18500003,0.0037416576,0.42600003,0.0014142137,0.12700003,0.003,0.34600002,0.003,-0.19199997,0.0014142137,0.27600002,0.0014142137,1.1659774657480304,0.1080916643467907,14.654718,9348680.0,243.41507,1.0
2M19425205+4549132,4636.43,4.967,2.593,0.011,-0.241,0.002,0.030000001,0.0041231057,-0.065,0.0041231057,0.208,0.0046904157,0.241,0.0028284274,0.068,0.0041231057,0.065,0.0041231057,0.034999996,0.0028284274,0.283,0.0028284274,0.675376937761531,0.06107117556093982,4.735621,9352721.0,152.56776,1.0
2M19294678+4554124,4320.775,0.963,2.17,0.005,-0.3,0.001,0.17100002,0.0017320508,0.043000013,0.0017320508,0.17500001,0.00244949,0.28800002,0.0014142137,0.08900002,0.0017320508,0.15900001,0.0017320508,-0.13299999,0.0014142137,-0.251,0.0014142137,1.0929078981898803,0.09090856667442773,12.385339,9405555.0,347.32028,1.0
2M19475433+4558057,4668.182,5.915,3.111,0.009,0.212,0.002,0.012999997,0.0037416574,0.011000007,0.0037416574,0.22399999,0.0046904157,0.13599999,0.0028284274,-0.026999995,0.0037416574,-0.022,0.0037416574,-0.31599998,0.0028284274,0.054999992,0.0028284274,0.5265912501844847,0.044913137499178614,3.36195,9417940.0,116.173805,1.0
2M20015898+4554344,4595.77,2.681,2.801,0.006,-0.074,0.001,0.017,0.00244949,0.017,0.00244949,0.17500001,0.003,0.223,0.0014142137,0.047,0.00244949,0.039,0.00244949,-0.098000005,0.0014142137,-0.107999995,0.0014142137,0.8655920297872803,0.07294335392505087,7.338242,9430039.0,251.9749,1.0
2M18504770+4609166,4103.45,0.464,1.795,0.004,-0.38,0.001,0.275,0.0017320508,0.12799999,0.0017320508,0.13499999,0.00244949,0.408,0.0014142137,0.17799999,0.0017320508,0.264,0.0017320508,-0.18400002,0.0014142137,-0.14600003,0.0014142137,1.1627388061489812,0.12014386209564054,14.54584,9509251.0,377.9176,1.0
2M18570822+4611498,4495.441,1.082,2.704,0.003,,,,,,,,,,,,,,,,,,,0.6668577018006305,0.050137221784225465,4.643631,9511938.0,414.17487,1.0
2M18585845+4606094,4124.472,1.48,1.862,0.012,-0.364,0.002,0.24899998,0.0037416574,0.12799999,0.0037416574,0.14999999,0.0046904157,0.369,0.0028284274,0.13299999,0.0037416574,0.22799999,0.0037416574,-0.169,0.0028284274,0.044,0.0028284274,1.1824455256229391,0.09857524297608855,15.221082,9512787.0,133.31944,1.0
2M19180725+4614486,4120.534,0.74,1.668,0.008,-0.567,0.001,0.30699998,0.00244949,0.089999974,0.00244949,0.08399996,0.0037416576,0.44199997,0.0014142137,0.19599998,0.00244949,0.29499996,0.00244949,-0.05700004,0.0014142137,0.0009999871,0.0014142137,1.1957941087926054,0.08291000635054228,15.696185,9582638.0,255.92928,1.0
2M19291950+4613167,4009.135,0.455,1.824,0.002,0.061,0.001,0.114999995,0.0017320508,0.100999996,,0.275,0.0017320508,0.22399999,0.0014142137,0.021999996,,0.08999999,,-0.178,0.0014142137,0.015999999,0.0014142137,1.0877885850286158,0.1413936069719077,12.240202,9589271.0,430.94696,1.0
2M19304122+4614122,4889.129,4.891,3.086,0.006,0.011,0.001,-0.045,0.00244949,-0.19999999,0.003,0.373,0.003,0.09,0.0014142137,0.032,0.00244949,-0.025,0.00244949,-0.084,0.0014142137,0.18599999,0.0014142137,0.1859292494511846,0.04454869193695816,1.534367,9590062.0,244.65828,1.0
2M19330295+4613427,4333.431,1.241,2.469,0.004,0.137,0.001,0.012000009,,0.066,0.0017320508,0.231,0.0017320508,0.125,0.0014142137,0.001000002,,0.018000007,0.0017320508,-0.183,0.0014142137,-0.026999995,0.0014142137,1.1126746975253514,0.1300267710410931,12.96208,9591529.0,273.37988,1.0
2M18584305+4623533,4248.236,0.843,2.162,0.005,-0.202,0.001,0.176,0.0017320508,0.075,0.0017320508,0.177,0.00244949,0.25800002,0.0014142137,0.069000006,0.0017320508,0.155,0.0017320508,-0.04599999,0.0014142137,-0.020999998,0.0014142137,1.1368245951700164,0.08992637596283365,13.703282,9635490.0,302.27475,1.0
2M19003688+4621563,4137.54,0.395,1.765,0.003,-0.517,0.001,0.27100003,0.0017320508,0.12800002,0.0017320508,0.12900001,0.00244949,0.36,0.0014142137,0.14000002,0.0017320508,0.24300003,0.0017320508,-0.12199998,0.0014142137,0.022000015,0.0014142137,1.125980368656453,0.1278161544454767,13.365351,9636300.0,530.13806,1.0
2M19312685+4623307,4608.663,4.404,2.892,0.008,-0.065,0.002,0.175,0.0037416574,0.12,0.0037416574,0.162,0.0041231057,0.30900002,0.0022360682,0.111999996,0.0037416574,0.14199999,0.0037416574,-0.127,0.0028284274,-0.118,0.0028284274,0.9474115164209239,0.04603862285008692,8.859547,9651682.0,154.06447,1.0
2M19330830+4623242,4756.095,3.523,3.215,0.005,0.088,0.001,0.031000003,0.00244949,-0.023000002,0.00244949,0.268,0.003,0.158,0.0014142137,0.026,0.00244949,0.013999999,0.00244949,-0.457,0.0014142137,0.256,0.0014142137,0.80622007651337,0.033143244306568884,6.400591,9652704.0,243.45888,1.0
2M19411267+4621064,4721.999,3.889,2.769,0.008,-0.204,0.001,0.023999989,0.00244949,-0.074,0.003,0.217,0.003,0.189,0.0014142137,0.07599999,0.003,0.023999989,0.00244949,-0.120000005,0.0014142137,0.235,0.0014142137,0.5168285063504539,0.043455633604956384,3.287218,9657917.0,230.5657,1.0
2M19474313+4620231,4864.858,6.99,3.069,0.009,0.117,0.001,-0.001000002,0.0033166248,-0.29,0.0037416576,0.806,0.0037416576,0.17600001,0.0014142137,0.009000003,0.0033166248,-0.081,0.0033166248,-0.31800002,0.0022360682,0.0040000007,0.0014142137,0.4820108527210332,0.07493328926400226,3.033967,9662723.0,114.7448,1.0
2M18591290+4626283,4788.888,8.094,1.98,0.018,-1.505,0.003,0.17499995,0.0076811453,-0.021999955,0.026645824,-0.5100001,2.1010082,-0.095999956,0.004242641,0.24600005,0.0076811453,0.411,0.0076811453,-0.19000006,0.005,-0.6869999,0.005,0.9785499439161425,0.10779674149149274,9.518093,9696716.0,246.03973,1.0
2M19285963+4624427,4498.672,0.904,2.828,0.002,0.137,0.001,0.012000009,0.0017320508,0.013999999,0.0017320508,0.201,0.0017320508,0.10900001,0.0014142137,-0.0109999925,0.0017320508,0.00500001,0.0017320508,-0.008000001,0.0014142137,0.17900002,0.0014142137,0.8735713969494,0.05215163597248035,7.474315,9711269.0,513.6611,1.0
2M19290913+4624111,4331.291,1.607,2.243,0.007,-0.238,0.001,0.12100001,0.00244949,0.029,0.00244949,0.120000005,0.003,0.223,0.0014142137,0.055000007,0.00244949,0.08400001,0.00244949,-0.095999986,0.0014142137,-0.06299999,0.0014142137,1.0004834913928249,0.14854454527340258,10.011139,9711349.0,230.39224,1.0
2M19310601+4624322,4457.032,1.818,2.598,0.005,0.06,0.001,0.010000002,0.00244949,-0.0069999993,0.00244949,0.28599998,0.00244949,0.129,0.0014142137,0.010000002,0.00244949,0.014000002,0.00244949,-0.119,0.0014142137,0.114999995,0.0014142137,0.6421356575911832,0.09026540384923655,4.386677,9712510.0,239.95609,1.0
2M19383572+4624093,4484.917,3.148,2.597,0.008,-0.039,0.001,0.015000001,0.0033166248,0.015000001,0.0033166248,0.24100001,0.0037416576,0.141,0.0014142137,-0.013,0.0033166248,0.037,0.0033166248,-0.075,0.0014142137,0.0069999993,0.0014142137,0.5405712106536567,0.10259763888236963,3.471932,9717214.0,159.52322,1.0
2M19391505+4628599,4091.808,1.07,1.936,0.006,0.051,0.001,-0.015000001,,0.013000004,0.00244949,0.12100001,0.00244949,0.07700001,0.0014142137,-0.04,,0.019000001,0.00244949,-0.089,0.0014142137,-0.053,0.0014142137,1.1541128252687887,0.12329178602719514,14.25978,9717671.0,198.57465,1.0
2M19411033+4624474,4916.354,7.769,3.282,0.01,-0.254,0.002,0.053000003,0.0041231057,-0.03999999,0.0046904157,0.17300001,0.0053851646,0.223,0.0028284274,0.08400001,0.0041231057,0.126,0.0041231057,0.07000001,0.0028284274,0.046000004,0.0028284274,0.6361398198228547,0.036774134956384,4.326531,9719012.0,166.93076,1.0
2M19490511+4626307,4676.85,4.362,2.552,0.01,-0.356,0.001,0.097,0.0037416576,0.01000002,0.0037416576,0.241,0.0037416576,0.269,0.0014142137,0.073000014,0.0033166248,0.15300001,0.0037416576,-0.32099998,0.0014142137,0.125,0.0014142137,0.29934884928342337,0.09547185547061002,1.992273,9724859.0,191.38408,1.0
2M18514585+4634026,4687.362,3.63,3.091,0.006,0.083,0.001,0.025000006,0.00244949,-0.021999996,0.00244949,0.239,0.003,0.21599999,0.0014142137,0.059000008,0.00244949,0.020000003,0.00244949,-0.474,0.0014142137,-0.121999994,0.0014142137,0.8600816672389451,0.03801688001410138,7.245722,9754133.0,208.57867,1.0
2M18594776+4635013,4623.687,5.217,3.022,0.009,-0.063,0.002,0.17199999,0.00489898,0.107,0.00489898,0.17300001,0.0053851646,0.269,0.0028284274,0.082,0.0045825755,0.15900001,0.00489898,-0.167,0.0028284274,-0.15799999,0.0028284274,1.0091457200998637,0.05791811558963988,10.212821,9757624.0,126.45418,1.0
2M19302335+4635095,4602.493,1.0,2.937,0.002,0.209,0.001,0.0029999912,0.0017320508,-0.12900001,0.0017320508,0.459,0.0017320508,0.158,0.0014142137,0.0059999973,0.0017320508,-0.019000009,0.0017320508,-0.261,0.0014142137,0.347,0.0014142137,0.5069589778133202,0.05682401852878718,3.213357,9772366.0,618.7985,1.0
2M19314852+4633568,4647.764,3.651,2.536,0.009,-0.595,0.002,0.20700002,0.0034641016,0.011000037,0.0041231057,0.028000057,0.00489898,0.38300002,0.0022360682,0.13500002,0.0034641016,0.25700003,0.0034641016,-0.29399997,0.0028284274,-0.0059999824,0.0028284274,0.9213724216606752,0.05806348132695959,8.343964,9773214.0,232.66814,1.0
2M19350963+4635205,4187.419,1.244,2.053,0.008,-0.12,0.001,0.14,0.00244949,0.055999994,0.00244949,0.201,0.003,0.254,0.0014142137,0.044999994,0.00244949,0.125,0.00244949,-0.030000009,0.0014142137,-0.071,0.0014142137,1.1679735097743296,0.10874342546601284,14.722227,9775232.0,171.65143,1.0
2M19353152+4633368,4172.819,0.326,1.83,0.003,-0.409,0.001,0.21300001,0.0017320508,0.074,0.0017320508,0.16000001,0.00244949,0.34,0.0014142137,0.11700001,0.0017320508,0.19100001,0.0017320508,-0.103000015,0.0014142137,-0.09699997,0.0014142137,1.208847994588518,0.08458173330305392,16.175138,9775446.0,644.4578,1.0
2M19365957+4632505,4470.875,2.966,2.334,0.009,-0.23,0.001,0.030000001,0.0033166248,-0.024999991,0.0033166248,0.22500001,0.0037416576,0.193,0.0014142137,0.026000008,0.0033166248,0.023000002,0.0033166248,0.09300001,0.0014142137,-0.22500001,0.0014142137,0.6137780995438695,0.06901011358552227,4.109397,9776466.0,175.68933,1.0
2M19381149+4635363,4842.733,3.797,3.121,0.007,-0.55,0.002,0.32700002,0.0034641016,0.081,0.0066332496,-0.023999989,0.0075498344,0.38700002,0.0022360682,0.234,0.0034641016,0.36400002,0.0034641016,-0.23500001,0.0028284274,0.08700001,0.0022360682,0.9707746362068792,0.03553562955466197,9.349204,9777293.0,295.10248,1.0
2M19384533+4633598,4248.32,1.012,2.161,0.005,-0.139,0.001,0.111,0.00244949,0.058,0.00244949,0.18599999,0.003,0.212,0.0014142137,0.034,0.00244949,0.103,0.00244949,-0.218,0.0014142137,0.13599999,0.0014142137,1.2538957590506123,0.04342815569253488,17.943029,9777688.0,259.6632,1.0
2M19403595+4635530,4760.736,5.816,3.029,0.009,-0.163,0.002,0.108,0.0041231057,0.030000001,0.0041231057,0.094000004,0.0046904157,0.235,0.0022360682,0.087000005,0.0041231057,0.141,0.0041231057,-0.25300002,0.0028284274,-0.017000005,0.0028284274,0.82237628150643,0.04946547744129513,6.643184,9778887.0,165.50252,1.0
2M19481991+4634179,4675.989,6.682,2.185,0.018,-0.614,0.002,0.26600003,0.0053851646,0.074,0.006,0.13800001,0.0067082043,0.35600004,0.0028284274,0.14400002,0.0053851646,0.38300002,0.0053851646,-0.41599995,0.0028284274,-0.075999975,0.0028284274,1.1080408144037022,0.11619527128974672,12.824511,9784558.0,128.50912,1.0
2M19013388+4639433,4280.125,0.605,2.531,0.002,0.263,0.001,-0.011000007,,0.041999996,,0.25699997,0.0017320508,0.109999985,0.0014142137,-0.031000018,,-0.017000005,,-0.20300001,0.0014142137,0.148,0.0014142137,0.8423995920105354,0.10132084985699652,6.956641,9818604.0,472.39917,1.0
2M19210715+4636545,4652.743,5.789,3.266,0.008,0.194,0.002,0.08399999,0.0045825755,0.078999996,0.0045825755,0.22099999,0.0053851646,0.19599998,0.0028284274,0.041999996,0.0045825755,0.062000006,0.0045825755,-0.16800001,0.0028284274,0.09799999,0.0028284274,1.010459903626554,0.03523218209196901,10.243772,9827399.0,111.82368,1.0
2M19214289+4637213,4703.357,6.523,2.713,0.013,-0.204,0.002,0.0,0.00489898,-0.15200001,0.0053851646,0.253,0.0053851646,0.13499999,0.0028284274,0.058,0.00489898,0.07699999,0.00489898,0.031000003,0.0028284274,-0.403,0.0028284274,0.5936603738727837,0.0503379691365664,3.92338,9827743.0,137.67558,1.0
2M19314523+4641589,4298.141,1.454,2.518,0.005,0.175,0.001,0.020999998,,0.07599999,0.00244949,0.21800001,0.00244949,0.128,0.0014142137,-0.009000003,,0.023000002,,-0.617,0.0014142137,0.207,0.0014142137,0.9922723945962965,0.13614794574891032,9.823639,9833561.0,211.31032,1.0
2M19344848+4637564,4625.234,3.407,2.315,0.009,-0.511,0.001,0.07199997,0.003,-0.074,0.003,0.20399997,0.0037416576,0.24899998,0.0014142137,0.022999972,0.003,0.13899997,0.003,-0.20000005,0.0014142137,-0.0020000339,0.0014142137,0.6156406775498843,0.07390340476286093,4.127059,9835436.0,241.45454,1.0
2M19470909+4636499,4774.819,8.02,2.73,0.015,-0.358,0.002,0.031000018,0.0061644143,-0.028999984,0.0061644143,0.18800001,0.0067082043,0.269,0.0028284274,0.018000007,0.0061644143,0.09800002,0.0061644143,-0.088,0.0028284274,0.13100001,0.0028284274,0.33990855150773513,0.045186421026214556,2.187301,9843910.0,126.14147,1.0
2M19061670+4642036,4663.58,2.53,2.739,0.005,-0.173,0.001,0.017999992,0.00244949,-0.07900001,0.00244949,0.198,0.003,0.139,0.0014142137,0.003999993,0.00244949,-0.026000008,0.00244949,0.036999986,0.0014142137,0.06899999,0.0014142137,0.4331064485777645,0.06372805035081634,2.710856,9880324.0,333.90482,1.0
2M19111631+4642465,4581.939,1.27,2.738,0.003,0.058,0.001,-0.020999998,0.0017320508,-0.089,0.0017320508,0.285,0.0017320508,0.132,0.0014142137,-0.004999999,0.0017320508,-0.029999997,0.0017320508,-0.16600001,0.0014142137,0.059,0.0014142137,0.5068807172396776,0.0850114830310884,3.212778,9882446.0,483.77762,1.0
2M19314037+4644253,4887.316,3.763,3.36,0.005,0.159,0.001,-0.045999996,0.00244949,-0.066999994,0.00244949,0.228,0.003,0.16000001,0.0014142137,0.025000006,0.00244949,-0.06299999,0.00244949,-0.10599999,0.0014142137,0.133,0.0014142137,0.5016069224188294,0.04899358968578698,3.174,9893437.0,278.92108,1.0
2M19345524+4642078,4133.092,1.045,1.91,0.007,-0.126,0.001,0.144,0.00244949,0.071,0.00244949,0.192,0.003,0.28100002,0.0014142137,0.060000002,0.00244949,0.121,0.00244949,-0.04699999,0.0014142137,0.012000002,0.0014142137,1.1856975438511868,0.1020058715360119,15.335486,9895367.0,186.36943,1.0
2M19361100+4642525,4554.719,2.861,2.793,0.005,0.095,0.001,-0.024999999,0.00244949,-0.051999997,0.00244949,0.362,0.003,0.124,0.0014142137,0.034999996,0.00244949,-0.018,0.00244949,-0.089,0.0014142137,0.298,0.0014142137,0.621882422954596,0.08631925452210214,4.186802,9896187.0,203.71555,1.0
2M19370831+4643235,4314.193,1.079,2.146,0.004,-0.109,0.001,0.0,0.0017320508,-0.002000004,0.0017320508,0.21000001,0.0017320508,0.12799999,0.0014142137,0.022,0.0017320508,0.013999999,0.0017320508,0.009999998,0.0014142137,-0.269,0.0014142137,1.1059913548410514,0.14365547808453694,12.764134,9896877.0,328.7615,1.0
2M19390668+4646496,4443.383,1.909,2.691,0.005,0.142,0.001,0.036,0.00244949,-0.051000006,0.00244949,0.43399996,0.003,0.14299999,0.0014142137,0.030000001,0.00244949,0.027999997,0.00244949,-0.082,0.0014142137,0.249,0.0014142137,0.43052299314197257,0.13690395994424034,2.694778,9898240.0,200.50632,1.0
2M19523911+4643451,4432.382,2.89,2.131,0.012,-0.627,0.002,0.20699999,0.0041231057,0.06099999,0.0041231057,0.109999955,0.0046904157,0.38399997,0.0028284274,0.12699997,0.0041231057,0.25299996,0.0041231057,-0.046000004,0.0028284274,-0.113000035,0.0028284274,1.0562496011988864,0.1386031850383631,11.382813,9908656.0,165.50528,1.0
2M19065017+4649482,4328.881,1.54,2.195,0.008,-0.375,0.001,0.249,0.00244949,0.060000002,0.00244949,0.110000014,0.003,0.383,0.0014142137,0.155,0.00244949,0.214,0.00244949,-0.36699998,0.0014142137,0.162,0.0014142137,1.069922458307088,0.11003355201239967,11.746878,9941242.0,216.60883,1.0
2M19080214+4649540,4607.749,3.739,2.728,0.007,0.009,0.001,-0.058,0.0033166248,-0.127,0.0033166248,0.29,0.0037416576,0.126,0.0014142137,0.04,0.0033166248,-0.046,0.0033166248,-0.153,0.0014142137,0.146,0.0014142137,0.41346640728535833,0.052020922559282486,2.590994,9941713.0,188.24503,1.0
2M19182488+4653323,4747.487,5.124,3.107,0.008,-0.134,0.001,0.065000005,0.0033166248,0.057000004,0.0033166248,0.18200001,0.0037416576,0.21000001,0.0014142137,0.057000004,0.0033166248,0.028000005,0.0033166248,-0.208,0.0014142137,-0.14699998,0.0014142137,0.8235378036640016,0.048097756494180514,6.660975,9946213.0,187.24422,1.0
2M19371680+4649073,4287.019,1.91,2.506,0.006,0.197,0.001,0.004000008,0.00244949,0.038000003,0.00244949,0.174,0.003,0.13499999,0.0014142137,-0.0109999925,0.00244949,0.009000003,0.00244949,-0.231,0.0014142137,0.239,0.0014142137,0.8007316461440905,0.06627059955620203,6.320212,9957278.0,152.1023,1.0
2M19455036+4653027,4658.805,6.124,2.862,0.011,-0.135,0.002,0.017000005,0.0045825755,0.14,0.0045825755,0.28,0.00489898,0.178,0.0028284274,0.058000006,0.0045825755,0.010000005,0.0045825755,-0.036,0.0028284274,-0.114999995,0.0028284274,0.7273664467873925,0.050898935990453496,5.337851,9962982.0,121.21038,1.0
2M19513963+4652145,4841.078,2.421,2.918,0.004,-0.389,0.001,0.09,0.00244949,-0.023999989,0.0033166248,0.15799999,0.0033166248,0.281,0.0014142137,0.07100001,0.00244949,0.106000006,0.00244949,-0.28000003,0.0014142137,0.08000001,0.0014142137,0.700696969090684,0.03879832633720128,5.019922,9967700.0,461.33765,1.0
2M18534324+4657405,4522.657,1.442,2.767,0.003,0.043,0.001,0.022999998,0.0017320508,0.018,0.0017320508,0.26,0.0017320508,0.156,0.0014142137,0.015999999,0.0017320508,0.018999998,0.0017320508,-0.215,0.0014142137,0.297,0.0014142137,0.8507480894898168,0.08421790893362614,7.091663,9995162.0,345.9678,1.0
2M19074937+4656118,4457.992,0.214,2.196,0.001,-0.69,0.001,0.28599998,,0.06999999,,0.065,,0.432,0.0014142137,0.20300001,,0.27899998,,-0.171,0.0022360682,-0.036000013,0.0014142137,1.1342840099397151,0.11255637512681278,13.623353,10001167.0,2316.996,1.0
2M19263640+4658023,4585.945,2.503,2.587,0.006,-0.087,0.001,-0.039000005,0.00244949,-0.10000001,0.00244949,0.272,0.003,0.146,0.0014142137,0.038999997,0.00244949,-0.0069999993,0.00244949,0.099999994,0.0014142137,0.013999999,0.0014142137,0.2764006769445148,0.08523263678946345,1.889734,10011329.0,256.2765,1.0
2M19385761+4655296,4457.084,1.81,2.64,0.005,0.145,0.001,0.010000005,0.00244949,0.04900001,0.00244949,0.306,0.00244949,0.16000001,0.0014142137,0.025000006,0.00244949,0.011000007,0.00244949,-0.19,0.0014142137,0.20099999,0.0014142137,0.6513691287281805,0.07420186794895754,4.48094,10018923.0,235.40608,1.0
2M19512811+4659150,4852.707,4.188,2.992,0.007,-0.186,0.001,0.032000005,0.003,-0.052,0.003,0.216,0.003,0.186,0.0014142137,0.064,0.003,0.141,0.003,0.252,0.0014142137,0.038000003,0.0014142137,0.4590892805830867,0.061214759340508906,2.87799,10028634.0,251.48508,1.0
2M19152258+4700148,4131.452,1.653,1.918,0.011,-0.243,0.002,0.102,0.0037416574,0.027999997,0.0037416574,0.121,0.0046904157,0.22,0.0028284274,0.0119999945,0.0037416574,0.076000005,0.0037416574,0.040999994,0.0028284274,-0.055999994,0.0028284274,1.1561746607822325,0.12839950409582962,14.32764,10068014.0,130.64836,1.0
2M19161962+4703546,4841.498,6.237,3.26,0.008,0.001,0.001,0.015000001,0.0033166248,-0.076000005,0.0037416576,0.235,0.0037416576,0.156,0.0014142137,0.094,0.0037416576,0.024,0.0033166248,-0.45999998,0.0022360682,0.065,0.0014142137,0.671618483489856,0.038351933992814176,4.694815,10068556.0,173.28139,1.0
2M19165018+4703002,4223.074,0.525,2.062,0.003,-0.042,0.001,0.009,0.0017320508,-0.044999998,0.0017320508,0.24,0.0017320508,0.144,0.0014142137,-0.015000001,0.0017320508,0.007999998,0.0017320508,-0.075,0.0014142137,-0.106000006,0.0014142137,0.7027197112966417,0.14852375326583317,5.043357,10068801.0,489.82114,1.0
2M19392007+4703353,4294.237,1.985,1.992,0.012,-0.485,0.002,0.23900001,0.0041231057,0.06800002,0.0041231057,0.15100002,0.0046904157,0.39000002,0.0028284274,0.16500002,0.0037416574,0.21900001,0.0037416574,-0.13299996,0.0028284274,0.058000028,0.0028284274,1.0957784712021468,0.10406102404624294,12.467474,10082936.0,156.70248,1.0
2M19403573+4700307,4594.679,5.826,2.102,0.018,-0.923,0.002,0.11199999,0.006,-0.22000003,0.010954451,-0.06100005,0.0137477275,0.10899997,0.0028284274,0.17699999,0.006,0.302,0.006,-0.016000032,0.0028284274,-0.18400002,0.0036055513,1.0296726294948009,0.112308006521793,10.707119,10083815.0,155.73297,1.0
2M19383411+4706214,4395.984,2.707,2.293,0.009,-0.206,0.001,0.027999997,0.0033166248,-0.009000003,0.0033166248,0.189,0.0037416576,0.186,0.0014142137,0.065,0.0033166248,0.052,0.0033166248,-0.074,0.0014142137,-0.062000006,0.0014142137,1.1839418392007914,0.08430403228064981,15.273615,10148658.0,163.3798,1.0
2M19104827+4715338,4735.562,4.25,3.348,0.005,0.219,0.001,0.012000009,0.00244949,-0.003999993,0.00244949,0.28000003,0.003,0.14100002,0.0014142137,-0.0029999912,0.00244949,-0.051,0.00244949,-0.48799998,0.0014142137,0.182,0.0014142137,0.9889421618888139,0.0349263965399224,9.748598,10198496.0,191.96364,1.0
2M19121458+4714231,4413.54,1.397,2.29,0.005,-0.325,0.001,0.095999986,0.0017320508,0.023999989,0.0017320508,0.20899999,0.00244949,0.26599997,0.0014142137,0.08699998,0.0017320508,0.09199999,0.0017320508,-0.025000006,0.0014142137,0.33299997,0.0014142137,1.1199121480944716,0.12382257050208352,13.179901,10199187.0,324.4644,1.0
2M19251020+4713306,4398.779,1.873,2.391,0.007,-0.24,0.001,0.07599999,0.00244949,0.018999994,0.00244949,0.166,0.003,0.21,0.0014142137,0.049999997,0.00244949,0.08499999,0.00244949,-0.458,0.0014142137,-0.070999995,0.0014142137,0.9272384632804153,0.12197463511762949,8.457431,10206457.0,217.29337,1.0
2M19522788+4717151,4544.46,0.919,2.768,0.002,0.064,0.001,0.0040000007,0.0017320508,0.0040000007,0.0017320508,0.281,0.0017320508,0.17199999,0.0014142137,0.0,0.0017320508,-0.0040000044,0.0017320508,-0.26,0.0014142137,0.333,0.0014142137,0.7405338467514232,0.051080098852677516,5.502168,10226276.0,591.4808,1.0
2M18532875+4719192,4254.074,2.154,1.947,0.015,-0.575,0.002,0.243,0.00489898,0.08499998,0.00489898,0.119999975,0.006,0.325,0.0028284274,0.162,0.00489898,0.23999998,0.00489898,-0.32100004,0.0028284274,-0.35800004,0.0028284274,0.9921884333529217,0.14954399124990786,9.82174,10256655.0,126.60743,1.0
2M19233549+4719486,4200.684,0.878,2.089,0.004,-0.03,0.001,-0.023,0.0017320508,-0.041999996,0.0017320508,0.294,0.0017320508,0.111,0.0014142137,0.0010000002,0.0017320508,0.01,0.0017320508,0.004999999,0.0014142137,-0.122999996,0.0014142137,0.6723757174985566,0.13624047745167747,4.703008,10271721.0,281.5248,1.0
2M19381592+4719518,4108.846,1.194,1.768,0.008,-0.255,0.001,0.10499999,0.00244949,0.045,0.00244949,0.178,0.003,0.232,0.0014142137,0.067,0.00244949,0.102,0.00244949,-0.07699999,0.0014142137,0.181,0.0014142137,1.151309007979716,0.1287030549082676,14.168015,10281118.0,178.89323,1.0
2M19442676+4721105,4223.667,1.696,2.061,0.009,0.007,0.001,0.019000001,0.0033166248,-0.029,0.0033166248,0.148,0.0037416576,0.147,0.0014142137,-0.021000002,0.0033166248,0.019000001,0.0033166248,-0.008,0.0014142137,0.119,0.0014142137,1.217700011183695,0.07193636513924843,16.508211,10285430.0,137.54436,1.0
2M19503950+4718437,4370.334,2.342,2.159,0.009,-0.203,0.001,0.015000001,0.0033166248,-0.044,0.0033166248,0.24499999,0.0037416576,0.182,0.0014142137,-0.013000011,0.0033166248,0.03199999,0.0033166248,0.153,0.0014142137,0.037999988,0.0014142137,1.1994380868703125,0.08323285753427327,15.828439,10290718.0,173.19101,1.0
2M18433372+4728497,4955.071,8.029,3.07,0.013,-0.683,0.002,0.323,0.0053851646,0.004000008,0.009165152,0.18200004,0.010954451,0.36900002,0.0028284274,0.22500002,0.0053851646,0.38500002,0.0053851646,0.06700003,0.0028284274,0.23200002,0.0028284274,0.7458820161232117,0.03866939123128782,5.570344,10318430.0,192.4019,1.0
2M18435264+4725366,4822.642,9.207,2.946,0.015,-0.167,0.002,0.062,0.0057445625,-0.019000009,0.0061644143,0.259,0.0067082043,0.138,0.0028284274,0.03199999,0.0057445625,0.027999997,0.0057445625,-0.03400001,0.0028284274,0.030000001,0.0028284274,0.4242648598976747,0.06353038011426525,2.656225,10318539.0,114.41253,1.0
2M18471131+4726561,4357.811,1.479,2.279,0.005,-0.175,0.001,-0.008000001,0.00244949,-0.0069999993,0.00244949,0.2,0.003,0.139,0.0014142137,-0.003000006,0.00244949,0.019999996,0.00244949,0.065,0.0014142137,0.077999994,0.0014142137,0.70726870517912,0.09868994746091708,5.096461,10319709.0,274.26868,1.0
2M19075343+4724306,4141.566,0.986,1.854,0.009,-0.466,0.001,0.288,0.00244949,0.120000005,0.00244949,0.146,0.003,0.368,0.0014142137,0.167,0.00244949,0.27199998,0.00244949,-0.281,0.0014142137,-0.26500002,0.0014142137,1.1538629540813952,0.12161481678501763,14.251578,10328921.0,199.862,1.0
2M19253589+4724182,4139.495,0.928,1.761,0.009,-0.483,0.001,0.33200002,0.00244949,0.10800001,0.00244949,0.120000005,0.0037416576,0.463,0.0014142137,0.17400002,0.00244949,0.29400003,0.00244949,-0.027999967,0.0014142137,-0.27299997,0.0014142137,1.0771427042853472,0.14822933743591235,11.943805,10338340.0,202.31526,1.0
2M19462274+4726595,4700.45,2.241,2.83,0.004,-0.011,0.001,-0.067,0.0017320508,-0.095,0.0017320508,0.298,0.00244949,0.052,0.0014142137,0.035,0.0017320508,-0.048,0.0017320508,0.038000003,0.0014142137,0.258,0.0014142137,0.2777899990173367,0.081600438912044,1.895789,10352615.0,382.70905,1.0
2M18460337+4730276,4856.984,5.242,2.884,0.008,-0.121,0.001,-0.015000008,0.0037416576,-0.13100001,0.0037416576,0.281,0.0037416576,0.195,0.0014142137,-0.0060000047,0.0037416576,0.011,0.0037416576,-0.14200002,0.0014142137,0.285,0.0014142137,-0.4542575699864702,0.006771791021844087,0.351352,10384595.0,209.22731,1.0
2M18514584+4735217,4750.299,5.242,3.105,0.009,-0.105,0.001,0.148,0.0037416576,0.023999996,0.0037416576,0.162,0.0037416576,0.349,0.0014142137,0.11,0.0033166248,0.121999994,0.0033166248,-0.293,0.0014142137,0.087,0.0014142137,1.0058536619693599,0.03526399732858457,10.135698,10386904.0,182.64104,1.0
2M19282701+4731063,5025.335,9.448,3.455,0.011,-0.096,0.002,-0.030000001,0.00489898,-0.048999995,0.006,0.138,0.006,0.141,0.0028284274,0.031999998,0.00489898,0.048,0.00489898,0.072,0.0028284274,0.055,0.0028284274,0.5898580437382809,0.05077883580582832,3.88918,10405436.0,145.5113,1.0
2M19540202+4732186,4889.93,7.26,3.098,0.01,-0.335,0.002,0.09,0.0041231057,0.024000019,0.0046904157,0.15300001,0.0053851646,0.286,0.0022360682,0.06299999,0.0041231057,0.16900001,0.0041231057,-0.21000001,0.0028284274,-0.025999993,0.0028284274,0.6832857444878616,0.04671733113466673,4.82265,10424379.0,179.0562,1.0
2M19560526+4732387,4352.737,0.951,2.337,0.003,-0.166,0.001,0.048999995,0.0017320508,0.0,0.0017320508,0.22299999,0.00244949,0.176,0.0014142137,0.022999987,0.0017320508,0.037999988,0.0017320508,-0.019000009,0.0014142137,0.176,0.0014142137,1.10279752358564,0.13360428208801425,12.67061,10426331.0,394.53604,1.0
2M18580811+4739078,4539.929,0.934,2.59,0.002,0.015,0.001,0.0039999997,0.0017320508,-0.018,0.0017320508,0.35200003,0.0017320508,0.20199999,0.0014142137,0.011000001,0.0017320508,0.015999999,0.0017320508,-0.203,0.0014142137,-0.038,0.0014142137,0.2942304968164722,0.05514332565669999,1.968931,10454887.0,575.6009,1.0
2M19325328+4737099,4644.038,3.233,2.928,0.006,-0.071,0.001,0.044,0.00244949,-0.024999999,0.00244949,0.153,0.003,0.19600001,0.0014142137,0.025000002,0.00244949,0.049000002,0.00244949,-0.389,0.0014142137,0.073,0.0014142137,0.9092960165470937,0.04511618353692754,8.11514,10473692.0,237.48862,1.0
2M19430190+4741262,4687.055,2.245,2.84,0.004,-0.098,0.001,0.013999999,0.0017320508,-0.09600001,0.0017320508,0.268,0.00244949,0.185,0.0014142137,0.036,0.0017320508,-0.0040000007,0.0017320508,0.0119999945,0.0014142137,0.194,0.0014142137,0.6383142059961893,0.10776498271923908,4.348247,10480806.0,374.80096,1.0
2M18432829+4742130,4847.833,1.909,3.242,0.002,0.005,0.001,-0.024,0.0017320508,-0.138,0.00244949,0.282,0.00244949,0.139,0.0014142137,0.02,0.0017320508,-0.029,0.0017320508,-0.11,0.0014142137,0.326,0.0014142137,0.6256160422221907,0.0483625888840552,4.222951,10513837.0,593.31824,1.0
2M18451110+4745324,4156.895,0.79,2.121,0.004,-0.007,0.001,0.01,0.0017320508,0.021000002,0.0017320508,0.175,0.0017320508,0.137,0.0014142137,-0.033,,0.026999999,0.0017320508,-0.010999999,0.0014142137,0.283,0.0014142137,1.124556552210527,0.12185048479476035,13.321605,10514458.0,289.74338,1.0
2M19145511+4745055,4480.791,1.519,2.905,0.003,0.255,0.001,0.0150000155,0.00244949,0.022000015,0.00244949,0.263,0.00244949,0.136,0.0014142137,0.04100001,0.00244949,-0.0009999871,0.00244949,-0.08399999,0.0014142137,0.26200002,0.0014142137,0.8448648233119145,0.057674559371834314,6.996242,10527754.0,272.778,1.0
2M19492290+4746588,4832.424,1.671,3.201,0.002,0.02,0.001,-0.033,0.0017320508,-0.126,0.0017320508,0.31599998,0.00244949,0.125,0.0014142137,0.032,0.0017320508,-0.024,0.0017320508,0.015999999,0.0014142137,0.125,0.0014142137,0.5076227467571054,0.05263459299549115,3.218272,10550429.0,617.3699,1.0
2M19493144+4742599,4324.296,2.013,2.034,0.01,-0.45,0.001,0.22599998,0.0033166248,0.08499998,0.0033166248,0.24899998,0.0037416576,0.373,0.0014142137,0.14499998,0.0033166248,0.24799998,0.0033166248,-0.24700004,0.0014142137,0.333,0.0014142137,0.535589162784443,0.11746178553183881,3.432331,10550552.0,168.95885,1.0
2M19521743+4745036,4996.604,3.986,3.173,0.006,-0.319,0.001,0.02700001,0.003,-0.08500001,0.004582576,0.141,0.004582576,0.171,0.0014142137,0.06100002,0.003,-0.027999997,0.003,0.046000004,0.0014142137,0.14500001,0.0014142137,0.5008372631971806,0.033924227589393154,3.16838,10552972.0,384.6654,1.0
2M19531960+4744079,4793.447,3.469,2.823,0.006,-0.248,0.001,-0.009000003,0.003,-0.109,0.003,0.137,0.0037416576,0.139,0.0014142137,0.048999995,0.003,-0.076000005,0.003,0.096,0.0014142137,-0.03999999,0.0014142137,0.3958425209430474,0.08843839183756239,2.487955,10553844.0,311.45193,1.0
2M19044603+4753567,4496.051,2.285,2.705,0.006,0.018,0.001,0.051,0.00244949,0.022,0.00244949,0.254,0.003,0.22299999,0.0014142137,0.027000003,0.00244949,0.062,0.00244949,-0.133,0.0014142137,0.18599999,0.0014142137,0.7455740212997869,0.04023543348239387,5.566395,10587702.0,201.93544,1.0
2M19143149+4749342,4562.541,2.514,2.764,0.005,0.084,0.001,-0.0019999966,0.00244949,-0.020999998,0.00244949,0.32700002,0.00244949,0.15900001,0.0014142137,0.019000001,0.00244949,0.002000004,0.00244949,-0.164,0.0014142137,0.393,0.0014142137,0.5606355797990146,0.0583845178661157,3.636098,10592335.0,227.67244,1.0
2M19434514+4749074,4468.879,1.989,2.428,0.006,-0.159,0.001,0.029,0.00244949,-0.054000005,0.00244949,0.20799999,0.003,0.188,0.0014142137,0.020999998,0.00244949,0.03199999,0.00244949,0.06999999,0.0014142137,0.22299999,0.0014142137,0.821875551559596,0.10445562946318844,6.635529,10610825.0,239.8279,1.0
2M19110638+4757065,4198.858,0.56,2.076,0.003,-0.146,0.001,0.078999996,0.0017320508,-0.003000006,0.0017320508,0.088,0.00244949,0.157,0.0014142137,0.048,0.0017320508,0.060999997,0.0017320508,-0.020999998,0.0014142137,-0.113000005,0.0014142137,0.8339700881696545,0.13099551545763544,6.822917,10656124.0,434.73892,1.0
2M19472281+4758209,3985.469,0.488,1.894,0.002,0.096,0.001,0.008999996,,0.056999996,,0.161,0.0017320508,0.097,0.0014142137,-0.038000003,,0.029,,-0.15900001,0.0014142137,-0.027999997,0.0014142137,1.137231814299926,0.14769070780277474,13.716137,10679246.0,440.85803,1.0
2M18454285+4800452,4411.421,1.314,2.538,0.004,-0.077,0.001,0.117,0.0017320508,0.068,0.0017320508,0.16,0.00244949,0.251,0.0014142137,0.053,0.0017320508,0.092,0.0017320508,-0.078,0.0014142137,-0.21600002,0.0014142137,0.9055747924884517,0.06209430710612192,8.045903,10709799.0,307.47662,1.0
2M19122333+4803442,4677.988,1.221,3.003,0.002,0.122,0.001,-0.012000002,0.0017320508,-0.009000003,0.0017320508,0.34899998,0.0017320508,0.18599999,0.0014142137,0.001000002,0.0017320508,-0.027000003,0.0017320508,-0.367,0.0014142137,0.34399998,0.0014142137,0.5811004818098738,0.04011874950523179,3.81154,10722175.0,636.69507,1.0
2M19445265+4805136,4479.457,2.068,2.252,0.008,-0.465,0.001,0.099999994,0.00244949,-0.0059999824,0.003,0.143,0.003,0.278,0.0014142137,0.055000007,0.00244949,0.10800001,0.00244949,-0.313,0.0014142137,-0.052000016,0.0014142137,0.9544324958408565,0.11663523113188166,9.003938,10743092.0,267.979,1.0
2M19453916+4804189,4460.985,3.499,2.202,0.012,-0.336,0.002,0.032999992,0.0037416574,-0.03400001,0.0041231057,0.185,0.0041231057,0.262,0.0028284274,0.03999999,0.0037416574,0.07699999,0.0041231057,-0.120000005,0.0028284274,-0.120000005,0.0028284274,0.7132377891325506,0.11323000082301657,5.166992,10743686.0,154.9381,1.0
2M19552557+4805354,4724.011,1.787,3.261,0.003,-0.242,0.001,0.274,0.00244949,0.103,0.00244949,0.099999994,0.0033166248,0.384,0.0014142137,0.176,0.0017320508,0.204,0.0017320508,-0.19900002,0.0014142137,0.0109999925,0.0014142137,1.0869388716423072,0.04098346156958257,12.216277,10752913.0,463.77615,1.0
2M18465282+4808504,4175.682,1.273,2.152,0.007,-0.005,0.001,0.124000005,0.00244949,0.08400001,0.00244949,0.236,0.003,0.268,0.0014142137,0.042999998,0.00244949,0.107,0.00244949,-0.192,0.0014142137,0.217,0.0014142137,1.1903171560664332,0.08848991730228324,15.499481,10776711.0,168.97234,1.0
2M18475055+4808509,4632.152,4.332,2.494,0.012,,,,,,,,,,,,,,,,,,,1.0237798790823953,0.07073237075028035,10.56282,10777098.0,188.08751,1.0
2M19031936+4809465,4412.444,1.929,2.253,0.007,-0.282,0.001,0.047000006,0.00244949,-0.048000008,0.00244949,0.25,0.003,0.23300001,0.0014142137,0.02700001,0.00244949,0.06300001,0.00244949,-0.092999995,0.0014142137,0.0010000169,0.0014142137,0.86592291065036,0.098830412317292,7.343835,10784013.0,223.39719,1.0
2M19135560+4807515,4473.012,0.91,2.751,0.002,0.215,0.001,-0.013999999,0.0017320508,-0.02700001,0.0017320508,0.41300002,0.0017320508,0.13299999,0.0014142137,0.037,0.0017320508,-0.009000003,0.0017320508,-0.199,0.0014142137,0.055000007,0.0014142137,0.46484470692348656,0.05655330258410213,2.916384,10789202.0,468.06226,1.0
2M19472187+4808403,4454.876,4.049,2.14,0.014,-0.497,0.002,0.050000012,0.00489898,0.046000004,0.00489898,0.18200001,0.0053851646,0.23900002,0.0028284274,0.052000016,0.00489898,0.122999996,0.00489898,-0.21900001,0.0028284274,0.17900002,0.0028284274,0.7617073291602585,0.14621683175032296,5.777066,10810905.0,138.18007,1.0
2M19521130+4811355,4482.728,1.626,1.915,0.007,-1.006,0.002,0.31900007,0.0041231057,-0.038999915,0.0057445625,0.11100006,0.008485282,0.5400001,0.0022360682,0.35000002,0.0041231057,0.40600002,0.0041231057,0.23800004,0.0028284274,-0.17499995,0.0028284274,1.150555605126623,0.1109457195071466,14.143458,10815204.0,349.9231,1.0
2M19532314+4810355,4497.365,2.707,2.434,0.009,-0.29,0.001,0.056999996,0.00244949,-0.003000021,0.00244949,0.129,0.003,0.24399999,0.0014142137,0.048999995,0.00244949,0.07699999,0.00244949,0.017999977,0.0014142137,0.070999995,0.0014142137,0.7330532256405662,0.09221873575862101,5.408206,10816301.0,207.27354,1.0
2M19042591+4813575,4868.243,4.688,3.069,0.008,-0.376,0.001,0.111,0.003,0.027999997,0.0037416576,0.13399999,0.0037416576,0.29999998,0.0014142137,0.06999999,0.003,0.18899998,0.003,-0.09,0.0014142137,0.099999994,0.0014142137,0.7973995407498484,0.039933532947007314,6.271906,10849499.0,259.4703,1.0
2M19512387+4812456,4467.622,1.497,2.249,0.005,-0.292,0.001,0.004999995,0.0017320508,-0.132,0.0017320508,0.226,0.00244949,0.181,0.0014142137,0.027999997,0.0017320508,0.030000001,0.0017320508,0.089,0.0014142137,-0.067,0.0014142137,0.5597047448460012,0.09083021749830994,3.628313,10877915.0,343.57697,1.0
2M19513742+4814538,4402.744,1.792,2.096,0.007,-0.441,0.001,0.050000012,0.00244949,0.007000029,0.00244949,0.22300002,0.003,0.26600003,0.0014142137,0.045000017,0.00244949,0.06300002,0.00244949,-0.05699998,0.0014142137,0.07100001,0.0014142137,0.7567691903653618,0.14013008444174546,5.71175,10878084.0,278.92886,1.0
2M19513982+4815012,4235.34,1.508,2.06,0.01,-0.27,0.001,0.263,0.0033166248,0.106000006,0.0033166248,0.44300002,0.0037416576,0.37600002,0.0014142137,0.14400001,0.0033166248,0.23000002,0.0033166248,-0.025999993,0.0014142137,0.272,0.0014142137,0.6862011313346396,0.10768629304588265,4.855133,10878121.0,154.58047,1.0
2M19311901+4822074,4865.228,2.61,3.02,0.004,-0.045,0.001,-0.059,0.0017320508,-0.129,0.00244949,0.237,0.00244949,0.135,0.0014142137,0.036000002,0.0017320508,-0.065,0.0017320508,0.052,0.0014142137,0.0050000027,0.0014142137,0.09169684728043331,0.07216317156642092,1.235085,10922167.0,371.73242,1.0
2M19354337+4823165,4675.234,3.26,3.084,0.005,-0.044,0.001,0.102,0.00244949,0.009999998,0.00244949,0.17,0.003,0.218,0.0014142137,0.092999995,0.00244949,0.058,0.00244949,-0.201,0.0014142137,0.195,0.0014142137,0.914893161902479,0.03580383906041075,8.220404,10924652.0,236.57127,1.0
2M19492331+4819133,4248.921,1.43,2.055,0.009,-0.397,0.001,0.24000001,0.0033166248,0.12600002,0.0033166248,0.17500001,0.0037416576,0.312,0.0014142137,0.110000014,0.0033166248,0.24200001,0.0033166248,-0.09799999,0.0014142137,0.002000004,0.0014142137,1.2583866172154647,0.038671350510499726,18.129533,10933775.0,189.63863,1.0
2M19533719+4827429,4600.884,2.151,2.609,0.005,-0.065,0.001,-0.022,0.0017320508,-0.13,0.0017320508,0.24,0.00244949,0.151,0.0014142137,0.011999998,0.0017320508,0.0059999973,0.0017320508,0.004999999,0.0014142137,-0.12100001,0.0014142137,-0.06179410090239986,0.02876952532352057,0.867373,10991673.0,320.51602,1.0
2M18521171+4833576,4696.94,7.27,2.622,0.017,,,,,,,,,,,,,,,,,,,1.0364179638393105,0.060506443463999735,10.874717,11014721.0,135.68576,1.0
2M19245639+4834487,4634.487,2.822,2.578,0.007,-0.385,0.001,0.127,0.003,-0.024000019,0.003,0.12399998,0.0037416576,0.27699998,0.0014142137,0.097,0.003,0.07499999,0.003,-0.22500002,0.0014142137,-0.12400001,0.0014142137,0.8641185554449661,0.061453514780590204,7.313387,11028372.0,284.41907,1.0
2M19265047+4835416,4520.73,0.721,2.841,0.001,-0.009,0.001,0.09199999,,0.041,,0.13700001,,0.228,0.0014142137,0.043,,0.036,,-0.234,0.0014142137,0.022,0.0014142137,0.8865337576754772,0.048446614632821135,7.700763,11029423.0,733.0709,1.0
2M19410468+4831071,4388.103,2.027,2.15,0.01,-0.645,0.002,0.32399997,0.0041231057,0.09200001,0.0041231057,0.116,0.0053851646,0.45599997,0.0022360682,0.19399998,0.0041231057,0.32,0.0041231057,-0.153,0.0028284274,-0.27500004,0.0028284274,1.0158157347595136,0.0900038880607657,10.370883,11037292.0,204.17455,1.0
2M19482326+4830592,4174.704,0.635,1.971,0.005,-0.424,0.001,0.302,0.0017320508,0.136,0.0017320508,0.120000005,0.00244949,0.375,0.0014142137,0.15900001,0.0017320508,0.268,0.0017320508,-0.113000005,0.0014142137,-0.22099999,0.0014142137,1.1205110526576059,0.12523034519191945,13.198089,11042388.0,327.55563,1.0
2M19502533+4832177,4790.36,2.093,3.376,0.003,0.058,0.001,0.020000003,0.0017320508,-0.009999998,0.0017320508,0.175,0.00244949,0.158,0.0014142137,0.047,0.0017320508,-0.02,0.0017320508,-0.105,0.0014142137,0.311,0.0014142137,0.8773441584146329,0.039987950094304385,7.539528,11043770.0,451.32645,1.0
2M19332072+4837442,4478.914,2.013,2.645,0.007,-0.335,0.001,0.298,0.00244949,0.14000002,0.003,0.13900001,0.0037416576,0.38700002,0.0014142137,0.179,0.00244949,0.263,0.00244949,-0.561,0.0022360682,-0.141,0.0014142137,1.003570556674124,0.046465405572769576,10.082554,11087103.0,211.85628,1.0
2M19335280+4836440,4676.799,1.298,3.116,0.002,0.21,0.001,0.02000001,0.0017320508,-0.0119999945,0.0017320508,0.408,0.0017320508,0.203,0.0014142137,0.02700001,0.0017320508,-0.01699999,0.0017320508,-0.27199998,0.0014142137,0.18300001,0.0014142137,0.7509470189812268,0.05191037897639742,5.635689,11087371.0,558.9543,1.0
2M19503578+4837154,4798.768,8.536,2.957,0.014,-0.135,0.002,0.004000008,0.0057445625,-0.003999993,0.0061644143,0.126,0.0067082043,0.19,0.0028284274,0.053000003,0.0057445625,0.028000005,0.0057445625,-0.09099999,0.0028284274,-0.121999994,0.0028284274,0.5524138908284288,0.04712195732193894,3.56791,11097749.0,121.53734,1.0
2M19503616+4837040,4654.883,3.206,3.151,0.005,0.199,0.001,-0.010000005,0.00244949,0.010000005,0.00244949,0.32999998,0.00244949,0.15,0.0014142137,0.003000006,0.00244949,-0.024000004,0.00244949,-0.23,0.0014142137,0.020999998,0.0014142137,0.788968108393175,0.040800149836906635,6.151317,11097752.0,222.83615,1.0
2M19240131+4847212,4590.184,2.023,2.411,0.006,-0.511,0.001,0.11599997,0.00244949,0.004999995,0.00244949,0.119999975,0.0033166248,0.297,0.0014142137,0.068999976,0.00244949,0.16999999,0.00244949,-0.16000003,0.0014142137,-0.089000046,0.0014142137,0.9479274878262343,0.06437846701292901,8.870079,11135910.0,361.00192,1.0
2M19252675+4847519,4630.871,2.771,2.988,0.004,0.069,0.001,0.036,0.00244949,0.023000002,0.00244949,0.239,0.003,0.15,0.0014142137,0.0029999986,0.00244949,0.015000001,0.00244949,-0.39200002,0.0014142137,0.124000005,0.0014142137,0.7680196608154475,0.04579000529684871,5.861647,11136578.0,254.95392,1.0
2M19292894+4844341,4596.937,1.863,2.203,0.005,-0.428,0.001,0.034999996,0.0017320508,-0.07399997,0.00244949,0.28,0.00244949,0.282,0.0014142137,0.052000016,0.0017320508,0.08500001,0.0017320508,-0.044999987,0.0014142137,0.19,0.0014142137,0.16277134901000795,0.13616900735462645,1.454693,11138542.0,393.0396,1.0
2M19405909+4846515,4741.896,1.934,3.269,0.002,0.192,0.001,0.025999993,0.0017320508,0.026999995,0.0017320508,0.305,0.0017320508,0.144,0.0014142137,0.022,0.0017320508,0.016000003,0.0017320508,-0.435,0.0014142137,0.304,0.0014142137,0.8639431011632542,0.046789102200796254,7.310433,11144824.0,400.62445,1.0
2M19433937+4847181,4514.979,2.001,2.534,0.005,-0.052,0.001,-0.027999997,0.00244949,-0.085999995,0.00244949,0.28399998,0.003,0.124,0.0014142137,0.036,0.00244949,0.001000002,0.00244949,0.169,0.0014142137,0.053,0.0014142137,0.45852091365694964,0.10755279138313256,2.874226,11146647.0,263.16995,1.0
2M19435374+4842309,4918.62,6.293,3.227,0.008,0.005,0.001,0.038000003,0.0037416576,-0.128,0.0037416576,0.291,0.004358899,0.215,0.0014142137,0.054,0.0037416576,0.072,0.0037416576,-0.379,0.0014142137,-0.094000004,0.0014142137,0.46519094608207157,0.11186448318879687,2.91871,11146813.0,179.09102,1.0
2M19510995+4844229,4233.026,2.067,1.954,0.014,-0.424,0.002,0.228,0.00489898,0.062000006,0.00489898,0.136,0.0053851646,0.33499998,0.0028284274,0.06099999,0.0045825755,0.19399999,0.00489898,-0.15800002,0.0028284274,0.182,0.0028284274,1.1536836723593025,0.12594250845841384,14.245696,11151844.0,122.53433,1.0
2M19102221+4853112,4613.763,5.84,2.511,0.015,-0.374,0.002,0.11400002,0.00489898,0.0150000155,0.0053851646,0.118,0.006,0.34300002,0.0028284274,0.079000026,0.00489898,0.20800002,0.0053851646,-0.047999978,0.0028284274,-0.14499998,0.0028284274,0.8354101232680845,0.05456619122292798,6.845578,11182706.0,128.58461,1.0
2M19230377+4853516,4281.115,1.289,2.255,0.007,-0.219,0.001,0.26,0.00244949,0.109,0.00244949,0.20899999,0.003,0.308,0.0014142137,0.13999999,0.00244949,0.189,0.00244949,-0.13900001,0.0014142137,-0.08,0.0014142137,1.046909321970186,0.10341719606836752,11.140619,11188479.0,221.7819,1.0
2M19272463+4853235,4237.613,0.836,2.123,0.005,-0.199,0.001,0.093,0.0017320508,0.040999994,0.0017320508,0.163,0.00244949,0.228,0.0014142137,0.048999995,0.0017320508,0.097,0.0017320508,-0.044,0.0014142137,-0.019999996,0.0014142137,1.1580782076191796,0.1227252358920798,14.390577,11190431.0,306.89453,1.0
2M19280730+4848144,4753.502,3.497,3.295,0.005,0.061,0.001,0.043,0.00244949,-0.018,0.00244949,0.14899999,0.003,0.184,0.0014142137,0.05,0.00244949,0.021999996,0.00244949,-0.237,0.0014142137,0.070999995,0.0014142137,0.963933008492313,0.03658175245721308,9.203076,11190768.0,257.96136,1.0
2M19293125+4848253,4410.964,1.148,2.443,0.004,-0.046,0.001,0.038,0.0017320508,-0.006000001,0.0017320508,0.183,0.0017320508,0.163,0.0014142137,-0.010000002,0.0017320508,0.033,0.0017320508,-0.27899998,0.0014142137,-0.0029999986,0.0014142137,0.8371429317172729,0.07434983429393108,6.872946,11191444.0,372.95752,1.0
2M19305271+4851071,4161.512,0.25,2.076,0.001,0.018,0.001,-0.009999999,,-0.014999999,,0.257,,0.098,0.0014142137,-0.009999999,,0.008000001,,0.11000001,0.0014142137,0.125,0.0014142137,1.2156448324541145,0.06713892640845225,16.430275,11192141.0,905.7882,1.0
2M19431669+4852248,4471.8,2.974,2.853,0.007,0.167,0.001,0.042999998,0.0033166248,0.09,0.0033166248,0.262,0.0037416576,0.164,0.0014142137,0.04900001,0.0033166248,0.04100001,0.0033166248,-0.132,0.0014142137,0.066,0.0014142137,0.9489975003811647,0.06321992453830667,8.89196,11199046.0,137.56273,1.0
2M19432717+4853215,4209.864,1.831,1.959,0.013,-0.476,0.002,0.27600002,0.0041231057,0.136,0.0041231057,0.11200002,0.0053851646,0.397,0.0028284274,0.13800001,0.0037416574,0.269,0.0041231057,-0.357,0.0028284274,-0.0069999993,0.0028284274,1.1175966294135864,0.14879481170269782,13.109817,11199150.0,127.777985,1.0
2M19452223+4853501,4722.444,5.867,3.086,0.01,-0.281,0.002,0.18899998,0.0041231057,0.094999984,0.0046904157,0.114999995,0.0053851646,0.348,0.0028284274,0.16099998,0.0041231057,0.211,0.0041231057,-0.14900002,0.0028284274,0.16499999,0.0028284274,0.9596986837785214,0.05971674630923525,9.113783,11200383.0,147.1103,1.0
2M19223498+4859542,4397.167,0.558,2.452,0.002,0.048,0.001,-0.008000001,0.0017320508,0.042000003,0.0017320508,0.21199998,0.0017320508,0.17899999,0.0014142137,-0.0069999993,0.0017320508,0.015000001,0.0017320508,-0.161,0.0014142137,-0.046,0.0014142137,0.31292255190533297,0.080004539670143,2.055524,11241927.0,710.5257,1.0
2M19241817+4858463,4457.432,1.38,2.697,0.004,0.117,0.001,0.020999998,0.0017320508,0.046000004,0.0017320508,0.247,0.0017320508,0.16200002,0.0014142137,-0.008999996,0.0017320508,0.016000003,0.0017320508,-0.264,0.0014142137,0.135,0.0014142137,0.8734960283275272,0.08684195004505706,7.473018,11242689.0,299.0966,1.0
2M19285041+4855086,3989.03,0.727,2.001,0.003,0.211,0.001,0.03400001,,0.069000006,,0.197,0.0017320508,0.139,0.0014142137,-0.013999999,,0.05700001,,-0.198,0.0014142137,0.020999998,0.0014142137,1.0951032778315937,0.1487590546697103,12.448106,11244839.0,276.00098,1.0
2M19401632+4857305,4758.932,7.457,2.943,0.012,-0.148,0.002,0.044,0.00489898,-0.039000005,0.00489898,0.197,0.0053851646,0.205,0.0028284274,0.067,0.00489898,0.024999999,0.00489898,0.022,0.0028284274,0.197,0.0028284274,0.49223808383152123,0.0547559862789638,3.106262,11251077.0,127.319885,1.0
2M19422053+4857471,4835.203,7.163,3.108,0.01,-0.177,0.002,0.016000003,0.0041231057,-0.129,0.0046904157,0.226,0.0053851646,0.193,0.0028284274,0.040000007,0.0041231057,-0.08,0.0041231057,-0.912,0.0028284274,0.24599999,0.0028284274,0.6961203025645437,0.046369795450092614,4.967299,11252303.0,156.66774,1.0
2M19091049+4903508,4436.146,1.163,2.238,0.004,-0.221,0.001,-0.024000004,0.0017320508,-0.12300001,0.0017320508,0.198,0.00244949,0.168,0.0014142137,0.040999994,0.0017320508,-0.015000001,0.0017320508,0.033000007,0.0014142137,0.206,0.0014142137,0.43609232700333883,0.10591214160412872,2.729558,11288888.0,395.9486,1.0
2M19212264+4901500,4319.308,0.955,2.31,0.004,-0.062,0.001,0.038999997,0.0017320508,0.009,0.0017320508,0.236,0.0017320508,0.131,0.0014142137,-0.0029999986,0.0017320508,0.024999999,0.0017320508,-0.091,0.0014142137,-0.077,0.0014142137,0.7703085091586482,0.10553161316413684,5.892621,11294218.0,360.84024,1.0
2M19231544+4904265,4384.799,1.536,2.161,0.006,-0.343,0.001,0.09200001,0.00244949,0.002000004,0.00244949,0.19399999,0.003,0.259,0.0014142137,0.058,0.00244949,0.08699998,0.00244949,-0.08700001,0.0014142137,-0.39999998,0.0014142137,0.611742951690013,0.10721056554362465,4.090185,11295008.0,291.727,1.0
2M19245594+4901599,4793.902,7.14,2.942,0.012,-0.16,0.002,0.023999989,0.00489898,-0.04100001,0.00489898,0.206,0.0053851646,0.215,0.0028284274,0.047,0.00489898,0.058999993,0.00489898,-0.139,0.0028284274,0.0059999973,0.0028284274,0.4307498492828868,0.06117983332225834,2.696186,11295820.0,139.93138,1.0
2M19253292+4905016,4374.156,1.828,2.191,0.009,-0.598,0.002,0.304,0.0034641016,0.08899999,0.0034641016,0.075999975,0.00489898,0.39599997,0.0022360682,0.19299999,0.0034641016,0.296,0.0034641016,-0.15900004,0.0028284274,-0.241,0.0028284274,0.8690862654128524,0.08974434679506091,7.397522,11296084.0,221.02637,1.0
2M19311885+4902125,4438.562,1.232,2.049,0.006,-0.661,0.001,0.279,0.00244949,0.023000002,0.00244949,0.18600002,0.0033166248,0.42200002,0.0014142137,0.21000001,0.00244949,0.31800002,0.00244949,-0.12199998,0.0014142137,-0.089999974,0.0014142137,0.7135600918441556,0.12797415241883411,5.170828,11298877.0,369.70847,1.0
2M19433146+4900056,4476.414,3.09,2.285,0.01,-0.237,0.001,0.020999998,0.0033166248,-0.08600001,0.0033166248,0.234,0.0037416576,0.23,0.0014142137,0.100999996,0.0033166248,0.052,0.0033166248,0.089,0.0014142137,0.017000005,0.0014142137,0.38218207915721525,0.12256664028830107,2.410916,11305776.0,167.55417,1.0
2M19230716+4916346,4653.246,3.695,2.803,0.007,-0.075,0.001,0.0069999993,0.00244949,-0.112,0.00244949,0.25,0.003,0.195,0.0014142137,0.063,0.00244949,0.012000002,0.00244949,-0.029999994,0.0014142137,-0.05399999,0.0014142137,0.5454091822342257,0.05735811862186882,3.510825,11400880.0,216.59229,1.0
2M19230736+4915305,4682.057,6.434,2.631,0.016,-0.699,0.002,0.291,0.006,0.055000007,0.008306623,-0.03399998,0.010049876,0.404,0.0028284274,0.23699999,0.006,0.361,0.006,-0.37899995,0.0036055513,0.282,0.0028284274,1.0265178617083273,0.05958024796022225,10.629623,11400886.0,145.23848,1.0
2M19370791+4912467,4698.052,5.911,3.258,0.009,0.268,0.002,0.0119999945,0.0037416574,0.04699999,0.0037416574,0.38,0.0041231057,0.213,0.0028284274,0.020999998,0.0037416574,0.016000003,0.0037416574,-0.43300003,0.0028284274,0.28899997,0.0028284274,0.7050437635957517,0.06119128769121343,5.070418,11407805.0,115.95423,1.0
2M19510240+4916445,4769.723,5.648,3.206,0.008,-0.071,0.002,0.047000002,0.0041231057,-0.029,0.0041231057,0.097,0.0046904157,0.22999999,0.0022360682,0.082,0.0041231057,0.059,0.0041231057,-0.366,0.0028284274,-0.036,0.0028284274,1.0205602748760703,0.048782355622395614,10.484803,11416424.0,166.19835,1.0
2M19240608+4922533,4517.041,1.005,2.813,0.002,-0.224,0.001,0.2,0.0017320508,0.13800001,0.0017320508,0.135,0.00244949,0.311,0.0014142137,0.14400001,0.0017320508,0.14000002,0.0017320508,-0.102,0.0014142137,0.088,0.0014142137,0.7919025526671939,0.040219719204519874,6.193021,11453721.0,527.7944,1.0
2M19243126+4921161,4423.946,1.17,2.256,0.004,-0.254,0.001,0.029000014,0.0017320508,-0.069000006,0.0017320508,0.18100001,0.00244949,0.2,0.0014142137,0.037000015,0.0017320508,0.016000003,0.0017320508,0.009000003,0.0014142137,0.12100001,0.0014142137,0.9709577600470334,0.12174276796735707,9.353147,11453905.0,409.0411,1.0
2M19300850+4921276,4801.352,4.091,3.056,0.006,0.023,0.001,-0.019,0.00244949,-0.083,0.00244949,0.258,0.003,0.154,0.0014142137,0.025,0.00244949,-0.027,0.00244949,-0.111,0.0014142137,0.24599999,0.0014142137,0.4113198045813748,0.055919508450376965,2.578219,11456449.0,237.18526,1.0
2M18571511+4928568,4099.041,0.846,2.178,0.004,0.181,0.001,0.017000005,,0.067,,0.16300002,0.0017320508,0.092999995,0.0014142137,-0.0119999945,,0.018000007,,-0.152,0.0014142137,0.227,0.0014142137,0.8499489055843217,0.11186856498509178,7.078625,11494511.0,257.66257,1.0
2M19312057+4925409,4542.515,2.677,2.639,0.008,-0.327,0.001,0.22399999,0.00244949,0.08299999,0.003,0.08199999,0.0037416576,0.354,0.0014142137,0.18499999,0.00244949,0.19399999,0.00244949,-0.155,0.0014142137,-0.050000012,0.0014142137,1.0363302152227862,0.05985327889651642,10.87252,11509207.0,207.58366,1.0
2M19065989+4932243,4647.525,1.031,2.969,0.002,-0.04,0.001,0.025999999,0.0017320508,-0.037,0.0017320508,0.206,0.00244949,0.183,0.0014142137,0.038,0.0017320508,-0.011,0.0017320508,-0.84,0.0014142137,0.363,0.0014142137,0.8700351837916389,0.04043681438899081,7.413703,11550492.0,735.6119,1.0
2M19274021+4934059,4598.69,2.42,2.887,0.004,0.08,0.001,-0.004999995,0.00244949,0.002000004,0.00244949,0.29000002,0.00244949,0.17,0.0014142137,0.002000004,0.00244949,-0.02,0.00244949,-0.264,0.0014142137,0.135,0.0014142137,0.5981130481092021,0.05026769749178833,3.963812,11559187.0,258.72842,1.0
2M19311997+4934050,4863.781,4.95,3.175,0.007,-0.012,0.001,0.01,0.00244949,-0.111999996,0.003,0.284,0.003,0.11,0.0014142137,0.053000003,0.00244949,-0.023,0.00244949,-0.241,0.0014142137,0.117,0.0014142137,0.4753093676591399,0.04766814814558391,2.98751,11560939.0,223.79088,1.0
2M18564349+4938109,4392.082,1.846,2.296,0.007,-0.283,0.001,0.048999995,0.00244949,0.0069999993,0.00244949,0.14299999,0.003,0.185,0.0014142137,0.002000004,0.00244949,0.066,0.00244949,-0.17700002,0.0014142137,-0.009000003,0.0014142137,1.126761440388434,0.11445252076014219,13.38941,11598116.0,241.50092,1.0
2M19023758+4937426,4890.449,8.335,2.955,0.014,-0.466,0.002,0.06999999,0.0053851646,-0.05700001,0.006,0.176,0.0067082043,0.258,0.0028284274,0.061999977,0.0053851646,0.155,0.0053851646,-0.30600002,0.0028284274,-0.03400001,0.0028284274,0.7624120546828432,0.04235064094553859,5.786448,11600255.0,161.89746,1.0
2M19175105+4941098,4573.629,3.208,2.777,0.007,-0.19,0.001,0.161,0.0033166248,0.073,0.0033166248,0.122999996,0.0037416576,0.312,0.0014142137,0.088999994,0.0033166248,0.145,0.0033166248,-0.187,0.0014142137,0.106,0.0014142137,0.935617437699895,0.048015119675768186,8.622187,11606423.0,190.40947,1.0
2M19193319+4940281,4482.521,2.168,2.764,0.005,0.173,0.001,0.0140000135,0.00244949,0.03500001,0.00244949,0.25599998,0.00244949,0.118000016,0.0014142137,0.021000013,0.00244949,0.010000005,0.00244949,-0.36699998,0.0014142137,0.088000014,0.0014142137,0.9345359706461022,0.04467491736142354,8.600743,11607216.0,200.26187,1.0
2M19312519+4936579,4114.778,1.613,1.689,0.015,-0.536,0.002,0.286,0.00489898,0.11600003,0.00489898,0.09400001,0.006,0.321,0.0028284274,0.22100002,0.00489898,0.29000002,0.00489898,-0.28899997,0.0028284274,0.037,0.0028284274,1.1470689693479579,0.1287505704137307,14.030365,11612601.0,118.09731,1.0
2M19021933+4946411,4823.902,7.268,3.35,0.01,0.063,0.002,0.016999997,0.00489898,-0.028,0.00489898,0.28100002,0.0053851646,0.199,0.0028284274,0.026,0.00489898,0.0059999973,0.00489898,-0.041,0.0028284274,0.287,0.0028284274,0.8630619075863637,0.057808324593140545,7.295615,11651490.0,136.49857,1.0
2M19065007+4942402,4276.842,0.523,2.016,0.003,-0.35,0.001,0.09399998,0.0017320508,0.01999998,0.0017320508,0.16299999,0.00244949,0.217,0.0014142137,0.048999995,0.0017320508,0.08699998,0.0017320508,-0.12400001,0.0014142137,-0.102,0.0014142137,1.0627269880543435,0.14396158807402717,11.553857,11653236.0,583.9824,1.0
2M19145218+4942436,4341.085,1.934,2.155,0.008,-0.316,0.001,0.06100002,0.00244949,0.031000018,0.00244949,0.194,0.003,0.21100003,0.0014142137,0.043000013,0.00244949,0.06900002,0.00244949,-0.06699997,0.0014142137,-0.048999995,0.0014142137,1.0860080877309146,0.12722118766375434,12.190123,11656337.0,205.73944,1.0
2M19163650+4942471,4838.7,1.742,2.994,0.003,-0.297,0.001,0.07599999,0.00244949,0.072,0.00244949,0.15499999,0.00244949,0.22999999,0.0014142137,0.039000005,0.00244949,0.06099999,0.00244949,0.273,0.0014142137,0.09799999,0.0014142137,0.6594724609038289,0.04221871588240212,4.565333,11657118.0,622.12976,1.0
2M19170208+4942536,4771.527,6.746,3.196,0.009,0.085,0.002,0.016999997,0.0045825755,-0.009999998,0.00489898,0.26799998,0.00489898,0.222,0.0028284274,0.043999992,0.00489898,0.036,0.0045825755,-0.541,0.0028284274,0.102000006,0.0028284274,0.8027668175610286,0.03946866055271204,6.349899,11657306.0,131.74081,1.0
2M19191603+4943201,4449.652,2.006,2.566,0.006,-0.031,0.001,-0.0030000024,0.00244949,-0.038,0.00244949,0.212,0.003,0.155,0.0014142137,-0.001000002,0.00244949,-0.010000002,0.00244949,-0.117,0.0014142137,-0.097,0.0014142137,0.5695925236106938,0.080063256454847,3.711868,11658270.0,219.53758,1.0
2M19031815+4950070,4521.739,2.809,2.631,0.006,0.084,0.001,-0.0019999966,0.00244949,-0.031,0.00244949,0.294,0.00244949,0.16600001,0.0014142137,-0.015999995,0.00244949,-0.035,0.00244949,-0.169,0.0014142137,0.030000001,0.0014142137,0.34113130296490124,0.14492985567198627,2.193468,11702480.0,193.17928,1.0
2M19391236+4948558,4658.242,1.197,2.52,0.002,-0.068,0.001,-0.051,0.0017320508,-0.162,0.0017320508,0.323,0.00244949,0.11,0.0014142137,0.019000005,0.0017320508,-0.044,0.0017320508,0.151,0.0014142137,-0.047,0.0014142137,-0.008613530865644993,0.09886385652984563,0.980362,11718785.0,664.5311,1.0
2M19004872+4956146,4850.329,10.644,2.683,0.021,-0.744,0.003,0.17199999,0.00781025,-0.035999954,0.010440307,0.22000003,0.012041595,0.32700002,0.0036055513,0.21400005,0.00781025,0.195,0.00781025,-0.09799999,0.004242641,0.008000016,0.004242641,0.6291160963052975,0.049247399248351274,4.257122,11752358.0,136.18684,1.0
2M19023763+4954310,4209.551,0.636,2.229,0.003,0.079,0.001,0.018,0.0017320508,0.041999996,0.0017320508,0.21599999,0.0017320508,0.10299999,0.0014142137,-0.022000004,,0.027999997,0.0017320508,-0.153,0.0014142137,0.14699998,0.0014142137,1.066184057514663,0.12285454157942262,11.646195,11753010.0,401.66415,1.0
2M19023911+4958135,4587.8,1.748,2.863,0.003,0.157,0.001,-0.015000001,0.0017320508,-0.057000004,0.0017320508,0.343,0.0017320508,0.13299999,0.0014142137,0.024999991,0.0017320508,-0.038000003,0.0017320508,-0.337,0.0014142137,0.394,0.0014142137,0.5137053079260532,0.071426396953101,3.263663,11753018.0,344.21082,1.0
2M19153026+4954554,4542.443,3.026,2.55,0.008,-0.309,0.001,0.058,0.00244949,-0.008000016,0.00244949,0.17099999,0.003,0.26799998,0.0014142137,0.044999987,0.00244949,0.10599999,0.00244949,0.047999978,0.0014142137,0.013999999,0.0014142137,0.7590951804627436,0.12474443405236907,5.742423,11757910.0,196.74208,1.0
2M19222894+4957271,4248.677,0.485,2.175,0.002,0.04,0.001,-0.021,,0.016000003,0.0017320508,0.261,0.0017320508,0.095000006,0.0014142137,-0.013999999,,0.014000002,0.0017320508,-0.015999999,0.0014142137,0.109000005,0.0014142137,1.1614427543548964,0.11367848737190332,14.502496,11760969.0,566.8883,1.0
2M19391990+4957013,4529.839,1.107,2.718,0.003,0.036,0.001,-0.0009999983,0.0017320508,-0.014999999,0.0017320508,0.28399998,0.0017320508,0.154,0.0014142137,0.018000003,0.0017320508,-0.004999999,0.0017320508,-0.15900001,0.0014142137,0.29299998,0.0014142137,0.6664962652878995,0.0639203927958022,4.639768,11769182.0,468.5914,1.0
2M19001044+5003517,4363.463,2.517,2.141,0.01,-0.366,0.001,0.09799999,0.0033166248,0.05399999,0.0033166248,0.2,0.0037416576,0.207,0.0014142137,0.048999995,0.0033166248,0.111,0.0033166248,0.131,0.0014142137,-0.343,0.0014142137,1.1148872503974046,0.11939933535542416,13.028285,11802617.0,172.4474,1.0
2M19070228+5003188,4763.153,6.166,2.851,0.011,-0.193,0.002,0.071,0.0041231057,-0.009000003,0.0041231057,0.17400001,0.0046904157,0.21800001,0.0028284274,0.09,0.0041231057,0.02000001,0.0041231057,0.015000001,0.0028284274,0.442,0.0028284274,0.4178238022797363,0.05522428786645407,2.617121,11805217.0,157.19626,1.0
2M19133773+5004137,4200.422,0.715,2.396,0.003,0.186,0.001,0.008999988,,0.089,,0.32,0.0017320508,0.145,0.0014142137,0.0,,0.051,,-0.141,0.0014142137,0.17599998,0.0014142137,0.8087844976721437,0.13892293367643702,6.438497,11807840.0,329.5258,1.0
2M19141503+5004136,4974.414,10.738,3.138,0.016,-0.271,0.002,0.098000005,0.0061644143,-0.018999994,0.0067082043,0.27,0.0067082043,0.239,0.0028284274,0.122999996,0.0061644143,0.126,0.0061644143,-0.42999998,0.0028284274,0.24599999,0.0028284274,0.3109226102555751,0.04135400077670987,2.04608,11808139.0,104.59813,1.0
2M19381224+5005191,4716.785,1.315,2.621,0.003,-0.451,0.001,0.074,0.00244949,-0.021999985,0.00244949,0.18,0.0033166248,0.29000002,0.0014142137,0.08900002,0.00244949,0.09200001,0.00244949,-0.16800001,0.0014142137,0.174,0.0014142137,0.6298980585225528,0.06369824294447093,4.264794,11819363.0,748.73486,1.0
2M19045624+5010463,4213.313,0.643,1.975,0.004,-0.216,0.001,0.04100001,0.0017320508,-0.00999999,0.0017320508,0.19700001,0.00244949,0.15900001,0.0014142137,0.011000007,0.0017320508,0.05600001,0.0017320508,0.047000006,0.0014142137,-0.06300001,0.0014142137,0.7364149095976129,0.14942818207068018,5.450231,11854835.0,409.75873,1.0
2M19371201+5024555,4767.952,4.774,1.729,0.011,-1.87,0.004,0.26400006,0.007549835,0.009000063,0.04039802,-0.078999996,0.0901776,-0.16900003,0.0056568547,-0.78499997,0.00979796,0.426,0.007549835,0.10699999,0.0056568547,-0.63,0.006403124,0.782979936298166,0.0889266810589366,6.067083,12017985.0,481.99387,1.0
2M19445126+5029013,3969.263,1.596,1.975,0.007,0.246,0.001,0.01199998,0.0033166248,0.082,0.0033166248,0.25599998,0.0037416576,0.152,0.0014142137,-0.009000003,,0.031000003,0.0033166248,-0.179,0.0014142137,-0.045,0.0014142137,1.1533431930735116,0.12749428849379468,14.234532,12022099.0,124.859726,1.0
2M19355802+5038093,4757.383,2.056,2.847,0.004,-0.669,0.002,0.32100004,0.0037416574,0.074,0.006403124,-0.04399997,0.008306623,0.50900006,0.0022360682,0.27400002,0.0037416574,0.39500004,0.0037416574,-0.325,0.0028284274,-0.13199997,0.0028284274,1.0095911052367719,0.03740188275227966,10.2233,12115227.0,496.3823,1.0
2M19391701+5039012,4448.43,4.127,2.23,0.015,-0.503,0.002,0.029000014,0.00489898,0.011000007,0.00489898,0.17400002,0.0053851646,0.21500003,0.0028284274,0.05100003,0.00489898,0.09100002,0.00489898,-0.13799995,0.0028284274,0.11900002,0.0028284274,0.7134266122569969,0.110745265536499,5.169239,12116993.0,134.47112,1.0
2M19404944+5036451,4806.059,2.447,3.196,0.003,0.035,0.001,-0.0020000003,0.0017320508,-0.060000002,0.0017320508,0.238,0.00244949,0.136,0.0014142137,0.042,0.0017320508,0.006000001,0.0017320508,-0.133,0.0014142137,0.19600001,0.0014142137,0.6077985697217809,0.05764804254924895,4.053205,12117790.0,413.53308,1.0
2M19445603+5037319,4562.877,3.598,2.035,0.011,-0.45,0.001,0.097,0.0033166248,0.01699999,0.0033166248,0.21599999,0.0037416576,0.29999998,0.0014142137,0.054999977,0.0033166248,0.102999985,0.0033166248,0.369,0.0014142137,-0.859,0.0022360682,0.8981189946963359,0.12781232416042926,7.908953,12120144.0,183.12689,1.0
2M19461603+5040551,5014.077,8.784,3.13,0.012,-0.449,0.002,0.07699999,0.0053851646,-0.034999996,0.006,0.23200001,0.0067082043,0.23200001,0.0028284274,0.08700001,0.0053851646,0.055000007,0.0053851646,-0.112999976,0.0028284274,0.074,0.0028284274,0.6411218718763686,0.056139256811399876,4.376449,12120937.0,201.19322,1.0
2M19431896+5044258,4309.761,1.627,2.327,0.005,0.037,0.001,-0.022,0.00244949,-0.035,0.00244949,0.293,0.00244949,0.10699999,0.0014142137,-0.006000001,0.00244949,-0.015000001,0.00244949,-0.185,0.0014142137,0.069,0.0014142137,0.7563772037464274,0.11898020560365603,5.706597,12167910.0,208.90875,1.0
2M19463770+5043313,4554.604,3.483,2.641,0.009,-0.174,0.001,0.167,0.0033166248,0.058999993,0.0033166248,0.35799998,0.0037416576,0.314,0.0014142137,0.096999995,0.0033166248,0.19,0.0033166248,-0.227,0.0014142137,0.13999999,0.0014142137,0.25146300750262546,0.06709563506524167,1.78428,12169924.0,160.74597,1.0
2M19220307+5052296,4953.972,4.652,3.243,0.005,0.023,0.001,0.0090000015,0.00244949,-0.120000005,0.003,0.318,0.003,0.174,0.0014142137,0.048999995,0.00244949,-0.034,0.00244949,-0.064,0.0014142137,0.354,0.0014142137,0.15272333846835426,0.0715773798376647,1.421423,12207049.0,263.54742,1.0
2M19161173+5056596,4874.854,2.477,2.882,0.004,-0.252,0.001,0.012000009,0.00244949,-0.02000001,0.00244949,0.23,0.00244949,0.186,0.0014142137,0.081,0.00244949,0.060000002,0.00244949,0.020999998,0.0014142137,0.036,0.0014142137,-0.04734895565607093,0.049875372748315924,0.896708,12254159.0,464.5792,1.0
2M19215132+5055238,4306.997,0.445,2.283,0.002,0.016,0.001,-0.036,0.0017320508,-0.071,0.0017320508,0.295,0.0017320508,0.142,0.0014142137,0.016999999,0.0017320508,-0.026,0.0017320508,0.0069999993,0.0014142137,0.085999995,0.0014142137,0.4615115824333323,0.12990499442169876,2.894087,12256693.0,736.2955,1.0
2M19421148+5056540,4580.692,3.281,2.672,0.008,-0.151,0.001,0.032999992,0.00244949,-0.029000014,0.00244949,0.20699999,0.003,0.199,0.0014142137,0.063999996,0.00244949,0.048999995,0.00244949,-0.14000002,0.0014142137,-0.19600001,0.0014142137,0.8023242886996169,0.048471747782413054,6.343432,12266056.0,199.5527,1.0
2M19455333+5057440,4432.324,0.673,2.535,0.002,0.06,0.001,-0.011999998,0.0017320508,-0.037,0.0017320508,0.248,0.0017320508,0.15799999,0.0014142137,0.0020000003,0.0017320508,-0.020999998,0.0017320508,-0.085999995,0.0014142137,0.032,0.0014142137,0.7333879595909565,0.07759605948358278,5.412376,12268191.0,640.8293,1.0
2M19414879+5102085,4401.261,1.373,2.579,0.004,-0.221,0.001,0.125,0.0017320508,0.066,0.0017320508,0.236,0.00244949,0.221,0.0014142137,0.091000006,0.0017320508,0.104,0.0017320508,0.020999998,0.0014142137,-0.09300001,0.0014142137,0.7020988294114104,0.11307709073017254,5.036152,12314910.0,308.3527,1.0
2M19153235+5106057,4263.984,0.89,2.164,0.005,-0.351,0.001,0.25300002,0.0017320508,0.13200001,0.0017320508,0.14600001,0.00244949,0.39000002,0.0014142137,0.13400002,0.0017320508,0.23300001,0.0017320508,-0.24900001,0.0014142137,-0.042999983,0.0014142137,1.1893072088918906,0.07462828663210817,15.463479,12352536.0,300.59164,1.0
2M19171977+5115226,4491.388,2.864,2.204,0.01,-0.573,0.001,0.09400001,0.0037416576,-0.0069999695,0.0037416576,0.185,0.004358899,0.261,0.0014142137,0.062000036,0.0037416576,0.13000003,0.0037416576,-0.448,0.0022360682,0.17500001,0.0014142137,0.9190826445955804,0.14378777088673636,8.300087,12403961.0,208.53908,1.0
2M19123100+5119562,4670.775,2.165,2.645,0.005,-0.312,0.001,0.032000005,0.0017320508,-0.044999987,0.00244949,0.18300001,0.00244949,0.215,0.0014142137,0.07100001,0.0017320508,0.044,0.0017320508,0.07200001,0.0014142137,0.013999999,0.0014142137,0.5130243893050711,0.07920558150698832,3.25855,12454554.0,396.7298,1.0
2M19164093+5126136,4492.821,1.762,2.235,0.006,-0.429,0.001,0.065999985,0.00244949,-0.06300002,0.00244949,0.255,0.003,0.263,0.0014142137,0.06299999,0.00244949,0.081,0.00244949,-0.07500002,0.0014142137,0.17499998,0.0014142137,0.6936206480552021,0.08711846404643779,4.938791,12506577.0,319.59088,1.0
2M19133250+5140282,4480.578,3.437,2.762,0.008,0.085,0.002,0.023999996,0.0037416574,0.0029999986,0.0037416574,0.14199999,0.0041231057,0.16,0.0028284274,0.034999996,0.0037416574,0.020999998,0.0037416574,-0.183,0.0028284274,0.09599999,0.0028284274,1.0208921400043263,0.07093820320516399,10.492818,12598909.0,133.46269,1.0
2M19164984+5137430,4212.396,0.985,2.0,0.006,-0.246,0.001,0.062000006,0.00244949,0.00500001,0.00244949,0.169,0.003,0.21100001,0.0014142137,0.046000004,0.00244949,0.075,0.00244949,-0.14,0.0014142137,0.132,0.0014142137,1.1736764820807049,0.10885352630760357,14.916828,12600259.0,258.6508,1.0
2M19215683+5136493,4364.65,2.11,2.007,0.011,-0.655,0.002,0.26199996,0.0041231057,0.041999996,0.0041231057,0.102,0.0046904157,0.39,0.0022360682,0.15099996,0.0041231057,0.23999998,0.0041231057,-0.06400001,0.0028284274,-0.148,0.0028284274,0.9544315311630361,0.11158920669156827,9.003918,12602404.0,202.82347,1.0
2M19145446+5152345,4108.682,1.294,2.218,0.006,0.195,0.001,0.054000005,0.00244949,0.073000014,0.00244949,0.206,0.003,0.15600002,0.0014142137,-0.014999986,,0.051000014,0.00244949,-0.13299999,0.0014142137,0.096000016,0.0014142137,1.2218933146294975,0.06898213690590822,16.668377,12688798.0,164.33673,1.0
2M06433707-6814498,4171.398,0.191,2.232,0.001,0.141,0.001,-0.001000002,,0.033999994,,0.155,,0.13100001,0.0014142137,-0.032000005,,0.017000005,,-0.139,0.0014142137,-0.056,0.0014142137,1.1239957832198062,0.14349315845044258,13.304415,,1144.5809,1.0
2M06323194-6127306,4566.576,1.257,2.652,0.003,-0.126,0.001,-0.010000005,0.0017320508,-0.026999995,0.0017320508,0.188,0.00244949,0.193,0.0014142137,0.0040000007,0.0017320508,0.026,0.0017320508,0.029,0.0014142137,-0.027999997,0.0014142137,0.9149169881570727,0.13246902100563387,8.220855,,484.4511,1.0
2M05540072-5746396,5180.419,9.367,3.398,0.012,-0.678,0.002,0.26399997,0.0053851646,0.20899996,0.010954451,-0.049000025,0.0137477275,0.36199996,0.0028284274,0.19399998,0.0053851646,0.39999998,0.0053851646,-0.12600005,0.0028284274,0.24199998,0.0028284274,-0.4694110204972698,0.0038001919127707137,0.339304,,217.60727,1.0
2M04263040-7149194,4097.952,0.438,2.086,0.002,0.111,0.001,0.102,0.0017320508,0.07699999,,0.23499998,0.0017320508,0.222,0.0014142137,0.025000006,,0.08399999,0.0017320508,-0.137,0.0014142137,-0.052,0.0014142137,1.1765127254698426,0.1185898006945434,15.014564,,428.8208,1.0
2M05521733-5654345,4400.694,0.884,1.27,0.003,-0.594,0.001,0.12799999,0.0017320508,0.12799999,0.0017320508,0.68799996,0.0017320508,0.327,0.0014142137,0.049999952,0.0017320508,-0.03400004,0.0017320508,1.312,0.0014142137,-1.906,0.0014142137,1.1260767028513932,0.13438351348153185,13.368316,,559.6755,1.0
2M07534379-5237505,4580.077,0.641,2.628,0.001,-0.02,0.001,-0.012000002,,-0.075,,0.31800002,,0.168,0.0014142137,0.007999999,,0.0020000003,,-0.030000001,0.0014142137,0.069,0.0014142137,0.36119653895711995,0.14648818809358446,2.297188,,957.23926,1.0
2M05252345-6311495,4309.173,1.321,2.179,0.006,-0.282,0.001,0.206,0.00244949,0.066,0.00244949,0.148,0.003,0.32500002,0.0014142137,0.112,0.00244949,0.187,0.00244949,-0.16999999,0.0014142137,-0.016000003,0.0014142137,1.1766853437767926,0.11374815535877345,15.020533,,232.91928,1.0
2M05420416-6032356,4598.984,1.271,2.643,0.004,-0.543,0.001,0.27499998,0.00244949,0.048999995,0.0033166248,0.02700001,0.0051961523,0.477,0.0014142137,0.23299998,0.00244949,0.27699998,0.00244949,-0.007000029,0.0014142137,0.025999963,0.0014142137,1.0658855549660022,0.1101087857084774,11.638193,,523.84424,1.0
2M06063075-6023251,4840.526,3.858,3.179,0.005,-0.021,0.001,0.016999999,0.00244949,-0.07,0.00244949,0.25,0.003,0.212,0.0014142137,0.033,0.00244949,-0.016,0.00244949,-0.107999995,0.0014142137,0.191,0.0014142137,0.4356975598283689,0.10086897578487293,2.727078,,260.91476,1.0
2M06060832-7130020,4255.525,0.605,2.166,0.003,-0.183,0.001,0.114999995,0.0017320508,0.042999998,0.0017320508,0.174,0.00244949,0.259,0.0014142137,0.03999999,0.0017320508,0.111,0.0017320508,-0.10499999,0.0014142137,-0.25800002,0.0014142137,1.1692628934982345,0.12189996163287874,14.766001,,437.1381,1.0
2M05032551-7110319,4339.607,0.956,2.222,0.005,-0.438,0.001,0.235,0.0017320508,0.09900001,0.0017320508,0.15,0.00244949,0.355,0.0014142137,0.134,0.0017320508,0.234,0.0017320508,-0.16700003,0.0014142137,-0.183,0.0014142137,1.18162441393983,0.11059620318887534,15.192331,,372.60764,1.0
2M07171628-6546524,4602.12,1.607,2.819,0.003,0.022,0.001,-0.017,0.0017320508,-0.042999998,0.0017320508,0.26999998,0.00244949,0.156,0.0014142137,0.018,0.0017320508,0.010000002,0.0017320508,0.051,0.0014142137,0.394,0.0014142137,1.0608091187776476,0.1473770937768377,11.502947,,414.6652,1.0
2M06292562-7658181,4450.906,1.491,2.027,0.006,-0.771,0.001,0.33,0.003,-0.032999992,0.0037416576,0.059000015,0.0054772254,0.44400004,0.0014142137,0.245,0.003,0.32900003,0.003,-0.19099998,0.0022360682,-0.06399995,0.0022360682,1.118301406382053,0.14850955393873397,13.131109,,331.37534,1.0
2M06161212-7822549,4851.667,2.975,2.951,0.005,,,,,,,,,,,,,,,,,,,0.8473052759979204,0.10508917747483859,7.035667,,385.45322,1.0
2M04264825-7244425,4842.944,2.962,3.392,0.004,0.128,0.001,0.0059999973,0.0017320508,-0.046000004,0.0017320508,0.23399998,0.00244949,0.184,0.0014142137,0.01699999,0.0017320508,-0.015000008,0.0017320508,-0.05600001,0.0014142137,0.102,0.0014142137,-0.32143518944082017,0.024758056439667643,0.477051,,318.5404,1.0
2M06163119-6346386,4184.963,0.375,2.253,0.002,0.107,0.001,0.028000005,,0.058999993,0.0017320508,0.197,0.0017320508,0.162,0.0014142137,0.008999996,,0.026,,-0.156,0.0014142137,-0.057,0.0014142137,1.1686077225802058,0.12306496189058597,14.743742,,635.69446,1.0
2M04563549-7519505,4883.662,3.642,3.164,0.005,-0.024,0.001,-0.004999999,0.00244949,-0.13,0.003,0.297,0.003,0.185,0.0014142137,0.029,0.00244949,-0.02,0.00244949,-0.06,0.0014142137,0.304,0.0014142137,-0.27701664392425823,0.043463966557624106,0.528425,,298.03104,1.0
2M07483725-6420494,3971.007,0.135,1.573,0.001,-0.141,0.001,0.134,,0.061000004,,0.235,,0.26,0.0014142137,0.027000003,,0.117,,-0.208,0.0014142137,-0.033999994,0.0014142137,1.1914167502410178,0.10670052884141552,15.538774,,1234.6323,1.0
2M06103646-6757404,4637.898,1.132,2.858,0.002,-0.02,0.001,0.0029999986,0.0017320508,-0.047000002,0.0017320508,0.345,0.00244949,0.189,0.0014142137,0.005999999,0.0017320508,0.02,0.0017320508,-0.11500001,0.0014142137,-0.099999994,0.0014142137,0.6746969408778606,0.11097145597839306,4.728212,,637.14526,1.0
2M04081736-6748091,4318.078,1.055,2.038,0.006,-0.513,0.001,0.30200002,0.00244949,0.08700001,0.00244949,0.097,0.0037416576,0.446,0.0014142137,0.24700001,0.00244949,0.298,0.00244949,-0.24400002,0.0014142137,-0.448,0.0014142137,1.1350631587001079,0.146583300854863,13.647816,,301.7371,1.0
2M07200161-6637066,4274.27,0.8,1.997,0.005,-0.546,0.001,0.285,0.0017320508,0.08700001,0.0017320508,0.10499999,0.0033166248,0.40600002,0.0014142137,0.20899999,0.0017320508,0.274,0.0017320508,-0.314,0.0014142137,-0.36,0.0014142137,1.1513366562531995,0.13779491533231908,14.168917,,349.0611,1.0
2M05023476-7314063,4367.446,0.628,2.583,0.002,0.105,0.001,0.084,0.0017320508,0.08100001,0.0017320508,0.21400002,0.0017320508,0.213,0.0014142137,0.024999999,0.0017320508,0.077,0.0017320508,-0.09199999,0.0014142137,0.021000005,0.0014142137,1.1490964764531597,0.12338198403300718,14.096019,,544.7329,1.0
2M05414137-7306447,4236.082,0.99,2.067,0.006,-0.194,0.001,0.142,0.00244949,0.062000006,0.00244949,0.176,0.003,0.25100002,0.0014142137,0.075,0.00244949,0.12200001,0.00244949,-0.12099999,0.0014142137,-0.08399999,0.0014142137,1.164296155831099,0.11842269723378777,14.598094,,242.70134,1.0
2M06050232-6323485,4509.209,1.406,2.608,0.004,-0.132,0.001,0.107,0.0017320508,0.019000001,0.0017320508,0.133,0.00244949,0.282,0.0014142137,0.024999999,0.0017320508,0.095,0.0017320508,-0.229,0.0014142137,0.118,0.0014142137,1.130676275661272,0.09722714698724502,13.510651,,345.54416,1.0
2M05372438-5708189,3977.222,0.344,1.876,0.002,0.121,0.001,0.051999994,,0.083,,0.25100002,0.0017320508,0.181,0.0014142137,-0.065,,0.062,,-0.175,0.0014142137,-0.045,0.0014142137,1.1570405890214202,0.14042956207140728,14.356236,,567.6425,1.0
2M05452858-5729224,4476.717,0.693,2.764,0.002,0.231,0.001,0.023999989,0.0017320508,0.03999999,0.0017320508,0.283,0.0017320508,0.188,0.0014142137,-0.013000011,0.0017320508,0.0069999993,0.0017320508,-0.22,0.0014142137,-0.02700001,0.0014142137,1.0405874282897951,0.14055098457525042,10.979623,,582.1497,1.0
2M07094911-6202518,4052.19,0.226,1.923,0.001,0.011,0.001,0.13999999,,0.086,,0.24199998,,0.289,0.0014142137,0.033,,0.1,,-0.108,0.0014142137,-0.055,0.0014142137,1.1636505158905004,0.13048509448636597,14.576408,,822.4281,1.0
2M05504487-5540459,4557.354,1.266,2.672,0.003,0.183,0.001,-0.004999995,0.0017320508,-0.127,0.0017320508,0.264,0.0017320508,0.16299999,0.0014142137,-0.025999993,0.0017320508,-0.027999997,0.0017320508,0.0059999973,0.0014142137,0.10800001,0.0014142137,0.5489882945569141,0.12939428053616367,3.539878,,411.40195,1.0
2M07071704-7439261,4140.667,0.388,2.161,0.002,0.089,0.001,0.078999996,0.0017320508,0.089,,0.111,0.0017320508,0.255,0.0014142137,0.034,,0.070999995,,0.0029999986,0.0014142137,-0.126,0.0014142137,1.1341161681506355,0.14947225787182988,13.618089,,509.36746,1.0
2M08061303-7203507,4175.601,0.302,1.875,0.002,-0.231,0.001,0.031000003,0.0017320508,-0.01699999,0.0017320508,0.23300001,0.0017320508,0.202,0.0014142137,0.018000007,0.0017320508,0.039000005,0.0017320508,0.045,0.0014142137,-0.32700002,0.0014142137,1.1709480330122046,0.12692468069786736,14.823407,,799.4801,1.0
2M06143101-6813116,4624.301,1.46,2.813,0.003,-0.365,0.001,0.23900001,0.00244949,0.076000005,0.00244949,0.06100002,0.0033166248,0.398,0.0014142137,0.19000001,0.00244949,0.261,0.00244949,-0.21200001,0.0014142137,0.016000003,0.0014142137,0.883248346761335,0.09542969131293486,7.642727,,481.92444,1.0
2M04371212-7330456,4597.114,1.113,2.669,0.003,-0.121,0.001,0.009999998,0.0017320508,-0.080000006,0.0017320508,0.238,0.00244949,0.208,0.0014142137,0.020999998,0.0017320508,0.0059999973,0.0017320508,-0.044999994,0.0014142137,-0.1,0.0014142137,0.9448938234347193,0.13659765199136198,8.808335,,618.51337,1.0
2M04312120-5922006,4751.455,1.915,3.113,0.003,0.099,0.001,0.0040000007,0.0017320508,-0.053999998,0.0017320508,0.31,0.00244949,0.20999998,0.0014142137,0.0069999993,0.0017320508,-0.0029999986,0.0017320508,-0.315,0.0014142137,0.13800001,0.0014142137,-0.30921846037635187,0.04320099839346091,0.490661,,444.114,1.0
2M06535882-6437160,4687.286,1.593,2.808,0.003,-0.336,0.001,0.095,0.00244949,0.01699999,0.00244949,0.14199999,0.0033166248,0.252,0.0014142137,0.117,0.00244949,0.09199999,0.00244949,-0.10800001,0.0014142137,-0.23200002,0.0014142137,0.9365291737332059,0.11206807148831728,8.640307,,545.16296,1.0
2M05581147-7614120,4617.499,1.039,2.73,0.002,-0.169,0.001,0.094,0.0017320508,-0.027999997,0.0017320508,0.153,0.00244949,0.277,0.0014142137,0.059,0.0017320508,0.074,0.0017320508,-0.061000004,0.0014142137,0.24599999,0.0014142137,0.9397707211680947,0.11890325971840855,8.705039,,671.80994,1.0
2M04564990-7136586,4634.792,1.15,3.13,0.002,0.305,0.001,0.051999986,0.0017320508,0.07999998,0.0017320508,0.45099998,0.0017320508,0.23399997,0.0014142137,0.055000007,0.0017320508,0.01999998,0.0017320508,-0.01700002,0.0014142137,0.23900002,0.0014142137,0.7899408298314782,0.12659743566921694,6.16511,,509.67365,1.0
2M05113690-7259343,4125.331,0.448,2.148,0.002,0.173,0.001,0.029000014,,0.036000013,,0.216,0.0017320508,0.135,0.0014142137,-0.023999989,,0.03500001,,-0.12799999,0.0014142137,-0.06999999,0.0014142137,1.1463146181356156,0.13861804492373914,14.006016,,445.47583,1.0
2M07441805-7342416,4096.963,0.218,1.915,0.001,-0.048,0.001,0.15799999,,0.088,,0.243,,0.307,0.0014142137,0.043,,0.123,,-0.164,0.0014142137,-0.016000003,0.0014142137,1.1614227198925546,0.13452764474277945,14.501827,,871.62213,1.0
2M04331887-7205224,5024.085,4.507,3.427,0.006,-0.181,0.001,0.013999999,0.003,-0.016000003,0.0037416576,0.0,0.004582576,0.167,0.0014142137,0.020999998,0.003,0.051,0.003,-0.342,0.0022360682,0.055999994,0.0014142137,-0.00019460752323346783,0.1075030392520151,0.999552,,317.8506,1.0
2M05351778-6632174,4292.824,0.619,2.386,0.002,0.074,0.001,0.0050000027,0.0017320508,-0.015000001,0.0017320508,0.14299999,0.0017320508,0.128,0.0014142137,-0.02,0.0017320508,0.011,0.0017320508,-0.127,0.0014142137,-0.084,0.0014142137,1.1456518189496572,0.12958558079152224,13.984657,,479.35687,1.0
2M06513181-6707262,4645.382,1.298,3.046,0.002,-0.163,0.001,0.183,0.0017320508,0.096,0.0017320508,0.186,0.00244949,0.303,0.0014142137,0.13,0.0017320508,0.15,0.0017320508,-0.17099999,0.0014142137,0.213,0.0014142137,1.0846690962264498,0.09342676312047532,12.152597,,571.9479,1.0
2M06395061-6909256,4553.456,1.458,2.614,0.003,0.051,0.001,0.033,0.0017320508,-0.060999997,0.0017320508,0.362,0.0017320508,0.229,0.0014142137,-0.0029999986,0.0017320508,0.0040000007,0.0017320508,-0.212,0.0014142137,0.088,0.0014142137,0.6065024991762565,0.13708513515223716,4.041127,,370.71335,1.0
2M06372437-6054249,4624.609,1.488,2.505,0.003,-0.264,0.001,0.047999993,0.0017320508,-0.110000014,0.00244949,0.271,0.00244949,0.276,0.0014142137,0.065,0.0017320508,0.044,0.0017320508,-0.030999988,0.0014142137,0.068,0.0014142137,0.7032890561419568,0.14750293248392163,5.049973,,494.18723,1.0
2M06112733-6310056,4186.955,0.609,2.147,0.003,0.015,0.001,0.024,,0.048,0.0017320508,0.226,0.0017320508,0.149,0.0014142137,-0.009,,0.026,,-0.089,0.0014142137,-0.054,0.0014142137,1.1590671660775205,0.13109362729189356,14.423384,,390.8877,1.0
2M07095096-7638544,4604.628,2.184,2.828,0.005,-0.262,0.001,0.252,0.00244949,0.072,0.003,0.22299999,0.003,0.34399998,0.0014142137,0.16299999,0.00244949,0.22999999,0.00244949,-0.153,0.0014142137,-0.16300002,0.0014142137,1.1342105871384003,0.1279145916642278,13.62105,,288.21304,1.0
2M04411811-5854084,4756.608,2.254,3.176,0.003,0.109,0.001,0.0069999993,0.0017320508,,,0.278,0.00244949,0.21400002,0.0014142137,0.030000001,0.0017320508,-0.015999995,0.0017320508,-0.111999996,0.0014142137,0.10700001,0.0014142137,-0.35167317233706463,0.01005297744907138,0.444966,,397.7003,1.0
2M05132156-5859289,4127.431,0.351,1.968,0.002,-0.036,0.001,0.164,0.0017320508,0.089,0.0017320508,0.253,0.0017320508,0.32200003,0.0014142137,0.044999998,,0.141,0.0017320508,-0.198,0.0014142137,-0.010000002,0.0014142137,1.1669797833798357,0.12680697937030935,14.688579,,516.6654,1.0
2M06575244-6248377,4878.414,2.547,3.223,0.003,-0.05,0.001,-0.007999998,0.0017320508,-0.075,0.00244949,0.212,0.00244949,0.17,0.0014142137,0.023,0.0017320508,0.032,0.0017320508,-0.11,0.0014142137,0.122999996,0.0014142137,-0.3571597154795053,0.019635076432719046,0.43938,,426.10294,1.0
2M06321032-6145505,4225.773,0.391,2.195,0.002,0.007,0.001,0.045,0.0017320508,0.024,0.0017320508,0.164,0.0017320508,0.175,0.0014142137,-0.019000001,,0.045,0.0017320508,-0.071,0.0014142137,-0.086,0.0014142137,1.1690816790863077,0.11377825896503208,14.759841,,612.6509,1.0
2M08055905-7047427,4159.716,0.485,2.117,0.002,0.043,0.001,0.015999999,,0.038,0.0017320508,0.189,0.0017320508,0.142,0.0014142137,-0.041,,0.021999996,,-0.028,0.0014142137,0.148,0.0014142137,1.1348772174816497,0.14974026021556106,13.641974,,461.75647,1.0
2M06470017-6222167,4469.019,0.712,2.677,0.002,0.095,0.001,0.002000004,0.0017320508,-0.013999999,0.0017320508,0.19999999,0.0017320508,0.19,0.0014142137,0.0040000007,0.0017320508,0.0,0.0017320508,-0.136,0.0014142137,0.121999994,0.0014142137,1.1526813559296867,0.14505186953809704,14.212856,,613.68176,1.0
2M04571749-7536018,4129.091,0.389,2.102,0.002,0.13,0.001,0.05700001,,0.054000005,,0.248,0.0017320508,0.187,0.0014142137,-0.019999996,,0.065,0.0017320508,-0.144,0.0014142137,0.174,0.0014142137,1.1650180956702623,0.1265845732723665,14.622381,,501.22992,1.0
2M07090514-6113150,4686.228,2.569,2.611,0.005,-0.291,0.001,0.02000001,0.00244949,-0.09099999,0.003,0.19500001,0.003,0.19800001,0.0014142137,0.023000002,0.00244949,0.05700001,0.003,0.14700001,0.0014142137,-0.021999985,0.0014142137,0.6350860647040398,0.14295803661417866,4.316046,,345.58624,1.0
2M06201778-7439069,4099.923,0.448,2.001,0.003,0.025,0.001,0.10300001,0.0017320508,0.068,0.0017320508,0.227,0.0017320508,0.23699999,0.0014142137,-0.041,,0.086,0.0017320508,-0.17500001,0.0014142137,-0.032,0.0014142137,1.1460275779511142,0.14162327267090816,13.996762,,436.3875,1.0
2M06293802-5923064,4176.896,0.54,2.006,0.004,-0.383,0.001,0.24199998,0.0017320508,0.13,0.0017320508,0.109999985,0.00244949,0.46199998,0.0014142137,0.13899998,0.0017320508,0.22799999,0.0017320508,-0.24600002,0.0014142137,-0.136,0.0014142137,1.1526479869999018,0.1414202988455343,14.211764,,383.90207,1.0
2M06014483-7305420,4091.329,0.315,2.306,0.001,0.407,0.001,0.013999999,,0.035999984,,0.20700002,0.0017320508,0.15100002,0.0014142137,0.0119999945,,-0.0029999912,,-0.163,0.0014142137,-0.06400001,0.0014142137,1.132296551753372,0.13419966389515584,13.561151,,651.6359,1.0
2M05584212-5429344,4369.711,0.777,2.128,0.003,-0.514,0.001,0.262,0.0017320508,0.078999996,0.0017320508,0.13299999,0.0033166248,0.377,0.0014142137,0.144,0.0017320508,0.236,0.0017320508,-0.123000026,0.0014142137,-0.00999999,0.0014142137,1.1712045774045594,0.11673110332591052,14.832166,,509.8496,1.0
2M07114819-6138180,4598.149,1.381,3.035,0.003,0.236,0.001,0.021999985,0.0017320508,-0.060000002,0.0017320508,0.171,0.00244949,0.18900001,0.0014142137,0.023000002,0.0017320508,-0.026000008,0.0017320508,0.122999996,0.0014142137,0.144,0.0014142137,0.8378686823603627,0.10238849048580395,6.884441,,430.89233,1.0
2M05423573-7613468,4196.869,0.454,2.038,0.003,-0.282,0.001,0.224,0.0017320508,0.06300001,0.0017320508,0.12200001,0.00244949,0.40600002,0.0014142137,0.10800001,0.0017320508,0.208,0.0017320508,-0.09900001,0.0014142137,-0.204,0.0014142137,1.1403837076606456,0.14641513164631917,13.816044,,442.73425,1.0
2M06060107-5624146,4206.045,0.513,2.084,0.003,-0.074,0.001,0.047,0.0017320508,0.016000003,0.0017320508,0.143,0.0017320508,0.163,0.0014142137,0.013,0.0017320508,0.058,0.0017320508,-0.091000006,0.0014142137,-0.081,0.0014142137,1.1630954801079767,0.12542751180909184,14.557791,,447.9538,1.0
2M06230336-7556088,4343.792,0.845,2.1,0.004,-0.527,0.001,0.34100002,0.00244949,0.060000002,0.00244949,0.13700002,0.0033166248,0.425,0.0014142137,0.19300002,0.0017320508,0.31700003,0.0017320508,-0.19800001,0.0014142137,0.06400001,0.0014142137,1.132738110677189,0.14376783356815914,13.574946,,403.10168,1.0
2M06093485-7551341,4582.468,1.257,2.863,0.002,0.084,0.001,-0.015000001,0.0017320508,-0.033,0.0017320508,0.264,0.00244949,0.102000006,0.0014142137,0.036,0.0017320508,0.013999999,0.0017320508,0.080000006,0.0014142137,0.094000004,0.0014142137,0.8069915494636954,0.12096602099023261,6.411971,,493.99377,1.0
2M06192345-6532098,4204.042,0.577,2.078,0.004,-0.19,0.001,0.222,0.0017320508,0.107,0.0017320508,0.227,0.00244949,0.35,0.0014142137,0.08,0.0017320508,0.19399999,0.0017320508,-0.181,0.0014142137,-0.183,0.0014142137,1.1401624812143933,0.1490832961959304,13.809008,,369.22412,1.0
2M06125610-7433325,4052.754,0.444,2.042,0.002,0.215,0.001,0.037,,0.07100001,,0.258,0.0017320508,0.153,0.0014142137,-0.023000002,,0.027999997,,-0.197,0.0014142137,-0.07800001,0.0014142137,1.1668071675874276,0.12638507984034106,14.682742,,458.36526,1.0
2M07034184-7417523,4512.567,1.323,2.722,0.003,0.061,0.001,0.028,0.0017320508,0.010000002,0.0017320508,0.24299999,0.0017320508,0.189,0.0014142137,0.032999996,0.0017320508,0.007000003,0.0017320508,-0.175,0.0014142137,0.175,0.0014142137,1.1161832694240645,0.09391695418559722,13.067222,,369.01617,1.0
2M05351696-5745210,4501.538,1.09,2.664,0.003,0.081,0.001,0.029,0.0017320508,-0.039,0.0017320508,0.19800001,0.0017320508,0.201,0.0014142137,0.001000002,0.0017320508,0.0019999966,0.0017320508,-0.17300001,0.0014142137,-0.087,0.0014142137,1.1198511180536825,0.09505526631140476,13.178049,,421.29852,1.0
2M06201674-6310478,4571.322,1.868,2.648,0.004,-0.113,0.001,0.027999997,0.0017320508,-0.042000003,0.0017320508,0.194,0.00244949,0.264,0.0014142137,0.004999995,0.0017320508,0.044999994,0.0017320508,-0.146,0.0014142137,0.06999999,0.0014142137,0.9550800344628041,0.1077583466243223,9.017373,,321.2884,1.0
2M07120656-7518103,4816.966,2.915,2.877,0.005,-0.107,0.001,-0.0069999993,0.00244949,-0.121,0.003,0.24900001,0.003,0.176,0.0014142137,0.009000003,0.00244949,0.063,0.00244949,-0.001000002,0.0014142137,-0.16100001,0.0014142137,0.2489347646496707,0.10377664929679796,1.773923,,335.51163,1.0
2M06065296-5642364,4641.801,2.162,2.95,0.004,0.004,0.001,0.012,0.0017320508,0.024,0.0017320508,0.18,0.00244949,0.14600001,0.0014142137,0.012,0.0017320508,0.0059999996,0.0017320508,0.1,0.0014142137,-0.101,0.0014142137,0.622208633120664,0.13647225648755235,4.189948,,326.07376,1.0
2M05520259-5502097,4433.256,0.545,2.655,0.001,0.2,0.001,-0.024000004,0.0017320508,0.002000004,0.0017320508,0.24499999,0.0017320508,0.18800001,0.0014142137,0.002000004,0.0017320508,-0.025000006,0.0017320508,-0.15200001,0.0014142137,0.17,0.0014142137,0.7974615100827253,0.12599408617171295,6.272801,,716.9373,1.0
2M22120002-0923258,4888.84,3.437,3.254,0.005,-0.068,0.001,0.015000004,0.00244949,0.011000004,0.003,0.246,0.003,0.117,0.0014142137,0.050000004,0.00244949,-0.003999993,0.00244949,-0.044999994,0.0014142137,0.243,0.0014142137,0.47885698615702166,0.10302168445370788,3.012014,,351.59494,1.0
2M17330951-2304248,4293.059,0.803,2.509,0.002,0.229,0.001,0.012999997,,0.062000006,,0.229,0.0017320508,0.125,0.0014142137,-0.010000005,,0.013999999,,-0.176,0.0014142137,-0.058,0.0014142137,1.2065610914946905,0.08333710597045774,16.090187,,366.17575,1.0
2M09063677+2020510,4690.87,3.151,3.002,0.005,0.046,0.001,-0.0040000007,0.00244949,0.0029999986,0.00244949,0.25,0.003,,,0.026999999,0.00244949,-0.026,0.00244949,-0.301,0.0014142137,0.176,0.0014142137,0.7234907261485732,0.11982982600283609,5.290426999999999,,245.50711,1.0
2M18474122-2603406,4197.027,0.79,2.08,0.005,-0.027,0.001,0.139,0.0017320508,0.064,0.0017320508,0.21,0.0017320508,0.232,0.0014142137,0.057,0.0017320508,0.115,0.0017320508,-0.198,0.0014142137,-0.045999996,0.0014142137,1.2311945011276764,0.06545639171285408,17.02921,,265.10883,1.0
2M16142302-1959544,4188.179,1.623,2.021,0.012,-0.334,0.002,0.259,0.0037416574,0.117999986,0.0037416574,0.11299999,0.0046904157,0.42499998,0.0028284274,0.14699998,0.0037416574,0.247,0.0037416574,-0.09,0.0028284274,-0.143,0.0028284274,1.1560869299918612,0.12300688420151905,14.324746,,132.26764,1.0
2M01061083+0845394,4256.018,1.115,2.063,0.007,-0.331,0.001,0.24599999,0.00244949,0.142,0.00244949,0.165,0.003,0.398,0.0014142137,0.141,0.00244949,0.214,0.00244949,-0.174,0.0014142137,-0.16600001,0.0014142137,1.1847124070183495,0.10323176541457618,15.300739000000002,,224.98927,1.0
2M03590588+2459055,4955.6,4.608,3.11,0.007,-0.225,0.001,0.015000001,0.003,-0.066000015,0.0037416576,0.134,0.0037416576,0.14999999,0.0014142137,0.06799999,0.003,0.063999996,0.003,-0.06999999,0.0014142137,0.04699999,0.0014142137,0.19324401291823495,0.08053419000672687,1.560429,,284.79346,1.0
2M08315119+2327034,4535.886,3.716,2.74,0.01,-0.127,0.002,0.148,0.0037416574,0.066,0.0037416574,0.231,0.0041231057,,,0.117000006,0.0037416574,0.162,0.0037416574,-0.08299999,0.0028284274,0.011000007,0.0028284274,1.0009117122072988,0.13429246349226295,10.021015,,129.60918,1.0
2M00391863+0506437,4538.018,2.767,2.487,0.009,-0.576,0.002,0.29099998,0.0041231057,0.08899999,0.0046904157,0.08199999,0.0053851646,0.38899997,0.0022360682,0.17499998,0.0041231057,0.31499997,0.0041231057,-0.22400004,0.0028284274,-0.551,0.0028284274,1.205379481443404,0.08787682247208634,16.046469000000002,,204.4471,1.0
2M09101859+2108098,4855.935,9.522,3.113,0.016,-0.561,0.002,0.329,0.0067082043,0.085999995,0.010488089,-0.011000037,0.013152947,,,0.23699999,0.0067082043,0.463,0.0067082043,-0.17800003,0.0036055513,0.12599999,0.0028284274,1.13278961531341,0.12042874091031448,13.576556,,127.268074,1.0
2M01002876+0830542,4590.132,3.203,2.715,0.007,-0.139,0.001,0.072,0.00244949,-0.002000004,0.00244949,0.19,0.003,0.263,0.0014142137,0.034,0.00244949,0.067,0.00244949,-0.030000001,0.0014142137,0.082,0.0014142137,1.0012006829935511,0.10686478821277365,10.027685,,203.08232,1.0
2M01002876+0830542,4590.132,3.203,2.715,0.007,-0.139,0.001,0.072,0.00244949,-0.002000004,0.00244949,0.19,0.003,0.263,0.0014142137,0.034,0.00244949,0.067,0.00244949,-0.030000001,0.0014142137,0.082,0.0014142137,1.0012006829935511,0.10686478821277365,10.027685,,203.08232,1.0
2M08321111+1555534,4777.771,1.652,2.923,0.003,-0.345,0.001,0.055999994,0.00244949,-0.004000008,0.00244949,0.122999996,0.0033166248,0.248,0.0014142137,0.062000006,0.00244949,0.07499999,0.00244949,-0.127,0.0014142137,0.16,0.0014142137,1.081589703226883,0.12037628495074577,12.066733,,634.1088,1.0
2M13194258-0816323,4385.381,2.755,1.891,0.013,-0.724,0.002,0.22999999,0.0041231057,-0.008000016,0.0046904157,0.106000006,0.0061644143,0.551,0.0022360682,0.148,0.0041231057,0.30599996,0.0041231057,-0.21400005,0.0028284274,-0.43000007,0.0028284274,1.1721992408769264,0.11309719298028625,14.866175,,163.9447,1.0
2M01044244+1117267,4671.908,1.97,3.073,0.003,0.009,0.001,0.044,0.0017320508,0.035,0.0017320508,0.205,0.00244949,0.14199999,0.0014142137,0.073,0.0017320508,0.022,0.0017320508,-0.162,0.0014142137,0.314,0.0014142137,0.8474254429101934,0.11054801617316909,7.037614,,381.95386,1.0
2M08514277+1238418,4589.503,4.361,2.291,0.012,-0.543,0.002,0.07799998,0.0041231057,0.028999984,0.0041231057,0.21399999,0.0046904157,0.20699999,0.0022360682,0.12599999,0.0041231057,0.22299999,0.0041231057,-0.297,0.0028284274,-0.27900004,0.0028284274,-0.03783151868628504,0.09672142036329857,0.916576,,173.56795,1.0
2M13394285-1016379,4486.95,1.768,2.612,0.005,-0.14,0.001,0.171,0.00244949,0.067,0.00244949,0.171,0.003,0.269,0.0014142137,0.093,0.00244949,0.149,0.00244949,-0.193,0.0014142137,-0.242,0.0014142137,1.203637131737652,0.06763976446753431,15.982221,,264.89145,1.0
2M03441936+1952559,4305.274,1.136,2.143,0.005,-0.256,0.001,0.120000005,0.00244949,0.033000007,0.00244949,0.12900001,0.003,0.23000002,0.0014142137,0.053000018,0.00244949,0.11400001,0.00244949,-0.085999995,0.0014142137,0.110000014,0.0014142137,1.1033887886704006,0.1479947653605301,12.687872,,286.65723,1.0
2M00391725+0521016,4391.848,1.173,2.097,0.005,-0.565,0.001,0.24700001,0.0017320508,0.074,0.00244949,0.12399998,0.0033166248,0.365,0.0014142137,0.17500001,0.0017320508,0.23499998,0.0017320508,0.05400002,0.0014142137,-0.06700003,0.0014142137,1.139681815262541,0.1289378968358812,13.793733,,362.6235,1.0
2M11133262+0007148,4845.617,1.107,3.305,0.001,0.025,0.001,-0.011,,-0.066,,0.22,,0.161,0.0014142137,0.038000003,,0.012,,-0.089999996,0.0014142137,0.012999998,0.0014142137,0.9029493070840346,0.11616870147105668,7.997408999999999,,892.6418,1.0
2M00591190+1229394,4740.254,4.025,3.047,0.006,-0.148,0.001,0.091000006,0.00244949,-0.0029999912,0.003,0.149,0.003,0.22,0.0014142137,0.092,0.00244949,0.083000004,0.00244949,-0.139,0.0014142137,0.075,0.0014142137,0.8041600898076321,0.11630548414936696,6.370303,,233.23813,1.0
2M01042570+0243235,4634.916,0.844,2.941,0.002,-0.167,0.001,0.147,0.0017320508,0.036,0.0017320508,0.11299999,0.00244949,0.304,0.0014142137,0.09899999,0.0017320508,0.099999994,0.0017320508,-0.24000001,0.0014142137,0.11,0.0014142137,0.882108714006996,0.11007186191088092,7.622698,,848.67035,1.0
2M13270636-0041562,4206.997,0.304,1.615,0.003,-0.815,0.001,0.314,0.00244949,0.047999978,0.00244949,0.11799997,0.0033166248,0.37,0.0014142137,0.22100002,0.0017320508,0.27899998,0.00244949,-0.11199999,0.0014142137,-0.23400003,0.0014142137,1.1565828275340233,0.13427531908363866,14.341112,,811.6153,1.0
2M16102033-2457209,4255.572,1.68,2.163,0.009,-0.201,0.001,0.246,0.0033166248,0.116000004,0.0033166248,0.21100001,0.0037416576,0.386,0.0014142137,0.15200001,0.0033166248,0.23300001,0.0033166248,-0.16999999,0.0022360682,0.066,0.0014142137,1.149573333976879,0.12298994398559013,14.111505,,143.70572,1.0
2M16102033-2457209,4255.572,1.68,2.163,0.009,-0.201,0.001,0.246,0.0033166248,0.116000004,0.0033166248,0.21100001,0.0037416576,0.386,0.0014142137,0.15200001,0.0033166248,0.23300001,0.0033166248,-0.16999999,0.0022360682,0.066,0.0014142137,1.149573333976879,0.12298994398559013,14.111505,,143.70572,1.0
2M22164468-1205518,4650.65,1.556,3.312,0.002,0.33,0.001,0.0039999783,0.0017320508,-0.016000003,0.0017320508,0.275,0.00244949,0.18200001,0.0014142137,0.00999999,0.0017320508,-0.04100001,0.0017320508,-0.02700001,0.0014142137,0.33799997,0.0014142137,0.7506742127719804,0.07059726822903954,5.63215,,405.00897,1.0
2M12473903-0648232,4696.516,1.912,3.233,0.003,-0.017,0.001,0.138,0.0017320508,0.041,0.0017320508,0.14,0.00244949,0.253,0.0014142137,0.082,0.0017320508,0.091000006,0.0017320508,-0.063999996,0.0014142137,-0.013999999,0.0014142137,1.2717676076005098,0.0247246375545427,18.696814,,432.7033,1.0
2M01073877+1011039,4730.131,3.012,3.086,0.004,0.047,0.001,0.014000002,0.00244949,-0.031999998,0.00244949,0.273,0.003,0.199,0.0014142137,0.044,0.00244949,0.007000003,0.00244949,-0.105,0.0014142137,0.314,0.0014142137,0.5583162086344279,0.10707241924212044,3.616731,,284.22647,1.0
2M12145649-0051144,4748.916,4.329,3.216,0.006,0.045,0.001,0.007999998,0.00244949,-0.028,0.00244949,0.126,0.003,0.23799999,0.0014142137,0.048,0.00244949,0.052,0.00244949,-0.012000002,0.0014142137,0.504,0.0014142137,0.921531662219654,0.10917937810937897,8.347024000000001,,196.69064,1.0
2M12145649-0051144,4748.916,4.329,3.216,0.006,0.045,0.001,0.007999998,0.00244949,-0.028,0.00244949,0.126,0.003,0.23799999,0.0014142137,0.048,0.00244949,0.052,0.00244949,-0.012000002,0.0014142137,0.504,0.0014142137,0.921531662219654,0.10917937810937897,8.347024000000001,,196.69064,1.0
2M03581377+2540316,4704.038,1.567,3.099,0.002,0.041,0.001,0.027999997,0.0017320508,0.030999996,0.0017320508,0.266,0.00244949,,,0.042999998,0.0017320508,-0.008000001,0.0017320508,-0.21399999,0.0014142137,0.19600001,0.0014142137,0.8099031764203711,0.11105492963748759,6.455103,,515.966,1.0
2M16004489-2334500,4806.565,4.594,2.996,0.007,-0.131,0.001,0.019999996,0.00244949,-0.058,0.003,0.20699999,0.003,0.263,0.0014142137,0.031999998,0.00244949,0.029999994,0.00244949,-0.138,0.0014142137,0.126,0.0014142137,0.4588633214989864,0.11270803398518642,2.876493,,210.95659,1.0
2M13394219-1432480,4875.002,1.898,3.032,0.003,-0.174,0.001,-0.008000001,0.00244949,-0.10500002,0.00244949,0.215,0.00244949,0.19399999,0.0014142137,0.054999992,0.00244949,-0.009000003,0.00244949,-0.13300002,0.0014142137,-0.016000003,0.0014142137,0.38850882765816136,0.10535111261724012,2.446295,,587.4852,1.0
2M13184715-0817565,4445.023,4.44,2.042,0.018,-0.678,0.002,0.27099997,0.0067082043,0.034999967,0.007348469,0.00999999,0.009643651,0.53699994,0.0028284274,0.19299996,0.0061644143,0.36699998,0.0067082043,-0.024000049,0.0036055513,0.11899996,0.0028284274,1.1366634394097193,0.1304057653472833,13.698198,,114.3124,1.0
2M00452139+0215052,4251.632,0.666,2.218,0.003,-0.114,0.001,0.17899999,0.0017320508,0.065,0.0017320508,0.198,0.00244949,,,,,0.15,0.0017320508,-0.064,0.0014142137,-0.067999996,0.0014142137,1.1363496735012824,0.1306229418499046,13.688305,,374.21786,1.0
2M01305168+0706361,4463.178,2.384,2.742,0.006,0.151,0.001,0.075,0.00244949,0.045,0.00244949,0.224,0.003,0.21600002,0.0014142137,0.024000004,0.00244949,0.045,0.00244949,-0.099999994,0.0014142137,0.162,0.0014142137,0.9492578439017191,0.08554615174252253,8.897292,,175.44281,1.0
2M13385258-1050229,4494.126,3.645,2.771,0.009,-0.157,0.002,0.15900001,0.0037416574,0.118,0.0041231057,0.126,0.0046904157,0.335,0.0028284274,0.12200001,0.0037416574,0.147,0.0037416574,0.08800001,0.0028284274,0.16600001,0.0028284274,1.2327270438514035,0.06225249820429791,17.089409,,133.8501,1.0
2M18470403-2440134,4126.218,0.396,2.209,0.002,0.173,0.001,0.009000003,,0.052,,0.159,0.0017320508,0.10600002,0.0014142137,-0.022,,0.015000001,,-0.008999988,0.0014142137,-0.077999994,0.0014142137,1.2194871788576265,0.0768944034427637,16.576284,,560.9564,1.0
2M03411462+2015279,4518.604,1.072,2.6,0.003,-0.096,0.001,-0.008000001,0.0017320508,-0.063999996,0.0017320508,0.168,0.00244949,0.21900001,0.0014142137,0.024000004,0.0017320508,0.013999999,0.0017320508,-0.023999996,0.0014142137,0.071,0.0014142137,1.1913213774989915,0.09021742547949362,15.535362,,494.88565,1.0
2M16134586-2439284,4300.324,2.671,1.892,0.017,-0.6,0.002,0.31200004,0.0053851646,0.04000002,0.0053851646,0.07700002,0.007483315,0.43700004,0.0028284274,0.20600003,0.00489898,0.316,0.0053851646,-0.25599998,0.0028284274,0.28100002,0.0028284274,1.1577157866742918,0.12076434831230341,14.378573,,113.43514,1.0
2M13293316-1100547,4726.639,16.427,1.776,0.039,-1.598,0.006,0.278,0.0156205,-0.22299993,0.07029224,-0.0039999485,0.10783784,-0.120000005,0.008485282,0.24800003,0.0156205,0.3490001,0.0156205,0.123000026,0.0078102495,-0.901,0.01,1.0606870772700387,0.12975794456966327,11.499715,,111.46555,1.0
2M08490391+1634107,4690.056,3.464,3.155,0.005,0.063,0.001,0.111999996,0.00244949,0.027999997,0.00244949,0.291,0.003,0.194,0.0014142137,0.041999996,0.00244949,0.04,0.00244949,-0.201,0.0014142137,0.33400002,0.0014142137,0.6330795374294615,0.09415478723353403,4.296151,,213.14442,1.0
2M13261351-0126162,4593.559,0.682,2.795,0.002,-0.155,0.001,0.207,0.0017320508,0.039000005,0.0017320508,0.39,0.00244949,0.34399998,0.0014142137,0.119,0.0017320508,0.178,0.0017320508,-0.227,0.0014142137,0.13,0.0014142137,0.5884685797365055,0.12403671101764731,3.876757,,874.1042,1.0
2M23120145-0434258,4660.271,1.883,2.836,0.003,0.005,0.001,-0.005,0.0017320508,-0.072000004,0.0017320508,0.276,0.00244949,0.214,0.0014142137,-0.019000001,0.0017320508,0.0030000005,0.0017320508,-0.031,0.0014142137,0.24000001,0.0014142137,0.43939775416642607,0.12812697154841024,2.750412,,389.33075,1.0
2M13220300-1303512,4232.921,1.108,1.962,0.009,-0.513,0.001,0.311,0.00244949,0.093000025,0.00244949,0.06100002,0.0037416576,0.33900002,0.0014142137,0.24600002,0.00244949,0.282,0.00244949,-0.14099997,0.0014142137,0.044,0.0014142137,1.1921005170310093,0.09909044435039538,15.563258,,210.27359,1.0
2M00592763+1045135,4663.031,4.852,2.706,0.01,-0.389,0.002,0.095999986,0.0041231057,-0.002000004,0.0041231057,0.104,0.0046904157,0.23099999,0.0022360682,0.104,0.0041231057,0.157,0.0041231057,-0.13,0.0028284274,-0.109,0.0028284274,1.092521658555252,0.1396943675489346,12.374329,,184.24367,1.0
2M16124269-2532494,4256.327,1.329,2.18,0.008,-0.252,0.001,0.256,0.00244949,0.134,0.00244949,0.176,0.003,0.362,0.0014142137,0.142,0.00244949,0.23300001,0.00244949,-0.164,0.0014142137,0.009000003,0.0014142137,1.1910276365395378,0.09732372395965293,15.524857999999998,,186.21727,1.0
2M22214213-0428480,4888.493,4.236,3.09,0.006,-0.166,0.001,0.025999993,0.003,-0.06500001,0.003,0.22399999,0.003,0.19999999,0.0014142137,0.05799999,0.003,0.056999996,0.003,-0.022,0.0014142137,0.08399999,0.0014142137,0.4974631981239786,0.10576128652651898,3.14386,,266.90082,1.0
2M13394676-1142191,4799.226,8.369,2.928,0.014,-0.325,0.002,0.099999994,0.0053851646,0.024999976,0.0053851646,0.13099998,0.006,0.24899998,0.0028284274,0.11199999,0.0053851646,0.068999976,0.0053851646,-0.348,0.0028284274,-0.0150000155,0.0028284274,0.7132234160533373,0.1214447788042595,5.166821,,126.46138,1.0
2M04254236+2051000,4886.645,8.572,3.253,0.011,-0.056,0.002,0.027000003,0.00489898,-0.13299999,0.0053851646,0.21000001,0.006,0.176,0.0028284274,0.042000003,0.00489898,0.001000002,0.00489898,0.204,0.0028284274,0.060000002,0.0028284274,0.7078886270914683,0.12242611783498017,5.103741,,124.406784,1.0
2M22321784-1651332,4793.523,1.542,2.816,0.003,-0.406,0.001,0.06999999,0.00244949,-0.022000015,0.0033166248,0.12699997,0.0033166248,0.288,0.0014142137,0.078999996,0.00244949,0.06099999,0.00244949,0.0059999824,0.0014142137,-0.113000005,0.0014142137,0.6854552784263249,0.12952947647677926,4.846801999999999,,732.8669,1.0
2M04031854+1423246,4692.445,3.728,2.942,0.007,-0.076,0.001,0.032999996,0.00244949,-0.034,0.00244949,0.122999996,0.003,0.161,0.0014142137,0.038999997,0.00244949,0.067999996,0.00244949,-0.241,0.0014142137,-0.049000002,0.0014142137,1.139397633936566,0.10104326516321879,13.78471,,214.69193,1.0
2M04100418+2052094,4418.496,2.369,2.222,0.01,-0.543,0.002,0.33099997,0.0041231057,0.12499997,0.0041231057,0.109999985,0.0046904157,0.47199997,0.0022360682,0.204,0.0037416574,0.30699998,0.0041231057,-0.47100008,0.0028284274,-0.15200001,0.0028284274,1.1428156040012434,0.12328081103767226,13.893626,,186.98372,1.0
2M13532428-1226470,4447.741,2.789,2.257,0.011,-0.542,0.002,0.297,0.0041231057,0.13799998,0.0041231057,0.051,0.0053851646,,,0.21599999,0.0041231057,0.31199998,0.0041231057,-0.305,0.0028284274,-0.53599995,0.0028284274,1.2200107533098117,0.07372505947492666,16.59628,,162.18782,1.0
2M10414566+0952510,4790.582,3.679,3.174,0.005,-0.045,0.001,-0.027999997,0.00244949,-0.047,0.003,0.18100001,0.003,0.211,0.0014142137,-0.04,0.00244949,-0.022,0.00244949,0.069000006,0.0014142137,0.43400002,0.0014142137,0.6482362438179738,0.1080365037784188,4.448732,,278.0792,1.0
2M11032543+0332188,4575.069,3.753,3.036,0.009,-0.245,0.002,0.236,0.0034641016,0.045,0.0034641016,0.17500001,0.00489898,0.324,0.0028284274,0.066,0.0030000003,0.11500001,0.0034641016,0.104,0.0028284274,0.289,0.0028284274,0.8886957333470598,0.08562648270131079,7.739194,,158.49648,1.0
2M11032543+0332188,4575.069,3.753,3.036,0.009,-0.245,0.002,0.236,0.0034641016,0.045,0.0034641016,0.17500001,0.00489898,0.324,0.0028284274,0.066,0.0030000003,0.11500001,0.0034641016,0.104,0.0028284274,0.289,0.0028284274,0.8886957333470598,0.08562648270131079,7.739194,,158.49648,1.0
2M04394270+2655256,4638.216,5.223,2.623,0.011,-0.312,0.002,0.05400002,0.0041231057,0.004999995,0.0041231057,0.169,0.0046904157,0.25300002,0.0028284274,0.022000015,0.0041231057,0.11,0.0041231057,-0.109,0.0028284274,0.272,0.0028284274,0.8146963124333225,0.11547363496933336,6.52674,,139.6001,1.0
2M03534379+1152555,4941.072,3.01,3.177,0.005,-0.122,0.001,,,,,0.248,0.00244949,0.12900001,0.0014142137,0.045,0.00244949,-0.020000003,0.00244949,-0.062,0.0014142137,0.028000005,0.0014142137,0.949749931501388,0.10596178454433919,8.907378999999999,,396.5733,1.0
2M16481004-1933428,4159.965,0.899,1.901,0.007,-0.298,0.001,0.24700001,0.00244949,0.11500001,0.00244949,0.20500001,0.003,0.337,0.0014142137,0.09900001,0.00244949,0.209,0.00244949,-0.09,0.0014142137,0.142,0.0014142137,1.2198009384854978,0.0773559418571719,16.588264000000002,,209.89507,1.0
2M01005560+1044541,4674.722,2.164,2.967,0.004,-0.295,0.001,0.259,0.0017320508,0.09799999,0.00244949,0.102999985,0.0033166248,0.41099998,0.0014142137,0.15899998,0.0017320508,0.22799999,0.0017320508,-0.31900004,0.0014142137,0.11099999,0.0014142137,0.9030447094320714,0.11482604993220155,7.999166000000001,,350.5918,1.0
2M08235856+1743387,4965.703,5.947,3.206,0.009,-0.33,0.001,0.128,0.0037416576,-0.044999987,0.004358899,0.15400001,0.0050990195,0.22700001,0.0014142137,0.08700001,0.0037416576,0.062000006,0.0037416576,-0.010999978,0.0014142137,-0.004999995,0.0014142137,0.8284406964887341,0.10459522494620634,6.736599000000001,,248.30534,1.0
2M08192678+1911346,4928.144,2.755,3.265,0.004,-0.065,0.001,0.0059999973,0.00244949,-0.056,0.00244949,0.174,0.00244949,0.182,0.0014142137,,,0.0029999986,0.00244949,0.016999997,0.0014142137,-0.009000003,0.0014142137,1.1601457667269188,0.0895296456267285,14.45925,,451.4449,1.0
2M23112973-0324272,4941.045,6.862,2.949,0.012,-0.581,0.002,0.116999984,0.0046904157,-0.003000021,0.007874008,-0.10700005,0.008774964,0.27499998,0.0028284274,0.12199998,0.0046904157,0.14699998,0.0046904157,-0.17000002,0.0028284274,-0.05700004,0.0028284274,0.48046113271479285,0.115371844111713,3.02316,,221.75087,1.0
2M16253967-2737033,4742.181,9.783,2.615,0.022,-0.807,0.003,0.283,0.0083666,-0.143,0.019209372,-0.04400003,0.020149441,0.431,0.0036055513,0.21700001,0.0083666,0.38,0.0083666,0.023999989,0.004242641,0.09499997,0.004242641,0.3629847142184408,0.06152548778034816,2.306666,,111.18385,1.0
2M22050980-1208282,4914.584,2.254,3.163,0.003,-0.091,0.001,-0.008000001,0.00244949,-0.1,0.00244949,0.19299999,0.00244949,0.188,0.0014142137,0.042,0.00244949,-0.065000005,0.00244949,0.008999996,0.0014142137,-0.058000006,0.0014142137,1.139438620686341,0.10151119798490227,13.786010999999998,,542.35406,1.0
2M08280804+2317206,4763.665,2.415,3.182,0.004,-0.354,0.001,0.24700001,0.00244949,0.05700001,0.0033166248,0.03999999,0.004242641,,,,,0.192,0.00244949,-0.20799997,0.0022360682,-0.13299999,0.0014142137,1.0526228102810318,0.12237226007512973,11.288151,,437.69443,1.0
2M04505514+2022168,4733.228,2.372,3.249,0.004,0.163,0.001,0.0119999945,0.0017320508,-0.065000005,0.0017320508,0.228,0.00244949,0.18100001,0.0014142137,0.004999995,0.0017320508,-0.012000009,0.0017320508,-0.149,0.0014142137,0.25599998,0.0014142137,0.477275836041377,0.06901630971810503,3.001068,,328.81158,1.0
2M10432456+1038524,4776.773,6.649,3.197,0.011,,,,,,,,,,,,,,,,,,,0.552190838166065,0.08212918461442321,3.566078,,155.8816,1.0
2M10432456+1038524,4776.773,6.649,3.197,0.011,,,,,,,,,,,,,,,,,,,0.552190838166065,0.08212918461442321,3.566078,,155.8816,1.0
2M22192864-0917025,4327.47,0.894,1.977,0.005,-0.558,0.001,0.21800002,0.0017320508,0.06300002,0.0017320508,0.14300004,0.00244949,0.35700002,0.0014142137,0.12100002,0.0017320508,0.19700003,0.0017320508,-0.109999955,0.0014142137,-0.315,0.0014142137,1.1739625823648003,0.11085768297077005,14.926657999999998,,419.88937,1.0
2M03392967+1428567,4760.469,1.266,3.088,0.002,0.021,0.001,0.0020000003,0.0017320508,-0.049999997,0.0017320508,0.23300001,0.00244949,0.161,0.0014142137,0.056,0.0017320508,-0.028,0.0017320508,-0.073,0.0014142137,0.3,0.0014142137,0.40986822778993065,0.08813346229881751,2.569616,,735.29675,1.0
2M22041902-1205419,4824.698,4.264,3.115,0.006,-0.062,0.001,0.051,0.00244949,-0.11800001,0.003,0.23300001,0.003,0.211,0.0014142137,0.027999997,0.00244949,0.020999998,0.00244949,-0.188,0.0014142137,0.0040000007,0.0014142137,0.13611403355751045,0.02555157061744174,1.368088,,236.55907,1.0
2M22072683-1440432,4645.045,2.981,3.262,0.004,0.291,0.001,0.076000005,0.00244949,0.072,0.00244949,0.30400002,0.00244949,0.21600002,0.0014142137,0.037,0.00244949,0.028999984,0.00244949,-0.074000016,0.0014142137,0.153,0.0014142137,0.8524055716331147,0.0781285388354637,7.11878,,200.24203,1.0
2M04583199+2143310,4435.919,1.97,2.108,0.008,-0.354,0.001,0.09400001,0.00244949,-0.07999998,0.00244949,0.337,0.003,0.242,0.0014142137,0.060000002,0.00244949,0.10100001,0.00244949,-0.07499999,0.0014142137,-0.19899997,0.0014142137,-0.06666458992234871,0.14124216586864724,0.8577,,231.49951,1.0
2M08302902+1217509,4390.944,1.862,1.929,0.009,-0.714,0.001,0.276,0.003,0.009000003,0.003,0.110000014,0.004582576,0.396,0.0014142137,0.18,0.003,0.288,0.003,-0.32800007,0.0022360682,0.15200001,0.0014142137,1.1376123321823817,0.136391616765914,13.72816,,249.48286,1.0
2M08184809+1455088,4758.933,3.102,2.808,0.006,-0.366,0.001,0.08699998,0.003,-0.009000003,0.003,0.102,0.0037416576,0.21,0.0014142137,0.051999986,0.003,0.137,0.003,-0.18699998,0.0014142137,0.23099999,0.0014142137,0.8840656234283031,0.1354235433491234,7.657122999999999,,331.17282,1.0
2M15584520-2254371,4702.033,0.931,3.166,0.001,0.291,0.001,0.027999997,0.0017320508,-0.009000003,0.0017320508,0.48299998,0.0017320508,0.27099997,0.0014142137,0.018999994,0.0017320508,0.0009999871,0.0017320508,-0.18600002,0.0014142137,0.43,0.0014142137,0.6909932975068867,0.11625044975179692,4.909003,,747.53094,1.0
2M15584520-2254371,4702.033,0.931,3.166,0.001,0.291,0.001,0.027999997,0.0017320508,-0.009000003,0.0017320508,0.48299998,0.0017320508,0.27099997,0.0014142137,0.018999994,0.0017320508,0.0009999871,0.0017320508,-0.18600002,0.0014142137,0.43,0.0014142137,0.6909932975068867,0.11625044975179692,4.909003,,747.53094,1.0
2M04154957+2350410,4572.978,0.495,2.849,0.001,0.19,0.001,-0.008000001,,-0.0069999993,,0.39099997,,0.17700002,0.0014142137,0.018000007,,-0.044,,-0.387,0.0014142137,0.201,0.0014142137,0.7091722337226742,0.1282552362646456,5.118848000000001,,1106.2974,1.0
2M04025272+1337561,4538.047,1.436,2.705,0.003,-0.043,0.001,0.017,0.0017320508,-0.028,0.0017320508,0.127,0.00244949,0.193,0.0014142137,0.035,0.0017320508,0.017,0.0017320508,-0.070999995,0.0014142137,0.091000006,0.0014142137,0.9949540906281853,0.09662552944454188,9.884486,,382.32086,1.0
2M13522321-1111198,4837.958,5.325,3.097,0.007,0.02,0.001,0.051000003,0.0033166248,-0.054,0.0033166248,0.274,0.0037416576,0.25,0.0014142137,0.038,0.0033166248,0.005000001,0.0033166248,-0.316,0.0014142137,0.053,0.0014142137,0.5593014215614367,0.11625976102846731,3.624945,,187.42427,1.0
2M09075394+1332209,4757.153,4.724,3.239,0.006,0.208,0.001,-0.012000009,0.00244949,-0.048000008,0.00244949,0.325,0.003,,,0.040999994,0.00244949,-0.059,0.00244949,-0.435,0.0014142137,0.194,0.0014142137,0.31512064740210455,0.05140576136261469,2.065954,,173.42412,1.0
2M13075454-0338132,4620.455,2.104,2.504,0.006,-0.671,0.002,0.326,0.0030000003,0.10900003,0.0037416574,-0.018999994,0.0054772254,0.42900002,0.0022360682,0.234,0.0030000003,0.385,0.0030000003,-0.325,0.0028284274,0.031000018,0.0028284274,1.2078523753405792,0.08449405929340523,16.138099,,359.63412,1.0
2M03493419+1433299,4750.305,4.63,2.733,0.01,-0.537,0.002,0.225,0.0041231057,0.062000006,0.0046904157,0.03999999,0.0053851646,0.371,0.0022360682,0.139,0.0041231057,0.30900002,0.0041231057,-0.337,0.0028284274,-0.48400003,0.0028284274,0.8422413062586902,0.13327981603967373,6.954106,,208.69669,1.0
2M00440385+0719185,4862.14,3.967,3.304,0.005,-0.074,0.001,0.068,0.00244949,-0.049999997,0.003,0.184,0.003,0.205,0.0014142137,0.092,0.00244949,0.064,0.00244949,-0.271,0.0014142137,0.038000003,0.0014142137,1.224952703695993,0.060417267974481055,16.786212,,265.2927,1.0
2M01090699+0901487,4711.974,3.513,2.987,0.006,-0.102,0.001,0.020999998,0.00244949,-0.032000005,0.00244949,0.19999999,0.003,0.188,0.0014142137,0.009999998,0.00244949,0.038999997,0.00244949,-0.11,0.0014142137,0.31599998,0.0014142137,0.9476308742751628,0.11871862554754954,8.864023,,235.76785,1.0
2M12033269-0634347,4737.917,2.765,2.809,0.005,-0.23,0.001,0.0059999973,0.00244949,-0.08400001,0.003,0.224,0.003,0.285,0.0014142137,0.065,0.003,0.072,0.003,0.234,0.0014142137,0.298,0.0014142137,0.770745265134831,0.13153857343229872,5.89855,,353.5987,1.0
2M08275950+2322377,4640.672,0.888,2.949,0.001,0.076,0.001,0.013000004,0.0017320508,-0.030999996,0.0017320508,0.27199998,0.0017320508,0.167,0.0014142137,0.012000002,0.0017320508,-0.009999998,0.0017320508,-0.161,0.0014142137,0.29,0.0014142137,0.8868541959569216,0.12480522420591654,7.706447,,770.0817,1.0
2M22064934-1013359,4663.75,2.722,3.14,0.004,0.168,0.001,0.013999999,0.00244949,-0.008000001,0.00244949,0.22399999,0.003,0.18499999,0.0014142137,0.004000008,0.00244949,0.003000006,0.00244949,-0.107999995,0.0014142137,0.087,0.0014142137,0.8202762883511581,0.10600490900987002,6.611139,,254.73537,1.0
2M10553886+1233352,4692.728,1.187,2.799,0.002,-0.223,0.001,0.013999999,0.0017320508,-0.11299999,0.00244949,0.201,0.00244949,0.30900002,0.0014142137,0.029,0.0017320508,0.017000005,0.0017320508,-0.397,0.0014142137,0.40399998,0.0014142137,0.9006834201998737,0.12594124120259542,7.955792,,747.54,1.0
2M11490951+0626038,4836.903,1.647,3.203,0.002,-0.155,0.001,0.031999998,0.0017320508,-0.017999992,0.00244949,0.165,0.00244949,0.2,0.0014142137,0.037,0.0017320508,0.029,0.0017320508,-0.06299999,0.0014142137,0.103,0.0014142137,0.48492335168483625,0.11055251291686602,3.054382,,646.3689,1.0
2M11490951+0626038,4836.903,1.647,3.203,0.002,-0.155,0.001,0.031999998,0.0017320508,-0.017999992,0.00244949,0.165,0.00244949,0.2,0.0014142137,0.037,0.0017320508,0.029,0.0017320508,-0.06299999,0.0014142137,0.103,0.0014142137,0.48492335168483625,0.11055251291686602,3.054382,,646.3689,1.0
2M01144308+0242064,4679.547,3.204,3.004,0.006,-0.351,0.001,0.272,0.003,0.10400002,0.003,0.059000015,0.0037416576,0.42400002,0.0014142137,0.19800001,0.003,0.24900001,0.003,-0.14899999,0.0014142137,0.19200002,0.0014142137,0.4964542919845666,0.08289764232317978,3.136565,,245.05447,1.0
2M00541585+0425364,4660.83,5.814,2.69,0.012,-0.254,0.002,0.08400001,0.00489898,0.021000013,0.00489898,0.098000005,0.0053851646,0.21100001,0.0028284274,0.024000004,0.00489898,0.15400001,0.00489898,-0.14199999,0.0028284274,-0.30900002,0.0028284274,1.0334119730786786,0.13776349531171883,10.799707,,140.42744,1.0
2M09070868+1443589,4707.771,5.824,3.233,0.008,0.24,0.002,0.029,0.0037416574,-0.008999988,0.0037416574,0.374,0.0041231057,0.2,0.0028284274,0.024999991,0.0037416574,-0.008999988,0.0037416574,-0.431,0.0028284274,0.165,0.0028284274,1.2804841947349017,0.015798485902309235,19.075863,,128.3254,1.0
2M13394219-1432480,4875.002,1.898,3.032,0.003,-0.174,0.001,-0.008000001,0.00244949,-0.10500002,0.00244949,0.215,0.00244949,0.19399999,0.0014142137,0.054999992,0.00244949,-0.009000003,0.00244949,-0.13300002,0.0014142137,-0.016000003,0.0014142137,0.3601636394420586,0.10224609592030051,2.291731,,587.4852,1.0
2M13485814-1028461,4924.287,8.68,3.259,0.012,-0.29,0.002,0.11199999,0.0053851646,0.020999998,0.006,0.087999985,0.006,0.276,0.0028284274,0.095999986,0.0053851646,0.169,0.0053851646,-0.10100001,0.0028284274,-0.016000003,0.0028284274,1.1822710147465392,0.0841825947174077,15.214967,,150.11351,1.0
2M08193970+1947385,4502.175,0.854,2.779,0.002,0.153,0.001,0.019000009,0.0017320508,0.052,0.0017320508,0.33200002,0.0017320508,0.15900001,0.0014142137,-0.002000004,0.0017320508,0.001000002,0.0017320508,-0.414,0.0014142137,0.015000001,0.0014142137,0.8462171387224001,0.10293228134626063,7.018061,,545.8869,1.0
2M10222475+0411526,4334.105,2.063,2.098,0.01,-0.598,0.001,0.269,0.0037416576,0.11499998,0.0037416576,0.12199998,0.004358899,0.438,0.0014142137,0.15399998,0.0033166248,0.265,0.0037416576,-0.3,0.0022360682,0.333,0.0014142137,1.2442388616084632,0.055101419239514664,17.548454,,180.22548,1.0
2M23514106-0421484,4643.686,1.004,3.18,0.001,0.18,0.001,0.078999996,0.0017320508,0.044,0.0017320508,0.243,0.00244949,0.187,0.0014142137,-0.001000002,0.0017320508,0.06099999,0.0017320508,-0.363,0.0014142137,-0.011000007,0.0014142137,1.154068936094404,0.09086046637882315,14.258339,,658.9404,1.0
2M13494390-1645426,4419.33,0.737,2.52,0.002,-0.157,0.001,0.09900001,0.0017320508,0.023000002,0.0017320508,0.123,0.00244949,0.271,0.0014142137,0.057000004,0.0017320508,0.082,0.0017320508,-0.0069999993,0.0014142137,-0.11399999,0.0014142137,1.0661907324943325,0.13838165047568876,11.646374,,590.6586,1.0
2M08354378+1611416,4897.977,4.346,3.279,0.006,-0.142,0.001,0.049000002,0.003,-0.04599999,0.003,0.163,0.0037416576,0.164,0.0014142137,0.069000006,0.003,0.042000003,0.003,0.236,0.0014142137,-0.094,0.0014142137,0.7012338901695743,0.11216060340423759,5.026132,,278.51382,1.0
2M03590911+1253044,4531.579,1.981,2.581,0.006,-0.245,0.001,0.259,0.00244949,0.06300001,0.00244949,0.384,0.003,0.343,0.0014142137,0.148,0.00244949,0.23,0.00244949,-0.30699998,0.0014142137,0.083000004,0.0014142137,1.0164203846904043,0.11678227650895256,10.385332,,272.85544,1.0
2M03562312+2403559,4849.084,4.618,3.305,0.005,0.177,0.001,-0.010000005,0.00244949,-0.158,0.00244949,0.37300003,0.003,0.16000001,0.0014142137,0.068,0.00244949,-0.018000007,0.00244949,-0.348,0.0014142137,0.30299997,0.0014142137,0.2193526485113003,0.07454434421277426,1.657115,,211.16403,1.0
2M11431837-0501243,4867.977,14.667,2.888,0.026,-0.758,0.003,0.069000006,0.010440307,0.0009999871,0.01992486,-0.26199996,0.027367866,0.31,0.004242641,0.20200002,0.009899495,0.19300002,0.009899495,-0.25300002,0.005,-0.17500001,0.005,0.850139610010097,0.1418346705985959,7.081734,,106.53919,1.0
2M11431837-0501243,4867.977,14.667,2.888,0.026,-0.758,0.003,0.069000006,0.010440307,0.0009999871,0.01992486,-0.26199996,0.027367866,0.31,0.004242641,0.20200002,0.009899495,0.19300002,0.009899495,-0.25300002,0.005,-0.17500001,0.005,0.850139610010097,0.1418346705985959,7.081734,,106.53919,1.0
2M22304912-0639121,4683.81,2.261,2.995,0.004,-0.176,0.001,0.197,0.0017320508,0.184,0.0017320508,0.33499998,0.00244949,0.34399998,0.0014142137,0.118,0.0017320508,0.169,0.0017320508,-0.195,0.0014142137,0.085,0.0014142137,0.9174146500543726,0.11616081457106635,8.26827,,347.58908,1.0
2M08243451+1947024,4493.047,2.268,2.658,0.005,0.291,0.001,-0.01700002,0.00244949,0.013999999,0.00244949,0.245,0.00244949,0.07699999,0.0014142137,-0.02000001,0.00244949,-0.03400001,0.00244949,-0.222,0.0014142137,0.153,0.0014142137,0.7608060915436885,0.07530462121884057,5.76509,,186.81198,1.0
2M13232836-1134519,4598.353,1.473,2.989,0.003,0.074,0.001,0.098000005,0.0017320508,0.054999992,0.0017320508,0.163,0.00244949,0.17,0.0014142137,0.027999997,0.0017320508,0.034999996,0.0017320508,-0.226,0.0014142137,0.22299999,0.0014142137,0.6574172956125097,0.09812180435842979,4.54378,,378.46585,1.0
2M23294565-1214570,4197.316,0.425,1.962,0.003,-0.375,0.001,0.24,0.0017320508,0.125,0.0017320508,0.11700001,0.00244949,0.411,0.0014142137,0.185,0.0017320508,0.229,0.0017320508,-0.176,0.0014142137,-0.072,0.0014142137,1.1744689803675321,0.11257233454515264,14.944073,,520.85516,1.0
2M22260036-0641149,4825.094,7.865,3.17,0.012,-0.348,0.002,0.232,0.0053851646,0.01699999,0.0067082043,0.037,0.008306623,0.407,0.0028284274,0.11299999,0.0053851646,0.29299998,0.0053851646,-0.02700001,0.0028284274,0.21299998,0.0028284274,0.5354289456498568,0.09487793953839195,3.4310650000000003,,139.66304,1.0
2M04035088+2016513,4580.632,2.716,2.696,0.006,-0.172,0.001,0.046000004,0.00244949,-0.008999988,0.00244949,0.164,0.003,0.288,0.0014142137,0.07000001,0.00244949,0.023000002,0.00244949,-0.0069999993,0.0014142137,0.07400001,0.0014142137,1.1828403490825052,0.09568870908695633,15.234926000000002,,237.38657,1.0
2M00405917+0745377,4755.781,2.5,3.214,0.003,0.019,0.001,0.026000002,0.0017320508,-0.062,0.0017320508,0.148,0.00244949,0.199,0.0014142137,0.042999998,0.0017320508,0.038999997,0.0017320508,-0.075,0.0014142137,0.15900001,0.0014142137,1.2708454195819112,0.02541670055675841,18.657155,,347.995,1.0
2M22315624-0710193,4377.981,1.964,0.873,0.007,-1.331,0.001,0.23699999,0.0033166248,0.56899995,0.0033166248,0.56899995,0.0033166248,0.06699991,0.0014142137,0.23500001,0.0033166248,0.19700003,0.0033166248,1.217,0.0014142137,1.071,0.0014142137,0.17085728798078056,0.03911030115614019,1.482031,,266.93283,1.0
2M08243288+2324358,4601.747,1.328,2.708,0.003,-0.103,0.001,0.055,0.0017320508,-0.034999996,0.0017320508,0.204,0.00244949,0.234,0.0014142137,0.057,0.0017320508,0.034,0.0017320508,-0.026999995,0.0014142137,0.19600001,0.0014142137,1.0138101764472565,0.1042771320485746,10.323101,,481.65656,1.0
2M22024845-1252143,4887.386,11.513,2.873,0.022,-0.844,0.003,0.283,0.0083666,-0.009000003,0.021095024,-0.20099998,0.033674918,0.333,0.0036055513,0.22799999,0.0083666,0.543,0.00781025,-0.503,0.005,0.24199998,0.004242641,1.1288938371333017,0.10500324152724785,13.455314,,125.54368,1.0
2M12051425-0334334,4274.843,0.922,2.171,0.005,-0.261,0.001,0.13800001,0.0017320508,0.076000005,0.0017320508,0.146,0.00244949,0.37300003,0.0014142137,0.067,0.0017320508,0.148,0.0017320508,-0.132,0.0014142137,-0.078999996,0.0014142137,1.171678547013661,0.10957409965647831,14.848362,,308.99997,1.0
2M08163214+1308324,4335.831,1.509,2.046,0.008,-0.698,0.002,0.317,0.0034641016,0.10100001,0.0034641016,0.09200001,0.00489898,,,0.21200001,0.0034641016,0.31,0.0034641016,-0.116999984,0.0028284274,0.006000042,0.0028284274,1.1476440523346751,0.12838015702166386,14.048956,,255.26144,1.0
2M08395011+1554162,4555.266,1.928,2.721,0.004,,,,,,,,,,,,,,,,,,,1.0740022531375781,0.11995670404529533,11.857749,,295.05133,1.0
2M23544683-0304183,4724.838,1.674,3.076,0.002,-0.038,0.001,0.024999999,0.0017320508,-0.053,0.0017320508,0.212,0.00244949,0.199,0.0014142137,0.013999999,0.0017320508,-0.016000003,0.0017320508,-0.169,0.0014142137,0.106000006,0.0014142137,0.5307941081357066,0.0897694743651665,3.394643,,533.21606,1.0
2M23174678-0628310,4810.506,2.47,2.891,0.004,-0.073,0.001,-0.012000002,0.0017320508,-0.055999994,0.00244949,0.175,0.00244949,0.242,0.0014142137,0.018,0.0017320508,0.033999998,0.0017320508,-0.135,0.0014142137,0.145,0.0014142137,0.17257607883918996,0.0894163426884786,1.487908,,398.14987,1.0
2M08375128+1339560,4265.099,0.633,2.362,0.002,0.16,0.001,0.04100001,,0.05600001,,0.271,0.0017320508,,,0.019000009,,0.026000008,,-0.16399999,0.0014142137,0.171,0.0014142137,1.2062730802045507,0.08455868746540857,16.079520000000002,,414.0083,1.0
2M22154998-0503521,4828.01,5.836,3.189,0.008,0.058,0.001,0.017000005,0.0033166248,-0.0029999986,0.0033166248,0.313,0.0037416576,0.19600001,0.0014142137,0.042000003,0.0033166248,0.016000003,0.0033166248,-0.343,0.0014142137,0.21900001,0.0014142137,0.24790480437810686,0.04983026478346857,1.769721,,162.04106,1.0
2M01301631+0715084,4350.018,1.176,2.15,0.006,-0.513,0.001,0.32500002,0.00244949,0.12600002,0.00244949,0.096000016,0.0037416576,0.458,0.0014142137,0.139,0.00244949,0.29900002,0.00244949,-0.21999997,0.0014142137,0.28100002,0.0014142137,1.087049490639554,0.14383802544218868,12.219389,,299.8266,1.0
2M13290359-1030523,4866.712,11.223,2.258,0.022,-1.096,0.003,0.20899993,0.00781025,0.013999939,0.020149441,-0.16500008,0.028792359,-0.025000095,0.004242641,0.19799995,0.00781025,0.35399997,0.00781025,-0.30500007,0.004242641,-0.17000008,0.004242641,1.2290287068966566,0.07815189650921782,16.944498,,167.47667,1.0
2M04271147+2045346,4666.31,2.568,2.9,0.005,-0.092,0.001,0.039,0.00244949,0.0019999966,0.00244949,0.23500001,0.003,0.20199999,0.0014142137,0.027000003,0.00244949,0.057,0.00244949,-0.276,0.0014142137,0.24599999,0.0014142137,1.0525150326837458,0.12085409465677095,11.28535,,286.33463,1.0
2M18502801-2549069,4550.113,5.391,2.321,0.019,-0.725,0.003,0.31300002,0.007071068,0.015000045,0.009110434,-0.08899999,0.013341664,0.48400003,0.0036055513,0.25900003,0.007071068,0.388,0.007071068,-0.102,0.004242641,0.004999995,0.004242641,1.2321834484250525,0.06872697290818201,17.068032000000002,,111.873634,1.0
2M08275855+2024312,4611.696,1.08,3.001,0.002,0.05,0.001,0.026999999,0.0017320508,0.015999999,0.0017320508,0.162,0.00244949,0.154,0.0014142137,0.021000002,0.0017320508,0.0069999993,0.0017320508,-0.225,0.0014142137,-0.073,0.0014142137,0.9807014559007481,0.12468334792748706,9.565363,,618.47986,1.0
2M18505916-2538079,4674.963,3.944,2.6,0.009,-0.408,0.001,0.06299999,0.003,0.021999985,0.003,0.14699998,0.003,0.309,0.0014142137,0.07699999,0.003,0.11399999,0.003,-0.12199998,0.0014142137,0.085999995,0.0014142137,0.4817857718765886,0.1377475837205477,3.032395,,214.69606,1.0
2M08271404+2245039,4736.156,1.734,3.169,0.003,-0.104,0.001,0.128,0.0017320508,0.072,0.00244949,0.102000006,0.00244949,,,,,0.120000005,0.0017320508,-0.087,0.0014142137,0.055000003,0.0014142137,1.0413579796943297,0.11545277294524509,10.999121,,533.12494,1.0
2M08424236+1342390,4632.922,6.275,1.839,0.017,-1.146,0.002,0.148,0.006,-0.34899998,0.017578395,-0.14399993,0.027367864,-0.08700001,0.0028284274,0.259,0.006,0.49100006,0.006,-0.06099999,0.0028284274,0.27400005,0.0028284274,1.1589746569446095,0.1186727816002617,14.420312,,183.82977,1.0
2M09053227+2038340,4620.75,5.414,2.846,0.012,-0.229,0.002,0.229,0.00489898,0.103,0.0053851646,0.143,0.006,0.339,0.0028284274,,,0.211,0.00489898,-0.29599997,0.0028284274,-0.34,0.0028284274,0.9153432624287619,0.13019601726337954,8.228928,,114.74417,1.0
2M13431926-1119266,4957.772,2.63,2.987,0.004,-0.375,0.001,0.044999987,0.00244949,-0.062000006,0.004242641,0.135,0.004242641,0.19,0.0014142137,0.04100001,0.00244949,0.135,0.00244949,0.018000007,0.0014142137,0.151,0.0014142137,0.3964509556978683,0.10933097312255188,2.491443,,526.2495,1.0
2M14063947-0939534,4145.188,0.34,2.088,0.002,-0.028,0.001,0.185,0.0017320508,0.069000006,0.0017320508,0.131,0.00244949,,,0.09200001,0.0017320508,0.152,0.0017320508,0.0030000005,0.0014142137,-0.24400002,0.0014142137,1.2044763650183463,0.09050442514355335,16.013135000000002,,515.9299,1.0
2M11023605+1233488,4344.523,2.899,2.244,0.013,-0.419,0.002,0.242,0.00489898,0.11500001,0.00489898,0.137,0.0053851646,0.34,0.0028284274,0.141,0.0045825755,0.24,0.00489898,-0.643,0.0028284274,-0.505,0.0028284274,1.2368984271507233,0.06050252015259946,17.254343,,127.44594,1.0
2M13161422-1333287,4719.061,6.469,3.026,0.01,-0.111,0.002,0.04,0.0041231057,-0.030000001,0.0041231057,0.134,0.0046904157,0.197,0.0028284274,0.024999999,0.0041231057,0.061,0.0041231057,-0.18900001,0.0028284274,0.163,0.0028284274,1.153949733742871,0.09695980458015933,14.254426,,128.9551,1.0
2M13525426-1049316,4738.33,4.187,3.127,0.007,-0.079,0.001,,,-0.05799999,0.003,0.066,0.0037416576,0.201,0.0014142137,0.120000005,0.003,0.058000006,0.00244949,-1.331,0.0022360682,0.409,0.0014142137,0.9322662583200231,0.12993088035355818,8.555911,,217.29533,1.0
2M03492318+2144208,4469.647,0.383,2.63,0.001,0.045,0.001,0.009,,0.023000002,,0.27600002,,0.176,0.0014142137,0.041,,-0.014000002,,-0.243,0.0014142137,0.198,0.0014142137,0.7021598797692763,0.11989516543563043,5.03686,,1144.9169,1.0
2M19184671-2912185,4391.489,3.776,1.942,0.019,-0.71,0.002,0.30499998,0.0053851646,-0.006000042,0.006,0.08699995,0.008306623,0.38399997,0.0028284274,0.24599999,0.0053851646,0.34999996,0.0053851646,0.044999957,0.0028284274,-0.043000042,0.0028284274,1.151587494623291,0.12426204619487113,14.177103,,108.93846,1.0
2M08373549+2314071,4776.001,2.498,2.993,0.004,-0.123,0.001,0.041,0.0017320508,-0.058999993,0.00244949,0.2,0.00244949,0.202,0.0014142137,0.097,0.0017320508,0.037,0.0017320508,0.032000005,0.0014142137,-0.013000004,0.0014142137,0.7897882215029485,0.12114561921394688,6.162944,,379.76596,1.0
2M11231189+0212042,4823.086,0.92,2.943,0.002,-0.299,0.001,0.06299999,,-0.09,,0.169,,0.296,0.0014142137,0.05299999,,0.08999999,,0.0,0.0014142137,0.114999995,0.0014142137,0.7389564596728155,0.13694176689734885,5.48222,,1165.753,1.0
2M23125128-1029355,4632.315,2.586,2.612,0.006,-0.241,0.001,0.029,0.00244949,-0.004000008,0.00244949,0.129,0.003,0.236,0.0014142137,0.023000002,0.00244949,0.044,0.00244949,-0.04699999,0.0014142137,0.267,0.0014142137,0.8533487500361836,0.10971579390611273,7.134257000000001,,303.81274,1.0
2M13170116-1254126,4682.205,2.7,2.742,0.006,-0.304,0.001,0.114999995,0.00244949,0.0119999945,0.003,0.22,0.003,0.25199997,0.0014142137,0.087999985,0.00244949,0.14299999,0.00244949,-0.46,0.0014142137,0.23499998,0.0014142137,0.6509609020568617,0.13276131430232782,4.47673,,311.19724,1.0
2M01274367+0559212,4704.745,7.009,3.099,0.014,-0.283,0.002,0.283,0.0053851646,0.073999986,0.006,0.151,0.0067082043,0.38,0.0028284274,0.13399999,0.00489898,0.22799999,0.0053851646,-0.137,0.0028284274,0.139,0.0028284274,0.46586135279456675,0.08067333043600321,2.923219,,119.15646,1.0
2M21560469-1154468,4813.953,2.269,3.275,0.003,0.088,0.001,-0.018,0.0017320508,-0.118,0.00244949,0.176,0.00244949,0.17500001,0.0014142137,0.08,0.0017320508,-0.066,0.0017320508,-0.08,0.0014142137,0.147,0.0014142137,0.41754525961284694,0.061869424217901946,2.615443,,447.5687,1.0
2M19185190-2757391,4176.303,1.546,2.072,0.008,-0.03,0.001,0.119,0.0033166248,0.085,0.0033166248,0.274,0.0037416576,0.19,0.0014142137,0.027999999,0.0033166248,0.095,0.0033166248,-0.167,0.0014142137,0.177,0.0014142137,1.2280960149442606,0.0685676136428871,16.908147,,143.94388,1.0
2M16012867-2246016,4324.427,1.234,2.209,0.006,-0.294,0.001,0.221,0.00244949,0.088,0.00244949,0.174,0.003,0.375,0.0014142137,0.099999994,0.00244949,0.204,0.00244949,-0.020999998,0.0014142137,0.238,0.0014142137,1.1942510491059168,0.09289423856515264,15.640515,,257.89047,1.0
2M13304767-1358050,4552.596,1.801,2.622,0.005,-0.194,0.001,0.10000001,0.0017320508,-0.003999993,0.0017320508,0.11800001,0.00244949,0.256,0.0014142137,0.051,0.0017320508,0.113000005,0.0017320508,-0.162,0.0014142137,0.128,0.0014142137,1.1103277079456955,0.10067617813904578,12.89222,,308.72742,1.0
2M13274196-1025287,4926.954,11.796,3.15,0.018,-0.485,0.003,0.22600001,0.00781025,0.11600003,0.0096953595,0.073000014,0.011224973,0.393,0.0036055513,0.18600002,0.00781025,0.384,0.00781025,-0.03999996,0.004242641,0.26000002,0.0036055513,0.10867324563269752,0.046127219288356947,1.28432,,114.90266,1.0
2M05031581+2251401,4633.127,2.106,2.193,0.005,-0.338,0.001,0.009000003,0.0017320508,-0.14700001,0.00244949,0.235,0.00244949,0.2,0.0014142137,0.048000008,0.0017320508,0.039000005,0.0017320508,0.21700001,0.0014142137,-0.22299999,0.0014142137,-0.03028968733209774,0.14965555609722492,0.932632,,378.10016,1.0
2M04042048+1340047,4842.117,2.631,3.256,0.004,-0.087,0.001,0.047999997,0.00244949,-0.019000001,0.00244949,0.033999998,0.0033166248,0.20899999,0.0014142137,0.059999995,0.00244949,0.069,0.00244949,-0.19500001,0.0014142137,0.036999997,0.0014142137,1.1513776656388808,0.08858137782679834,14.170255,,398.25845,1.0
2M22001448-1227077,4684.354,14.326,1.517,0.035,-2.004,0.007,0.421,0.01805547,0.38599992,0.035623025,0.023000002,0.06104097,-0.14300013,0.009899495,0.62899995,0.017578395,0.4059999,0.01805547,0.20799994,0.009219545,-0.25699997,0.009899495,1.178533568104319,0.10183761292547713,15.084592,,118.90724,1.0
2M01174812+0739489,4624.812,3.309,2.411,0.008,-0.531,0.001,0.09800002,0.003,-0.041999996,0.003,0.11400002,0.0037416576,0.333,0.0014142137,0.06100002,0.003,0.19000003,0.003,-0.167,0.0014142137,-0.19099998,0.0014142137,0.8602199822415345,0.14247127898091252,7.24803,,243.72621,1.0
2M08162559+1454395,4837.218,5.336,3.264,0.007,0.08,0.001,0.013000004,0.00244949,-0.044,0.00244949,0.27899998,0.003,0.21499999,0.0014142137,0.054000005,0.00244949,,,-0.29,0.0014142137,0.26700002,0.0014142137,1.2004127559494469,0.07374365364870449,15.864002,,192.57509,1.0
2M17040785-2209353,4208.149,1.365,2.009,0.009,-0.291,0.001,0.245,0.0033166248,0.126,0.0033166248,0.16700001,0.0037416576,0.33,0.0014142137,0.097,0.0033166248,0.22100002,0.0033166248,-0.12199998,0.0014142137,-0.09,0.0014142137,1.2302379563090442,0.06491055912641217,16.991744,,167.86244,1.0
2M00530232+0939477,4721.136,2.86,3.091,0.004,,,,,,,,,,,,,,,,,,,0.6525964404574595,0.11311793295020063,4.493621,,311.6375,1.0
2M04244486+1751369,4929.246,3.939,2.991,0.006,-0.185,0.001,-0.017999992,0.003,-0.12799999,0.0037416576,0.157,0.0037416576,0.165,0.0014142137,0.053000003,0.003,-0.025999993,0.003,0.002000004,0.0014142137,0.228,0.0014142137,0.6624908473508441,0.11919976035347711,4.597173000000001,,313.87704,1.0
2M14024671-1002143,4660.261,4.03,2.71,0.009,-0.478,0.002,0.28599998,0.0041231057,0.075999975,0.0046904157,0.059999973,0.0053851646,0.32,0.0022360682,0.17199999,0.0041231057,0.36499998,0.0041231057,-0.42800003,0.0028284274,0.04099998,0.0028284274,0.7885560923081879,0.12140920946247172,6.145484,,203.0348,1.0
2M16104515-2523580,4141.947,1.812,1.995,0.011,-0.055,0.002,0.171,0.0045825755,0.114999995,0.0045825755,0.239,0.0053851646,0.271,0.0028284274,0.055999998,0.0045825755,0.168,0.0045825755,-0.14500001,0.0028284274,-0.095000006,0.0028284274,1.1429557759356743,0.13403905587843457,13.898110999999998,,107.086075,1.0
2M22010578-0723366,4275.547,1.419,2.067,0.008,-0.38,0.001,0.267,0.00244949,0.141,0.00244949,0.17199999,0.003,0.429,0.0014142137,0.19399999,0.00244949,0.267,0.00244949,-0.14600003,0.0014142137,-0.45999998,0.0014142137,1.172759050691284,0.10947839639161619,14.88535,,212.43251,1.0
2M12271446-0338449,4629.763,1.119,2.474,0.003,-0.248,0.001,0.053000003,0.0017320508,-0.11399999,0.00244949,0.254,0.00244949,0.217,0.0014142137,0.088,0.0017320508,0.03899999,0.0017320508,0.09899999,0.0014142137,0.052,0.0014142137,0.7722759273242491,0.12601249211639512,5.919376000000001,,693.66034,1.0
2M12271446-0338449,4629.763,1.119,2.474,0.003,-0.248,0.001,0.053000003,0.0017320508,-0.11399999,0.00244949,0.254,0.00244949,0.217,0.0014142137,0.088,0.0017320508,0.03899999,0.0017320508,0.09899999,0.0014142137,0.052,0.0014142137,0.7722759273242491,0.12601249211639512,5.919376000000001,,693.66034,1.0
2M05012971+2145303,4692.693,8.014,2.725,0.017,-0.47,0.002,0.065,0.0061644143,0.004000008,0.0061644143,0.14699998,0.0067082043,0.21399999,0.0028284274,0.041999996,0.0061644143,0.10800001,0.0061644143,0.06099999,0.0028284274,0.487,0.0028284274,1.2001676433345962,0.07444005347354418,15.855051,,114.28748,1.0
2M08364905+1455391,4715.583,2.968,3.087,0.005,0.225,0.001,0.017000005,0.00244949,-0.037999988,0.00244949,0.395,0.00244949,,,,,0.013999999,0.00244949,-0.351,0.0014142137,0.307,0.0014142137,0.9006223860062094,0.11634576293700004,7.954674000000001,,249.98334,1.0
2M13541078-1037195,4580.119,2.329,2.765,0.006,-0.325,0.001,0.301,0.003,0.09099999,0.003,0.09399998,0.0037416576,0.44199997,0.0014142137,0.22199999,0.00244949,0.255,0.003,-0.42400002,0.0022360682,0.137,0.0014142137,1.01436233267098,0.13214391985549376,10.336234,,262.6692,1.0
2M08395326+2504483,4436.856,4.648,1.991,0.019,,,,,,,,,,,,,,,,,,,1.1481170716972544,0.12638834333637422,14.064266,,118.132164,1.0
2M14033978-1521087,4683.231,4.674,2.846,0.009,-0.42,0.002,0.254,0.0041231057,0.125,0.0046904157,0.047999978,0.0053851646,0.396,0.0022360682,0.19299999,0.0041231057,0.278,0.0041231057,-0.47800002,0.0028284274,-0.06800002,0.0028284274,0.9599161153190829,0.13149470185869866,9.118347,,184.81676,1.0
2M01144033+1034101,4640.956,2.776,2.76,0.006,-0.172,0.001,0.05600001,0.00244949,-0.030000001,0.00244949,0.17,0.003,0.21100001,0.0014142137,0.033000007,0.00244949,0.08100001,0.00244949,-0.058,0.0014142137,0.23300001,0.0014142137,0.9310607725223764,0.13131277154935386,8.532195,,273.46622,1.0
2M03503238+1421028,4288.836,0.437,2.223,0.002,-0.018,0.001,0.0029999996,0.0017320508,-0.063,0.0017320508,0.24900001,0.0017320508,0.141,0.0014142137,-0.005000001,0.0017320508,0.003999999,0.0017320508,0.045,0.0014142137,0.066,0.0014142137,1.1203489281291676,0.14371468902761328,13.193163,,664.0569,1.0
2M22143438-1610437,4690.225,3.638,3.021,0.006,-0.233,0.001,0.20799999,0.00244949,0.077999994,0.003,0.144,0.0037416576,0.38300002,0.0014142137,0.092999995,0.00244949,0.19399999,0.00244949,-0.384,0.0014142137,-0.030000016,0.0014142137,0.7166471254002991,0.08980490565201406,5.207714,,220.9172,1.0
2M23275912+0100523,4511.708,1.209,2.714,0.003,0.029,0.001,0.017,0.0017320508,0.025000002,0.0017320508,0.25199997,0.0017320508,0.161,0.0014142137,0.013,0.0017320508,0.021000002,0.0017320508,-0.227,0.0014142137,-0.091,0.0014142137,1.100258820556193,0.10697161824891183,12.596759,,403.35632,1.0
2M10584750+0945065,4559.89,4.335,2.088,0.014,-0.529,0.002,0.22599998,0.0041231057,0.038999975,0.0046904157,0.17099997,0.0053851646,0.438,0.0028284274,0.102999985,0.0041231057,0.37,0.0041231057,-0.22500002,0.0028284274,0.09099999,0.0028284274,1.1604947920853546,0.11413470716435724,14.470875,,141.63835,1.0
2M00405873+0328505,4519.949,1.336,2.955,0.003,0.256,0.001,0.04699999,0.0017320508,0.06399998,0.0017320508,0.28699997,0.0017320508,0.15799999,0.0014142137,0.025999993,0.0017320508,0.04699999,0.0017320508,-0.13700001,0.0014142137,0.21599999,0.0014142137,0.8175658983807458,0.10630583925078932,6.5700080000000005,,341.25342,1.0
2M08442735+1957504,4954.848,1.174,3.161,0.002,-0.123,0.001,-0.013999991,0.00244949,-0.12399999,0.00244949,0.176,0.0033166248,0.027000003,0.0014142137,0.07000001,0.00244949,0.028000005,0.00244949,-0.085,0.0014142137,0.15900001,0.0014142137,0.45865053779210296,0.10695408925942909,2.875084,,1082.2205,1.0
2M05041906+2202073,4785.683,2.047,3.143,0.003,-0.121,0.001,0.091,0.0017320508,0.038000003,0.0017320508,0.11,0.00244949,0.304,0.0014142137,0.051,0.0017320508,0.105,0.0017320508,0.255,0.0014142137,-0.176,0.0014142137,0.4593009445179582,0.1108418169298856,2.879393,,463.6498,1.0
2M08253945+1754480,4969.847,4.458,3.202,0.007,-0.49,0.002,0.125,0.0041231057,0.006000012,0.0057445625,0.043000013,0.0057445625,0.268,0.0022360682,0.11200002,0.0041231057,0.18600002,0.0041231057,-0.15999997,0.0028284274,-0.051,0.0028284274,0.3714989857963534,0.07673689616355094,2.352334,,352.39124,1.0
2M03545788+1420154,4889.944,5.869,3.246,0.009,-0.562,0.002,0.29299998,0.0046904157,0.12099996,0.0061644143,-0.018000007,0.007874008,0.38799998,0.0022360682,0.23299998,0.0046904157,0.371,0.0046904157,-1.2260001,0.0036055513,0.15699998,0.0028284274,0.8077497545688243,0.10219810709563511,6.423175,,220.4964,1.0
2M08284450+2227069,4755.846,2.633,3.087,0.004,-0.308,0.001,0.262,0.00244949,0.070999995,0.0033166248,0.10699999,0.0033166248,0.423,0.0014142137,0.173,0.00244949,0.257,0.00244949,-0.139,0.0014142137,-0.073000014,0.0014142137,1.023811331218128,0.11280233034076348,10.563585,,337.63144,1.0
2M08260792+1743179,4751.171,6.407,2.894,0.012,-0.302,0.002,0.07599999,0.0041231057,-0.036000013,0.0041231057,0.23099998,0.0046904157,0.31199998,0.0028284274,0.10199998,0.0041231057,0.12799999,0.0041231057,-0.605,0.0028284274,-0.003000021,0.0028284274,0.7632446526462526,0.13044961825857496,5.797552,,155.70123,1.0
2M03335558+1643248,4845.711,8.216,3.203,0.012,-0.083,0.002,-0.011,0.00489898,-0.001000002,0.00489898,0.15,0.0053851646,0.102,0.0028284274,0.081,0.00489898,-0.012000002,0.00489898,0.055999994,0.0028284274,0.34,0.0028284274,0.6863927816429868,0.12016612968399551,4.857276000000001,,132.87505,1.0
2M22155923-1327018,4607.751,2.073,2.929,0.004,-0.019,0.001,0.16399999,0.0017320508,0.060000002,0.0017320508,0.226,0.00244949,0.327,0.0014142137,0.078999996,0.0017320508,0.137,0.0017320508,-0.184,0.0014142137,0.199,0.0014142137,0.9631118792548896,0.11620705344242739,9.185692,,292.0647,1.0
2M13161358-0811510,4499.671,2.578,2.812,0.009,-0.282,0.002,0.261,0.0041231057,-0.08399999,0.0041231057,0.321,0.0053851646,0.365,0.0022360682,0.097,0.0041231057,0.211,0.0041231057,-0.366,0.0028284274,0.118,0.0028284274,1.1044540258263034,0.0982175798292618,12.719031,,164.46284,1.0
2M10413072+0119030,4904.911,5.523,3.08,0.009,-0.617,0.002,0.30699998,0.0046904157,0.04699999,0.007874008,0.00999999,0.008774964,0.352,0.0022360682,0.218,0.0046904157,0.36799997,0.0046904157,-0.02700001,0.0028284274,0.30299997,0.0028284274,0.4088240038701384,0.09880068375893016,2.563445,,236.01556,1.0
2M05055270+2309065,4607.143,1.122,2.829,0.002,0.103,0.001,0.001000002,0.0017320508,-0.066,0.0017320508,0.33099997,0.0017320508,0.16000001,0.0014142137,-0.0050000027,0.0017320508,0.012000002,0.0017320508,-0.168,0.0014142137,-0.114,0.0014142137,0.41290754822486625,0.1185616003819156,2.587662,,551.5512,1.0
2M08545739+1201313,4765.499,0.946,2.931,0.002,-0.186,0.001,0.051,0.0017320508,-0.047999993,0.00244949,0.18800001,0.00244949,0.28,0.0014142137,0.052,0.0017320508,0.047000006,0.0017320508,0.048000008,0.0014142137,0.040000007,0.0014142137,0.8270206635563008,0.12555190404007235,6.714608,,974.7607,1.0
2M08545739+1201313,4765.499,0.946,2.931,0.002,-0.186,0.001,0.051,0.0017320508,-0.047999993,0.00244949,0.18800001,0.00244949,0.28,0.0014142137,0.052,0.0017320508,0.047000006,0.0017320508,0.048000008,0.0014142137,0.040000007,0.0014142137,0.8270206635563008,0.12555190404007235,6.714608,,974.7607,1.0
2M22332804-1321503,4732.607,5.371,3.223,0.007,0.046,0.001,0.044000003,0.0033166248,-0.045,0.0037416576,0.178,0.0037416576,0.185,0.0014142137,0.015999999,0.0033166248,0.011,0.0033166248,-0.103,0.0014142137,0.22,0.0014142137,0.616284319219405,0.09932175408441908,4.13318,,151.28375,1.0
2M23325539-0814377,4685.85,2.242,3.219,0.003,0.269,0.001,0.011000007,0.0017320508,-0.01699999,0.0017320508,0.30900002,0.0017320508,0.201,0.0014142137,0.041999996,0.0017320508,-0.03199999,0.0017320508,-0.27199998,0.0014142137,0.208,0.0014142137,0.4611081766848521,0.04809660433922837,2.8914,,314.53745,1.0
2M08304113+2315578,4794.062,4.513,2.998,0.008,-0.218,0.001,0.07699999,0.003,-0.029,0.003,0.134,0.0037416576,,,,,0.065,0.003,-0.273,0.0014142137,0.12599999,0.0014142137,0.5348873641448332,0.12095884081404087,3.426789,,227.15004,1.0
2M03335173+1651058,4709.55,1.615,3.107,0.002,0.087,0.001,0.036000006,0.0017320508,-0.015000001,0.0017320508,0.244,0.00244949,0.155,0.0014142137,-0.0119999945,0.0017320508,0.013000004,0.0017320508,0.09300001,0.0014142137,0.28899997,0.0014142137,0.8987884567565682,0.11657822327414624,7.921154,,510.73096,1.0
2M08161695+1437370,5012.852,8.974,3.198,0.012,-0.232,0.002,0.032999992,0.0053851646,-0.074,0.006,0.121999994,0.0067082043,0.192,0.0028284274,0.027999997,0.0053851646,0.08299999,0.0053851646,-0.020999998,0.0028284274,0.132,0.0028284274,0.15715685936740784,0.08190896489366792,1.436008,,160.82893,1.0
2M04032649+1243182,4912.95,3.994,2.978,0.006,-0.304,0.001,0.053000003,0.003,-0.025000006,0.003,0.19199999,0.0037416576,0.13399999,0.0014142137,0.058999985,0.003,0.14299999,0.003,-0.100000024,0.0014142137,0.17099999,0.0014142137,0.4646510737471313,0.12028195170684942,2.915084,,312.97083,1.0
2M13262767-1200377,4208.721,0.584,2.409,0.002,0.252,0.001,0.011000007,,0.07999998,,0.20899999,0.0017320508,0.13099998,0.0014142137,-0.002000004,,0.020999998,,-0.186,0.0014142137,-0.018000007,0.0014142137,1.2404594348845674,0.057450619611071244,17.396402,,404.14075,1.0
2M10524800+0110389,4299.773,1.708,1.839,0.01,-0.617,0.001,0.24499997,0.003,0.044999957,0.003,0.11500001,0.0037416576,0.398,0.0014142137,0.085999966,0.00244949,0.23099998,0.003,-0.18800002,0.0014142137,-0.361,0.0014142137,1.1733884743123408,0.11169290157133475,14.906939,,195.50128,1.0
2M10524800+0110389,4299.773,1.708,1.839,0.01,-0.617,0.001,0.24499997,0.003,0.044999957,0.003,0.11500001,0.0037416576,0.398,0.0014142137,0.085999966,0.00244949,0.23099998,0.003,-0.18800002,0.0014142137,-0.361,0.0014142137,1.1733884743123408,0.11169290157133475,14.906939,,195.50128,1.0
2M22072959-1530438,4780.717,6.646,3.176,0.01,-0.14,0.002,0.022,0.0041231057,0.022,0.0041231057,0.198,0.0046904157,0.112,0.0028284274,0.071,0.0041231057,-0.056999996,0.0041231057,-0.50600004,0.0028284274,-0.032999992,0.0028284274,0.9417629425115285,0.11863714932954657,8.745063,,150.11836,1.0
2M22072959-1530438,4780.717,6.646,3.176,0.01,-0.14,0.002,0.022,0.0041231057,0.022,0.0041231057,0.198,0.0046904157,0.112,0.0028284274,0.071,0.0041231057,-0.056999996,0.0041231057,-0.50600004,0.0028284274,-0.032999992,0.0028284274,0.9417629425115285,0.11863714932954657,8.745063,,150.11836,1.0
2M08382514+1319367,4690.61,1.792,2.771,0.004,-0.192,0.001,0.033999994,0.0017320508,-0.027999997,0.0017320508,0.19,0.00244949,,,0.034999996,0.0017320508,0.056999996,0.0017320508,-0.14699998,0.0014142137,0.224,0.0014142137,0.833072682383967,0.1317091072577094,6.808833,,458.2188,1.0
2M11302205+0408240,4553.198,1.563,2.985,0.003,0.098,0.001,0.086,0.0017320508,0.08900001,0.0017320508,0.215,0.00244949,0.215,0.0014142137,0.056,0.0017320508,0.08100001,0.0017320508,-0.169,0.0014142137,0.04,0.0014142137,0.6531247774283299,0.0832864211096114,4.499091,,341.14624,1.0
2M08243539+2201121,4616.009,4.243,2.483,0.011,-0.36,0.001,0.05400002,0.0037416576,-0.044,0.0037416576,0.18900001,0.0037416576,,,0.043000013,0.0037416576,0.12100002,0.0037416576,-0.236,0.0022360682,-0.072,0.0014142137,0.70104504917481,0.11961611071146669,5.023947,,175.11214,1.0
2M22343135-1418018,4778.184,5.173,2.761,0.01,-0.652,0.002,0.26700002,0.0046904157,0.045000017,0.0061644143,-0.036000013,0.007874008,0.402,0.0022360682,0.22300002,0.0046904157,0.322,0.0041231057,-0.287,0.0028284274,0.0009999871,0.0028284274,0.9867324668972108,0.1264527118718019,9.699123,,209.37436,1.0
2M08433511+1311079,4771.641,10.5,2.763,0.021,-0.505,0.003,0.092999995,0.00781025,0.012999982,0.0083666,0.16600001,0.009,0.31199998,0.004242641,0.053000003,0.00781025,0.282,0.00781025,-0.16000003,0.004242641,-0.06999999,0.004242641,0.9791440741923443,0.13931058549937603,9.531123,,101.41751,1.0
2M03591193+2122294,4145.312,0.52,1.922,0.004,-0.166,0.001,0.21,0.0017320508,0.08099999,0.0017320508,0.222,0.00244949,0.356,0.0014142137,0.094,0.0017320508,0.18499999,0.0017320508,-0.129,0.0014142137,0.26099998,0.0014142137,1.1621360837658856,0.12327373889717491,14.525667000000002,,339.62375,1.0
2M00414718+0350367,4499.91,2.09,2.773,0.005,0.086,0.001,0.094000004,0.00244949,-0.0050000027,0.00244949,0.132,0.003,0.231,0.0014142137,0.07399999,0.00244949,0.07999999,0.00244949,-0.08400001,0.0014142137,-0.055000003,0.0014142137,1.0295190778972585,0.14185032063048683,10.703334,,205.88077,1.0
2M18445183-2536438,4217.871,1.049,2.008,0.007,-0.293,0.001,0.24100001,0.00244949,0.10800001,0.00244949,0.18600002,0.003,0.38700002,0.0014142137,0.14700001,0.00244949,0.22100002,0.00244949,-0.275,0.0014142137,-0.16,0.0014142137,1.1251335282793034,0.14381329153684627,13.339315,,209.32587,1.0
2M03452864+1740068,4768.431,4.874,3.106,0.007,0.094,0.001,-0.020999998,0.00244949,-0.099,0.00244949,0.348,0.003,0.16200002,0.0014142137,0.028000005,0.00244949,0.010000005,0.00244949,-0.052999996,0.0014142137,0.247,0.0014142137,0.1543302259962154,0.03215294867499853,1.426692,,186.12894,1.0
2M22182085-1226508,4188.496,0.843,1.996,0.006,-0.338,0.001,0.274,0.00244949,0.109,0.00244949,0.105000004,0.003,0.40399998,0.0014142137,0.118,0.00244949,0.231,0.00244949,-0.06799999,0.0014142137,0.195,0.0014142137,1.1316766840123564,0.1402421347761023,13.541809,,238.00139,1.0
2M03443547+2236177,4659.524,2.786,2.585,0.006,-0.309,0.001,0.024999976,0.00244949,-0.01700002,0.00244949,0.18299998,0.003,0.25399998,0.0014142137,0.051999986,0.00244949,0.10599999,0.00244949,-0.083000004,0.0014142137,-0.037,0.0014142137,0.94851301804892,0.11953771465581309,8.882046,,280.26447,1.0
2M09072670+2030387,4699.685,6.146,2.985,0.011,-0.296,0.002,0.263,0.00489898,0.15100001,0.0053851646,0.12900001,0.006,,,0.153,0.00489898,0.276,0.00489898,0.074,0.0028284274,-0.074,0.0028284274,0.8196439433614849,0.10846214433098794,6.60152,,136.17122,1.0
2M01090848+1017187,4690.787,3.853,3.149,0.006,-0.078,0.001,0.195,0.00244949,0.094000004,0.00244949,0.177,0.003,0.291,0.0014142137,0.095,0.00244949,0.138,0.00244949,-0.252,0.0014142137,-0.015000001,0.0014142137,0.7460098606733747,0.07212493053124952,5.571984,,207.52039,1.0
2M13261792-0945176,4643.669,20.019,1.268,0.048,-2.337,0.01,0.41499984,0.034713108,-0.99800014,1.176451,0.45099986,0.20855935,-0.1630001,0.014142135,0.38099992,0.034713108,0.60599995,0.034380227,-0.109000206,0.014142135,-0.1630001,0.014142135,1.1336603022570682,0.1218333788376526,13.603801999999998,,111.41286,1.0
2M22110976-0934206,4410.074,2.699,2.05,0.011,-0.594,0.002,0.33499998,0.0041231057,0.05399996,0.0041231057,0.23499998,0.0046904157,0.352,0.0022360682,0.18199998,0.0041231057,0.34899998,0.0041231057,-0.14600003,0.0028284274,0.0009999871,0.0028284274,1.1449146295195196,0.12924627279049336,13.960939000000002,,172.28325,1.0
2M13144927-0722072,4698.526,10.816,1.585,0.026,-1.762,0.004,0.2479999,0.010770329,-0.13800001,0.04588028,-0.069000006,0.09641577,-0.18300009,0.006403124,0.10399997,0.010770329,0.39699996,0.010246951,-0.14100003,0.0056568547,-0.45700014,0.006403124,1.0559205931902718,0.14727155562864594,11.374193,,166.54292,1.0
2M04200231+1913081,4709.507,2.42,3.003,0.005,-0.409,0.001,0.32700002,0.00244949,0.07500002,0.0033166248,0.07700002,0.004242641,0.41500002,0.0014142137,0.21000001,0.00244949,0.26700002,0.00244949,-0.27199998,0.0022360682,0.07700002,0.0014142137,0.8428974256551389,0.09847810800978139,6.96462,,354.7012,1.0
2M22243663-0657155,4526.265,4.75,2.007,0.017,-0.961,0.002,0.26900005,0.006,-0.06699997,0.008306623,0.086000025,0.011874342,0.39500004,0.0028284274,0.23400003,0.006,0.39400005,0.006,-0.27499992,0.0036055513,0.17300004,0.0028284274,1.1006898754082817,0.14917445230538737,12.609268,,139.64594,1.0
2M08274192+2145428,4620.451,2.157,2.685,0.005,-0.106,0.001,0.156,0.0017320508,-0.044999994,0.0017320508,0.39900002,0.00244949,0.285,0.0014142137,0.077999994,0.0017320508,0.16,0.0017320508,-0.16999999,0.0014142137,-0.049000002,0.0014142137,0.5018081508973307,0.13259437291079257,3.175471,,298.74704,1.0
2M17042058-2206101,4221.542,0.52,2.304,0.002,0.131,0.001,-0.016999997,0.0017320508,-0.055999994,0.0017320508,0.15300001,0.00244949,0.172,0.0014142137,-0.011,0.0017320508,-0.018999994,0.0017320508,0.096,0.0014142137,0.118,0.0014142137,1.1813449774827054,0.10579083558402656,15.182559,,496.21097,1.0
2M13244244-1246155,4647.554,4.072,2.802,0.008,-0.144,0.001,0.070999995,0.0033166248,-0.03400001,0.0037416576,0.14899999,0.0037416576,0.268,0.0014142137,0.060999997,0.0033166248,0.074999996,0.0033166248,-0.132,0.0014142137,-0.001000002,0.0014142137,0.9472846833118164,0.13443931535759746,8.85696,,183.16447,1.0
2M13271006-1336353,4689.88,5.655,2.925,0.011,-0.378,0.002,0.28399998,0.00489898,0.09399998,0.0053851646,0.129,0.0067082043,0.38799998,0.0028284274,0.196,0.00489898,0.338,0.00489898,-0.14699998,0.0028284274,-0.058,0.0028284274,0.9878969337709571,0.1265961579581662,9.725164,,146.62386,1.0
2M01342362+0643366,4756.648,5.254,3.056,0.01,-0.464,0.002,0.29299998,0.0041231057,0.051999986,0.0061644143,-0.028000027,0.0069999998,0.44799998,0.0022360682,0.16799998,0.0041231057,0.355,0.0041231057,-0.17300004,0.0028284274,-0.245,0.0028284274,1.0421295312309131,0.11484010406283615,11.018679,,181.31853,1.0
2M00524583+0044520,4616.468,1.699,2.847,0.003,-0.143,0.001,0.171,0.0017320508,-0.017999992,0.0017320508,0.361,0.00244949,0.312,0.0014142137,0.08800001,0.0017320508,0.127,0.0017320508,-0.085999995,0.0014142137,-0.063999996,0.0014142137,0.6131248029100245,0.13610041307754167,4.103219999999999,,422.6217,1.0
2M22350532-1701056,4556.744,4.692,2.992,0.009,0.158,0.002,0.100999996,0.0045825755,0.07699999,0.0045825755,0.29399997,0.0053851646,0.26,0.0028284274,0.027999997,0.0045825755,0.085999995,0.0045825755,-0.15200001,0.0028284274,-0.04900001,0.0028284274,0.8087711418175625,0.1119579482574878,6.438299,,105.873085,1.0
2M03363797+1525455,4675.756,7.936,3.05,0.013,-0.003,0.002,0.055,0.0057445625,0.036,0.0057445625,0.187,0.0061644143,0.18100001,0.0028284274,-0.009,0.0057445625,0.063,0.0057445625,-0.45200002,0.0028284274,-0.021,0.0028284274,0.8307352263599483,0.11926807283420296,6.772285000000001,,102.03211,1.0
2M08354378+1611416,4897.977,4.346,3.279,0.006,-0.142,0.001,0.049000002,0.003,-0.04599999,0.003,0.163,0.0037416576,0.164,0.0014142137,0.069000006,0.003,0.042000003,0.003,0.236,0.0014142137,-0.094,0.0014142137,0.24404716843945745,0.05828273339623182,1.754071,,278.51382,1.0
2M08271404+2245039,4736.156,1.734,3.169,0.003,-0.104,0.001,0.128,0.0017320508,0.072,0.00244949,0.102000006,0.00244949,,,,,0.120000005,0.0017320508,-0.087,0.0014142137,0.055000003,0.0014142137,0.9293232171026443,0.11023489469504379,8.498127,,533.12494,1.0
2M19192810-2859203,4426.539,2.35,2.055,0.009,-0.572,0.001,0.12100002,0.003,-0.034999967,0.003,0.15300003,0.003,0.24400002,0.0014142137,0.06800002,0.00244949,0.15700004,0.003,-0.15799999,0.0014142137,-0.339,0.0014142137,1.1557884095209097,0.11969376583785604,14.314903,,218.20604,1.0
2M08134052+1430066,4630.908,4.386,3.067,0.007,0.174,0.001,0.038000003,0.0033166248,0.050000012,0.0033166248,0.22600001,0.0037416576,0.17700002,0.0014142137,0.08399999,0.0033166248,0.048000008,0.0033166248,-0.12599999,0.0014142137,-0.243,0.0014142137,0.8132305430162698,0.11900321599647795,6.504749,,148.08401,1.0
2M08540487+1200199,4510.187,0.325,2.463,0.001,0.004,0.001,0.097,,0.039,,0.258,,0.315,0.0014142137,0.011,,0.095,,-0.145,0.0014142137,0.016999999,0.0014142137,1.1488456744994235,0.10724106224023652,14.087881,,1423.673,1.0
2M23043351-0248256,4652.417,4.962,3.15,0.008,0.15,0.002,0.109,0.0037416574,0.0119999945,0.0037416574,0.236,0.0041231057,0.271,0.0028284274,0.047999993,0.0037416574,0.056999996,0.0037416574,-0.183,0.0028284274,0.348,0.0028284274,0.9062805090991586,0.10964464647567625,8.058988000000001,,135.39122,1.0
2M00394261+0451256,4287.798,1.691,2.188,0.009,-0.373,0.001,0.29799998,0.0033166248,0.14199999,0.0033166248,0.159,0.004358899,0.398,0.0014142137,0.183,0.0033166248,0.269,0.0033166248,-0.275,0.0022360682,-0.23499998,0.0022360682,1.1428699592029141,0.12863208362840525,13.895365,,162.19214,1.0
2M03364839+2147303,4952.759,4.109,3.151,0.006,-0.12,0.001,-0.0070000067,0.003,-0.115,0.003,0.20199999,0.0037416576,0.139,0.0014142137,0.052999996,0.003,0.045999996,0.003,0.040999994,0.0014142137,0.14899999,0.0014142137,0.4076814700903606,0.10668387697296222,2.55671,,301.52768,1.0
2M08173336+1856467,4744.145,6.364,2.906,0.011,,,,,,,,,,,,,,,,,,,0.5402727750090056,0.11774328095099432,3.469547,,120.05972,1.0
2M08331136+1157265,4631.851,3.993,2.615,0.009,-0.278,0.001,0.09,0.003,-0.055000007,0.003,0.14999999,0.003,0.24599999,0.0014142137,0.072,0.003,0.059,0.003,-0.023000002,0.0014142137,-0.106000006,0.0014142137,1.2632923074193791,0.028813090065978104,18.335481,,206.14534,1.0
2M08280640+1853484,4806.224,5.407,3.265,0.008,-0.436,0.002,0.28899997,0.0041231057,0.09799999,0.0053851646,0.00999999,0.0061644143,0.38099998,0.0022360682,0.18599999,0.0041231057,0.299,0.0041231057,0.038999975,0.0028284274,0.014999986,0.0028284274,1.0854349027410874,0.11137291703452346,12.174045,,201.71709,1.0
2M22223195-0536112,4676.444,4.429,2.657,0.009,-0.272,0.001,0.081000015,0.0037416576,-0.06099999,0.0037416576,0.268,0.0037416576,0.28,0.0014142137,0.028000012,0.0033166248,0.13200001,0.0037416576,0.03200002,0.0014142137,-0.38699996,0.0014142137,0.19510751864838116,0.1102548727757599,1.5671389999999998,,185.15692,1.0
2M09015953+1321335,4554.521,2.082,2.744,0.005,0.051,0.001,-0.0040000007,0.00244949,-0.089,0.00244949,0.143,0.003,0.159,0.0014142137,0.059,0.00244949,-0.015000001,0.00244949,-0.047,0.0014142137,0.049000002,0.0014142137,1.086343775721326,0.11706098285143048,12.199549,,260.71637,1.0
2M23525403-0328557,4698.498,1.725,3.032,0.003,0.022,0.001,0.015000001,0.0017320508,,,0.26999998,0.00244949,0.182,0.0014142137,0.019000001,0.0017320508,-0.024,0.0017320508,-0.034,0.0014142137,0.159,0.0014142137,0.4655256097300642,0.08356365488387474,2.92096,,484.12436,1.0
2M23295615-0716431,4728.179,2.973,2.974,0.005,-0.427,0.001,0.21599999,0.003,0.12699997,0.003,0.061999977,0.0037416576,0.369,0.0014142137,0.20399998,0.003,0.253,0.003,-0.024000019,0.0014142137,-0.02700001,0.0014142137,0.9324855858497143,0.1174755905973098,8.560233,,321.74155,1.0
2M13431926-1119266,4957.772,2.63,2.987,0.004,-0.375,0.001,0.044999987,0.00244949,-0.062000006,0.004242641,0.135,0.004242641,0.19,0.0014142137,0.04100001,0.00244949,0.135,0.00244949,0.018000007,0.0014142137,0.151,0.0014142137,0.3780574187440151,0.10297141957280775,2.388127,,526.2495,1.0
2M23124721+0040198,4259.041,1.554,1.928,0.011,-0.464,0.001,0.16299999,0.0033166248,0.01999998,0.0037416576,0.085999995,0.004358899,0.45999998,0.0014142137,0.19399998,0.0033166248,0.20499998,0.0033166248,-0.134,0.0022360682,-0.153,0.0022360682,1.1847467501664661,0.10465169578795644,15.301949,,179.81924,1.0
2M09070868+1443589,4707.771,5.824,3.233,0.008,0.24,0.002,0.029,0.0037416574,-0.008999988,0.0037416574,0.374,0.0041231057,0.2,0.0028284274,0.024999991,0.0037416574,-0.008999988,0.0037416574,-0.431,0.0028284274,0.165,0.0028284274,0.8290834170403505,0.10529824720780853,6.746575999999999,,128.3254,1.0
2M13490785-1124552,4790.72,4.247,3.122,0.007,-0.363,0.001,0.313,0.003,0.099999994,0.0037416576,0.06999999,0.004582576,0.425,0.0014142137,0.19500001,0.003,0.24700001,0.003,-0.16599998,0.0022360682,-0.004999995,0.0014142137,1.0319938620941083,0.11799134947051171,10.7645,,241.14174,1.0
2M13262450-0057549,4911.422,4.721,3.151,0.007,-0.311,0.001,0.06999999,0.003,-0.03400001,0.0037416576,0.11099999,0.004582576,0.23499998,0.0014142137,0.06299999,0.003,0.07499999,0.003,-0.31700003,0.0022360682,0.017999977,0.0014142137,0.4062986114678322,0.09990351727930777,2.548582,,274.6572,1.0
2M08253714+1629561,4943.583,2.215,3.304,0.003,-0.274,0.001,0.10199998,0.00244949,-0.033000022,0.0033166248,0.080999985,0.004242641,0.22899999,0.0014142137,0.08699998,0.00244949,0.087999985,0.00244949,-0.306,0.0014142137,0.21899998,0.0014142137,1.253675470281123,0.0404335213729092,17.93393,,579.74225,1.0
2M18495150-2550181,4181.208,1.139,1.904,0.009,-0.361,0.001,0.226,0.00244949,0.09099999,0.00244949,0.137,0.003,0.32,0.0014142137,0.13,0.00244949,0.221,0.00244949,-0.278,0.0014142137,0.143,0.0014142137,1.1831150079010153,0.10772588872710598,15.244564000000002,,183.01476,1.0
2M00590003+0900467,4580.128,3.689,2.597,0.009,-0.294,0.001,0.094,0.0033166248,0.029000014,0.0037416576,0.098000005,0.0037416576,0.289,0.0014142137,0.025000006,0.0033166248,0.121999994,0.0033166248,-0.19999999,0.0014142137,-0.036000013,0.0014142137,1.1558990403962055,0.09038777505841562,14.31855,,180.88777,1.0
2M00590003+0900467,4580.128,3.689,2.597,0.009,-0.294,0.001,0.094,0.0033166248,0.029000014,0.0037416576,0.098000005,0.0037416576,0.289,0.0014142137,0.025000006,0.0033166248,0.121999994,0.0033166248,-0.19999999,0.0014142137,-0.036000013,0.0014142137,1.1558990403962055,0.09038777505841562,14.31855,,180.88777,1.0
2M16485226-1903554,4507.539,2.109,2.449,0.006,-0.302,0.001,0.11199999,0.00244949,0.0069999993,0.00244949,0.13099998,0.003,0.23499998,0.0014142137,0.07199998,0.00244949,0.10899998,0.00244949,-0.15900001,0.0014142137,0.00999999,0.0014142137,1.0693120811035965,0.14603102805893814,11.73038,,261.04504,1.0
2M16003977-2320144,4372.981,1.832,2.491,0.006,-0.067,0.001,0.116,0.00244949,0.049000002,0.00244949,0.43,0.00244949,0.24,0.0014142137,0.049000002,0.00244949,0.103,0.00244949,-0.058,0.0014142137,0.030000001,0.0014142137,1.11730766215194,0.12904626359318558,13.101097,,201.075,1.0
2M23393348-0913565,4901.587,3.157,3.176,0.004,-0.125,0.001,0.034999996,0.003,-0.016000003,0.003,0.145,0.003,0.157,0.0014142137,0.068,0.003,0.078999996,0.003,-0.536,0.0014142137,0.100999996,0.0014142137,0.8884296608722805,0.11118442834638984,7.734453999999999,,378.81747,1.0
2M03585136+2428010,4695.639,1.788,2.486,0.004,-0.318,0.001,0.010999978,0.0017320508,-0.110000014,0.00244949,0.22999999,0.00244949,0.19599998,0.0014142137,0.051,0.00244949,0.044,0.00244949,0.152,0.0014142137,0.058,0.0014142137,0.0649653680041874,0.10699889742509071,1.161356,,505.61267,1.0
2M08163484+1423461,4774.478,4.416,2.771,0.009,-0.397,0.001,0.09800002,0.003,-0.044999987,0.003,0.18300001,0.0037416576,0.29400003,0.0014142137,0.21500002,0.003,0.104,0.003,0.042000026,0.0014142137,-0.058999985,0.0014142137,0.8134794411823196,0.13885272609611973,6.508478,,240.58556,1.0
2M01010230+0021334,4508.351,2.482,2.731,0.006,-0.04,0.001,0.075,0.00244949,-0.013,0.00244949,0.076,0.003,0.17500001,0.0014142137,0.092999995,0.00244949,0.038,0.00244949,0.11,0.0014142137,-0.091,0.0014142137,0.2469338880370442,0.06776987014615381,1.765769,,211.15097,1.0
2M00531610-0106272,4509.654,2.198,2.58,0.006,-0.143,0.001,0.04500001,0.00244949,-0.007999986,0.00244949,0.10000001,0.003,0.18900001,0.0014142137,0.055000007,0.00244949,0.059000008,0.00244949,-0.376,0.0014142137,0.22500001,0.0014142137,0.9542274536363169,0.13666676404106987,8.999688,,226.7527,1.0
2M08310308+1050513,4675.483,3.475,3.288,0.005,0.352,0.001,-0.013000011,0.00244949,0.0,0.00244949,0.29799998,0.003,0.185,0.0014142137,0.04100001,0.00244949,-0.058999985,0.00244949,-0.395,0.0014142137,0.36699998,0.0014142137,1.2867975286752398,0.010096667715025813,19.355194,,184.95891,1.0
2M13511743-1750316,4817.436,3.485,3.019,0.006,-0.318,0.001,0.09399998,0.003,-0.025000006,0.0037416576,0.099999994,0.0037416576,0.262,0.0014142137,0.08899999,0.003,0.102999985,0.003,-0.23600003,0.0014142137,0.152,0.0014142137,0.8380431992751631,0.11819745823217975,6.887208,,309.13107,1.0
2M13170116-1254126,4682.205,2.7,2.742,0.006,-0.304,0.001,0.114999995,0.00244949,0.0119999945,0.003,0.22,0.003,0.25199997,0.0014142137,0.087999985,0.00244949,0.14299999,0.00244949,-0.46,0.0014142137,0.23499998,0.0014142137,0.8871984430361424,0.13619772332586622,7.712558,,311.19724,1.0
2M13262166-0057367,4746.686,2.624,3.146,0.004,-0.41,0.001,0.306,0.00244949,0.132,0.0033166248,0.039000005,0.004242641,0.42499998,0.0014142137,0.234,0.00244949,0.29299998,0.00244949,-0.164,0.0022360682,0.069000006,0.0014142137,1.0527810998124265,0.12254561633318604,11.292266,,358.49603,1.0
2M04145234+2442430,4782.966,2.112,3.287,0.003,0.07,0.001,0.055,0.0017320508,-0.0059999973,0.0017320508,0.24000001,0.00244949,0.18200001,0.0014142137,0.048,0.0017320508,0.0059999973,0.0017320508,-0.104,0.0014142137,0.285,0.0014142137,1.2662296263754023,0.030120042162568975,18.459912,,435.511,1.0
2M23373002-0911252,4699.499,3.409,2.791,0.006,-0.159,0.001,0.052999996,0.00244949,-0.023000002,0.003,0.152,0.003,0.229,0.0014142137,0.09899999,0.00244949,0.043999992,0.00244949,-0.175,0.0014142137,0.168,0.0014142137,0.703454057578978,0.13298167267232464,5.051892,,253.22041,1.0
2M04071615+1326122,4577.672,1.307,2.602,0.003,-0.046,0.001,-0.011999998,0.0017320508,-0.11,0.0017320508,0.23200001,0.00244949,0.152,0.0014142137,0.025,0.0017320508,-0.018000003,0.0017320508,-0.044000003,0.0014142137,0.156,0.0014142137,0.6448641077076996,0.10310212192661573,4.414323,,449.5702,1.0
2M04273423+1824290,4649.645,2.561,2.556,0.006,-0.19,0.001,0.018999994,0.00244949,-0.14899999,0.003,0.225,0.003,,,0.081999995,0.00244949,0.027999997,0.00244949,0.233,0.0014142137,0.286,0.0014142137,0.6406040556748813,0.1344098279509861,4.371233999999999,,307.72748,1.0
2M10362533+1013317,4798.183,4.889,3.391,0.007,0.126,0.001,-0.013999999,0.00244949,-0.018,0.00244949,0.19700001,0.003,0.217,0.0014142137,-0.021000005,0.00244949,-0.0060000047,0.00244949,-0.093,0.0014142137,0.435,0.0014142137,0.9541568967335624,0.11076419933548408,8.998225999999999,,185.45943,1.0
2M10362533+1013317,4798.183,4.889,3.391,0.007,0.126,0.001,-0.013999999,0.00244949,-0.018,0.00244949,0.19700001,0.003,0.217,0.0014142137,-0.021000005,0.00244949,-0.0060000047,0.00244949,-0.093,0.0014142137,0.435,0.0014142137,0.9541568967335624,0.11076419933548408,8.998225999999999,,185.45943,1.0
2M10564818+0713467,4119.363,0.816,1.675,0.007,-0.52,0.001,0.239,0.00244949,0.089999974,0.00244949,0.12599999,0.003,0.434,0.0014142137,0.061999977,0.00244949,0.20699999,0.00244949,-0.12099999,0.0014142137,-0.48300004,0.0014142137,1.1796398187901385,0.11348841692991997,15.123065,,247.77223,1.0
2M10564818+0713467,4119.363,0.816,1.675,0.007,-0.52,0.001,0.239,0.00244949,0.089999974,0.00244949,0.12599999,0.003,0.434,0.0014142137,0.061999977,0.00244949,0.20699999,0.00244949,-0.12099999,0.0014142137,-0.48300004,0.0014142137,1.1796398187901385,0.11348841692991997,15.123065,,247.77223,1.0
2M12233623-0201556,4840.211,1.362,3.007,0.002,-0.284,0.001,0.045000017,0.00244949,-0.08399999,0.00244949,0.22,0.0033166248,0.215,0.0014142137,,,0.030000001,0.00244949,-0.047999978,0.0014142137,0.052000016,0.0014142137,0.5675201688527176,0.12148954441966807,3.694198000000001,,852.4461,1.0
2M05005945+2450540,4791.711,4.533,2.898,0.007,-0.204,0.001,0.023000002,0.003,-0.05399999,0.003,0.21599999,0.003,0.154,0.0014142137,0.067,0.003,0.0119999945,0.00244949,0.033999994,0.0014142137,0.030000001,0.0014142137,0.6016177630418946,0.1266351740236837,3.995929,,233.40233,1.0
2M13195297-0726376,3976.604,0.345,1.719,0.002,0.062,0.001,0.078,0.0017320508,0.038000003,,0.22599998,0.0017320508,0.183,0.0014142137,-0.0040000007,,0.064,0.0017320508,-0.176,0.0014142137,-0.098,0.0014142137,1.2254524202087256,0.0731906587787852,16.805538000000002,,527.3931,1.0
2M13191487-0657577,4167.016,0.491,2.079,0.003,-0.074,0.001,0.112,0.0017320508,0.049000002,0.0017320508,0.147,0.00244949,0.24,0.0014142137,0.057,0.0017320508,0.096,0.0017320508,-0.056999996,0.0014142137,0.122999996,0.0014142137,1.2069950021458562,0.08743875847128779,16.106271,,411.98743,1.0
2M12374286-1020447,4494.198,2.265,2.791,0.005,-0.006,0.001,0.096,0.00244949,0.070999995,0.00244949,0.162,0.003,0.36400002,0.0014142137,0.026999999,0.00244949,0.096,0.00244949,-0.194,0.0014142137,0.28300002,0.0014142137,1.23426913836194,0.0633968674871722,17.150198,,198.51352,1.0
2M23331880-1126363,4324.848,2.146,2.046,0.012,-0.558,0.002,0.29800004,0.0041231057,0.106000036,0.0041231057,0.103000015,0.0046904157,,,0.22500002,0.0037416574,0.27600002,0.0041231057,-0.19,0.0028284274,0.018000007,0.0028284274,1.106186850177734,0.14845877945666028,12.769881,,156.70482,1.0
2M22103389-1103538,4779.068,1.406,3.193,0.002,-0.412,0.001,0.23,0.00244949,0.092999995,0.0033166248,0.007999986,0.004242641,0.374,0.0014142137,0.15900001,0.00244949,0.241,0.00244949,-0.12099999,0.0022360682,-0.009000003,0.0014142137,0.7087592800027015,0.07448319492925988,5.113983,,730.55975,1.0
2M22054827-0900275,4297.478,1.993,2.02,0.012,-0.531,0.002,0.268,0.0041231057,0.069000006,0.0041231057,0.059000015,0.0053851646,0.38500002,0.0028284274,0.16700003,0.0041231057,0.27,0.0041231057,-0.11399996,0.0028284274,-0.19599998,0.0028284274,1.1405592000407525,0.13421089723024296,13.821628,,158.8783,1.0
2M01064554+0600584,4577.654,5.497,2.609,0.014,-0.283,0.002,0.14099999,0.00489898,0.051999986,0.0053851646,0.11199999,0.006,0.329,0.0028284274,0.12799999,0.00489898,0.17099999,0.00489898,-0.043000013,0.0028284274,-0.023000002,0.0028284274,1.2069835691279878,0.08141447284128656,16.105847,,112.33915,1.0
2M23185543-0326037,4202.871,0.553,1.878,0.004,-0.412,0.001,0.236,0.0017320508,0.05700001,0.0017320508,0.15,0.00244949,0.337,0.0014142137,0.157,0.0017320508,0.214,0.0017320508,-0.18400002,0.0014142137,-0.030999988,0.0014142137,1.1442985688692862,0.13410743167041572,13.941149,,394.2577,1.0
2M04061525+1211587,4612.904,2.031,2.475,0.005,-0.326,0.001,0.051,0.0017320508,-0.13099998,0.00244949,0.243,0.00244949,,,0.062000006,0.0017320508,0.069000006,0.0017320508,0.032000005,0.0014142137,-0.020999998,0.0014142137,0.6224022110132477,0.11744632917365502,4.191816,,373.2007,1.0
2M14002655-0758146,4149.548,0.269,1.823,0.002,-0.41,0.001,0.248,0.0017320508,0.116999984,0.0017320508,0.15799999,0.00244949,0.359,0.0014142137,0.14199999,0.0017320508,0.225,0.0017320508,-0.14900002,0.0014142137,0.021999985,0.0014142137,1.2282390597087993,0.07017227805467216,16.913717000000002,,743.68085,1.0
2M16114805-2519188,4227.666,1.266,2.015,0.009,-0.355,0.001,0.33699998,0.00244949,0.16199999,0.00244949,0.15699999,0.003,0.399,0.0014142137,0.16999999,0.00244949,0.296,0.00244949,-0.29200003,0.0014142137,0.092999995,0.0014142137,1.1625537730478936,0.12048791808610118,14.539644,,184.91159,1.0
2M16114805-2519188,4227.666,1.266,2.015,0.009,-0.355,0.001,0.33699998,0.00244949,0.16199999,0.00244949,0.15699999,0.003,0.399,0.0014142137,0.16999999,0.00244949,0.296,0.00244949,-0.29200003,0.0014142137,0.092999995,0.0014142137,1.1625537730478936,0.12048791808610118,14.539644,,184.91159,1.0
2M23144972-0506175,4469.599,2.449,2.197,0.01,-0.683,0.002,0.28900003,0.0041231057,0.028000057,0.0046904157,0.023000002,0.0061644143,0.41600004,0.0022360682,0.24200001,0.0041231057,0.32000002,0.0041231057,-0.17099994,0.0028284274,-0.020999968,0.0028284274,0.16069897319241075,0.13176335258121372,1.447768,,203.30867,1.0
2M10362031+0026212,4731.98,6.481,2.976,0.012,-0.228,0.002,0.09900001,0.00489898,0.031000003,0.0053851646,0.037,0.006,0.303,0.0028284274,0.095,0.00489898,0.157,0.00489898,0.016000003,0.0028284274,0.16499999,0.0028284274,0.44870183783925593,0.10758659493887514,2.809971,,134.71844,1.0
2M04083616+1922004,4836.178,5.01,3.033,0.008,-0.116,0.001,0.027999997,0.0037416576,-0.082,0.0037416576,0.194,0.0037416576,0.205,0.0014142137,0.058,0.0037416576,0.048999995,0.0037416576,-0.18200001,0.0014142137,0.078999996,0.0014142137,0.2389611734207109,0.0773044122675833,1.7336490000000002,,201.98418,1.0
2M13304243-0141412,4709.188,1.075,3.46,0.001,0.393,0.001,0.030000001,0.0017320508,0.085999995,0.0017320508,0.338,0.0017320508,0.18299997,0.0014142137,0.01999998,0.0017320508,0.018000007,0.0017320508,-0.194,0.0014142137,0.411,0.0014142137,-0.15213009893580595,0.11727884272273455,0.7044819999999999,,595.76935,1.0
2M08142066+1405232,4647.708,2.424,2.879,0.004,0.083,0.001,-0.009999998,0.00244949,-0.062,0.00244949,0.29,0.003,0.14000002,0.0014142137,0.049000002,0.00244949,0.014000006,0.00244949,-0.304,0.0014142137,-0.092999995,0.0014142137,0.8821745138233029,0.13696550033178273,7.623852999999999,,296.83966,1.0
2M08514790+1134454,4441.134,4.513,2.07,0.019,-0.744,0.003,0.213,0.0065574385,0.018000007,0.0076811453,0.088,0.009899495,0.40800002,0.0036055513,0.19200003,0.0065574385,0.319,0.007071068,-0.31800002,0.004242641,-0.24199998,0.004242641,1.2010612493314379,0.09012173851675032,15.887707999999998,,112.54446,1.0
2M08514790+1134454,4441.134,4.513,2.07,0.019,-0.744,0.003,0.213,0.0065574385,0.018000007,0.0076811453,0.088,0.009899495,0.40800002,0.0036055513,0.19200003,0.0065574385,0.319,0.007071068,-0.31800002,0.004242641,-0.24199998,0.004242641,1.2010612493314379,0.09012173851675032,15.887707999999998,,112.54446,1.0
2M23141982-0347338,4303.874,1.505,1.937,0.008,-0.425,0.001,0.074,0.00244949,-0.08499998,0.00244949,0.079000026,0.003,0.18600002,0.0014142137,0.07700002,0.00244949,0.09400001,0.00244949,-0.08399999,0.0014142137,0.104,0.0014142137,1.137002006550358,0.1383559581066726,13.708881,,225.29535,1.0
2M22181622-1636170,4137.283,0.827,1.79,0.007,-0.438,0.001,0.259,0.00244949,0.088,0.00244949,0.136,0.003,0.403,0.0014142137,0.095,0.00244949,0.23799999,0.00244949,-0.103000015,0.0014142137,0.048000008,0.0014142137,1.2080974665650548,0.08742861171501995,16.147209,,229.2231,1.0
2M22045404-1148287,4456.164,1.13,1.169,0.004,-1.345,0.001,0.34800005,0.0017320508,0.48700005,0.0017320508,0.535,0.00244949,0.713,0.0014142137,0.27200007,0.0017320508,0.407,0.0017320508,0.95800006,0.0014142137,-0.96300006,0.0022360682,1.2301616555531774,0.06824174767700818,16.988758999999998,,547.0502,1.0
2M13085863-0340247,4633.312,0.735,3.085,0.001,-0.061,0.001,0.120000005,,0.08,,0.156,,0.228,0.0014142137,0.073,,0.107999995,,-0.11399999,0.0014142137,0.215,0.0014142137,0.9642601017432617,0.11623848536707461,9.21001,,917.0628,1.0
2M00420582+0745412,4566.322,2.962,2.604,0.007,0.014,0.001,0.058,0.00244949,0.01,0.00244949,0.114999995,0.003,0.167,0.0014142137,-0.01,0.00244949,0.076000005,0.00244949,0.102,0.0014142137,0.161,0.0014142137,1.168963437108823,0.1041074871203026,14.755823,,181.80658,1.0
2M04414845+1618521,4805.707,2.797,2.981,0.004,-0.085,0.001,-0.0069999993,0.0017320508,-0.127,0.00244949,0.20899999,0.00244949,0.2,0.0014142137,0.062,0.0017320508,-0.037,0.0017320508,0.105000004,0.0014142137,0.125,0.0014142137,0.41885375355702853,0.12016617170332061,2.623335,,348.5978,1.0
2M08244967+1658090,4287.056,0.716,1.942,0.004,-0.246,0.001,0.040000007,0.0017320508,-0.003999993,0.0017320508,0.18200001,0.0017320508,0.169,0.0014142137,-0.0009999871,0.0017320508,0.062000006,0.0017320508,-0.10399999,0.0014142137,-0.066,0.0014142137,1.1259937235086863,0.1494373128167206,13.365762,,437.24353,1.0
2M23163924-0316481,4193.741,1.497,1.664,0.013,-0.662,0.002,0.292,0.0041231057,0.058000028,0.0041231057,0.11500001,0.0046904157,,,0.16499999,0.0037416574,0.26,0.0041231057,-0.18300003,0.0028284274,-0.07800001,0.0028284274,1.1459312557039059,0.13870301666642082,13.993657999999998,,144.5337,1.0
2M08433511+1311079,4771.641,10.5,2.763,0.021,-0.505,0.003,0.092999995,0.00781025,0.012999982,0.0083666,0.16600001,0.009,0.31199998,0.004242641,0.053000003,0.00781025,0.282,0.00781025,-0.16000003,0.004242641,-0.06999999,0.004242641,0.838436125876574,0.13220618649108015,6.893441999999999,,101.41751,1.0
2M23262770-0835424,4158.998,0.463,1.975,0.003,-0.245,0.001,0.22600001,0.0017320508,0.141,0.0017320508,0.21800001,0.00244949,0.326,0.0014142137,0.13,0.0017320508,0.206,0.0017320508,-0.169,0.0014142137,-0.15,0.0014142137,1.165893560588624,0.11719953213689888,14.651887,,440.80072,1.0
2M23111322-1013040,4222.588,0.547,2.143,0.003,-0.212,0.001,0.226,0.0017320508,0.096,0.0017320508,0.173,0.00244949,0.41,0.0014142137,0.159,0.0017320508,0.213,0.0017320508,-0.07200001,0.0014142137,-0.077999994,0.0014142137,1.228575709480146,0.06810217484781642,16.926833,,397.90775,1.0
2M12240128-0140306,4869.198,1.889,3.166,0.003,-0.294,0.001,0.081,0.00244949,-0.013999999,0.00244949,0.125,0.0033166248,0.239,0.0014142137,,,0.104,0.00244949,-0.14199999,0.0014142137,0.17199999,0.0014142137,0.5741043388649945,0.1082518045096916,3.750631,,635.5208,1.0
2M03370727+1525086,4514.365,1.505,2.835,0.003,0.097,0.001,-0.014000006,0.0017320508,-0.016000003,0.0017320508,0.105000004,0.00244949,0.12799999,0.0014142137,0.029,0.0017320508,-0.0060000047,0.0017320508,-0.162,0.0014142137,0.14199999,0.0014142137,0.6928759006397381,0.11467480853464765,4.930329,,329.15796,1.0
2M13500315-0837470,4553.331,6.079,1.002,0.017,-1.733,0.003,0.24400008,0.0076811453,-0.77,0.05133225,0.41400003,0.038444765,,,0.26400006,0.0076811453,0.46500003,0.007071068,-0.6989999,0.005,-0.76699996,0.005,1.185484896732488,0.11141922648345227,15.327979,,208.3178,1.0
2M22284369-1113416,4306.212,0.734,1.993,0.004,-0.559,0.001,0.27,0.0017320508,0.08800003,0.0017320508,0.11400002,0.0033166248,0.389,0.0014142137,0.15900001,0.0017320508,0.24200001,0.0017320508,-0.12900001,0.0014142137,-0.22399998,0.0014142137,1.1445951590889143,0.13129042996532697,13.950673000000002,,439.32516,1.0
2M22300191-0652342,4096.488,0.496,2.044,0.003,0.092,0.001,0.11000001,0.0017320508,0.089999996,,0.269,0.0017320508,0.206,0.0014142137,0.0069999993,,0.088999994,0.0017320508,-0.14,0.0014142137,-0.019000001,0.0014142137,1.2112884573594027,0.08424027731279435,16.266288,,397.65942,1.0
2M11050069+0350350,4797.171,9.395,3.223,0.013,-0.074,0.002,0.036000002,0.0061644143,0.027000003,0.0061644143,0.066,0.007348469,0.27899998,0.0028284274,0.073,0.0061644143,0.035,0.0061644143,-0.044,0.0028284274,-0.044,0.0028284274,1.2006254161600858,0.07491276989867707,15.871772,,103.68541,1.0
2M11330740-0042445,4294.129,1.319,2.094,0.008,-0.505,0.001,0.334,0.00244949,0.097,0.003,0.048999995,0.0037416576,0.40899998,0.0014142137,0.188,0.00244949,0.28399998,0.00244949,-0.30900002,0.0014142137,0.0069999993,0.0014142137,1.1655359149949875,0.11448992966866917,14.639826,,217.90224,1.0
2M09072670+2030387,4699.685,6.146,2.985,0.011,-0.296,0.002,0.263,0.00489898,0.15100001,0.0053851646,0.12900001,0.006,,,0.153,0.00489898,0.276,0.00489898,0.074,0.0028284274,-0.074,0.0028284274,1.046608932245118,0.11948084113881186,11.132916,,136.17122,1.0
2M22465332-1351001,4831.393,7.786,3.085,0.014,-0.594,0.002,0.25599998,0.0053851646,0.12899998,0.008306623,-0.09200001,0.010049876,0.36999997,0.0028284274,0.19999999,0.0053851646,0.255,0.0053851646,-0.38100004,0.0028284274,0.16399997,0.0028284274,0.533952701545889,0.03812029136669382,3.419422,,146.36566,1.0
2M13302727-1116136,4100.07,0.509,1.911,0.004,-0.198,0.001,0.25,0.0017320508,0.163,0.0017320508,0.231,0.00244949,0.34,0.0014142137,0.13,,0.247,0.0017320508,-0.193,0.0014142137,0.070999995,0.0014142137,1.20239351935563,0.09353514637472966,15.936521,,345.2035,1.0
2M22172382-1704227,3943.497,0.383,1.344,0.005,-0.627,0.001,0.30099997,0.0017320508,0.11499995,0.0017320508,0.12999997,0.00244949,0.32999998,0.0014142137,0.16199997,0.0017320508,0.27599996,0.0017320508,-0.113000035,0.0014142137,-0.426,0.0014142137,1.180850032274051,0.11661265264469647,15.165266,,381.168,1.0
2M13593094-1341482,3723.365,0.247,1.097,0.002,-0.436,0.001,0.24199998,,0.21199998,,0.178,0.00244949,0.263,0.0014142137,0.151,,0.273,0.0017320508,-0.17900002,0.0014142137,-0.134,0.0014142137,1.2645616553478607,0.031086448138541094,18.38915,,717.6297,1.0
2M23114745-0129261,4182.277,0.936,1.807,0.008,-0.592,0.001,0.294,0.00244949,0.12600002,0.00244949,0.141,0.003,0.446,0.0014142137,0.18900001,0.00244949,0.26700002,0.00244949,-0.181,0.0014142137,0.238,0.0014142137,1.1993636971482062,0.09498915724370975,15.825728,,239.06049,1.0
2M00534990+0109096,4182.559,0.755,1.815,0.006,-0.559,0.001,0.298,0.00244949,0.09900001,0.00244949,0.10800001,0.0037416576,0.31200004,0.0014142137,0.21700001,0.00244949,0.273,0.00244949,-0.14599997,0.0014142137,-0.22299999,0.0014142137,1.2008419105712056,0.09528159452972518,15.879685999999998,,306.3493,1.0
2M12260636-0044025,4986.797,13.893,3.045,0.022,-0.821,0.003,0.28099996,0.009110434,-0.035000026,0.027092436,-0.18700004,0.039736632,0.25299996,0.004242641,0.30299997,0.009110434,0.56299996,0.008602325,-0.71500003,0.005,-0.911,0.005830952,1.202256204472774,0.07810368583819675,15.931482999999998,,124.14862,1.0
2M13441968-1110207,4830.094,1.682,3.029,0.003,-0.305,0.001,0.07100001,0.00244949,-0.0069999993,0.00244949,0.11500001,0.0033166248,0.24800001,0.0014142137,0.051,0.00244949,0.141,0.00244949,-0.171,0.0014142137,0.016000003,0.0014142137,0.9753312887257131,0.12052740128298124,9.447813,,636.72736,1.0
2M11433432+0159363,4714.354,3.64,3.007,0.007,-0.376,0.001,0.273,0.003,0.082999974,0.0037416576,0.09799999,0.004582576,0.36999997,0.0014142137,0.19699998,0.003,0.283,0.003,-0.397,0.0022360682,-0.046000004,0.0014142137,0.739186291589409,0.09389898985210965,5.4851220000000005,,238.55861,1.0
2M16595163-2141293,4070.934,1.08,1.823,0.008,-0.331,0.001,0.277,0.00244949,0.148,0.00244949,0.158,0.003,0.302,0.0014142137,0.142,0.00244949,0.232,0.00244949,-0.12400001,0.0014142137,-0.27699998,0.0014142137,1.1862115796855748,0.10854739928168866,15.353648000000002,,177.94914,1.0
2M10455511+0454499,4443.352,4.824,2.111,0.021,-0.665,0.003,0.29000002,0.007071068,0.066000044,0.007071068,0.06700003,0.009110434,0.43400002,0.0036055513,0.25100002,0.0065574385,0.35400003,0.007071068,-0.20199996,0.004242641,-0.45399994,0.004242641,1.131042473243209,0.13317192186664006,13.522048000000002,,105.02747,1.0
2M16115287-2837244,4559.388,2.067,2.993,0.004,0.278,0.001,0.020999998,0.00244949,-0.009000003,0.00244949,0.31599998,0.00244949,0.22600001,0.0014142137,-0.018999994,0.00244949,-0.013000011,0.00244949,-0.16299999,0.0014142137,0.174,0.0014142137,0.9729776264115029,0.1225338434377827,9.396749,,253.49805,1.0
2M16115287-2837244,4559.388,2.067,2.993,0.004,0.278,0.001,0.020999998,0.00244949,-0.009000003,0.00244949,0.31599998,0.00244949,0.22600001,0.0014142137,-0.018999994,0.00244949,-0.013000011,0.00244949,-0.16299999,0.0014142137,0.174,0.0014142137,0.9729776264115029,0.1225338434377827,9.396749,,253.49805,1.0
2M13300092-1430097,4548.476,3.009,2.31,0.01,-0.682,0.002,0.262,0.0041231057,0.038999975,0.0046904157,0.02700001,0.0061644143,0.40899998,0.0022360682,0.18899998,0.0041231057,0.32599998,0.0041231057,-0.31300002,0.0028284274,-0.22000003,0.0028284274,1.1960124989881582,0.09986336965204916,15.70408,,201.5726,1.0
2M23260227-0034395,4960.01,9.504,3.285,0.013,-0.34,0.002,0.103,0.0046904157,,,-0.0119999945,0.0061644143,0.287,0.0028284274,0.069000006,0.0046904157,0.204,0.0046904157,-0.341,0.0028284274,0.118,0.0028284274,0.11314686125553246,0.07380811991424532,1.297618,,158.77144,1.0
2M22022008-0751343,4796.999,5.945,3.208,0.008,0.003,0.001,0.038000003,0.0033166248,0.022,0.0033166248,0.262,0.0037416576,0.196,0.0014142137,0.011,0.0033166248,0.032,0.0033166248,-0.639,0.0022360682,0.038000003,0.0014142137,0.40460300052235,0.08078448986511273,2.538651,,160.02277,1.0
2M03291688+2233071,4499.21,2.263,2.306,0.007,-0.33,0.001,0.05400002,0.00244949,-0.015999973,0.00244949,0.14000002,0.003,0.29900002,0.0014142137,0.08400001,0.00244949,0.09100002,0.00244949,-0.030999988,0.0014142137,0.06100002,0.0014142137,1.189972878776574,0.09630132754858226,15.487199,,247.24054,1.0
2M13385454-1441558,4307.085,0.617,2.209,0.003,-0.323,0.001,0.24900001,0.0017320508,0.118000016,0.0017320508,0.15100001,0.00244949,0.337,0.0014142137,0.11300002,0.0017320508,0.20600002,0.0017320508,-0.13999999,0.0014142137,0.035000026,0.0014142137,1.152349477732914,0.12078532500664291,14.201999,,501.56616,1.0
2M13191032-0719527,4372.266,2.416,2.071,0.011,-0.553,0.002,0.31499997,0.0041231057,0.052999973,0.0041231057,0.11099997,0.0053851646,0.50699997,0.0022360682,0.18999997,0.0041231057,0.32399997,0.0041231057,-0.39100003,0.0028284274,-0.01700002,0.0028284274,1.1627664528087804,0.11335254879656376,14.546766,,162.47371,1.0
2M12033600-0255594,4776.173,7.396,3.162,0.012,-0.307,0.002,0.284,0.0053851646,0.10400002,0.006,0.10100001,0.007483315,0.418,0.0028284274,0.17000002,0.00489898,0.308,0.0053851646,-0.415,0.0028284274,-0.0059999824,0.0028284274,-0.286074540238727,0.12996785897890176,0.517518,,124.113976,1.0
2M04115354+2322012,4604.884,2.214,2.79,0.004,-0.056,0.001,0.059,0.00244949,0.001000002,0.00244949,0.20500001,0.003,0.232,0.0014142137,0.07,0.00244949,0.041,0.00244949,-0.067,0.0014142137,0.163,0.0014142137,0.7107915641435438,0.14550885749093317,5.13797,,309.56824,1.0
2M13240828-1240482,4819.652,6.672,3.076,0.011,-0.581,0.002,0.29199997,0.0046904157,0.08099997,0.0069999998,0.022999942,0.008774964,0.36999997,0.0028284274,0.17899996,0.0046904157,0.371,0.0046904157,-1.27,0.0036055513,-0.20300001,0.0028284274,1.2404117498517386,0.0528171317682649,17.394492,,173.41331,1.0
2M12395672-0232526,4805.986,9.385,2.844,0.019,-0.728,0.003,0.311,0.007071068,0.099999964,0.011575837,-0.027999997,0.014247807,,,0.24299997,0.007071068,0.513,0.007071068,0.013000011,0.004242641,0.09099996,0.004242641,0.5572308979275274,0.08864956914016922,3.607704,,124.68616,1.0
2M13190420-0752007,4535.342,3.293,2.493,0.011,-0.518,0.002,0.272,0.0041231057,0.076000005,0.0046904157,0.09100002,0.0061644143,0.477,0.0028284274,0.21400002,0.0041231057,0.358,0.0041231057,-0.543,0.0028284274,0.072,0.0028284274,1.097269043470549,0.11424199971409492,12.510338,,169.07983,1.0
2M22575073-0526121,3758.88,0.306,1.345,0.002,0.072,0.001,0.0060000047,,0.045,,0.24599999,0.0017320508,0.094,0.0014142137,-0.048999995,,0.034,,-0.21,0.0014142137,-0.067999996,0.0014142137,1.2168436118498105,0.08198358813489845,16.47569,,549.6676,1.0
2M08411821+1156005,4520.173,0.499,2.71,0.001,,,,,,,,,,,,,,,,,,,1.1622638807033743,0.08056472771039831,14.529942000000002,,1053.5845,1.0
2M01203489-0010370,5070.207,1.259,3.424,0.002,-0.177,0.001,0.059,0.00244949,-0.06199999,0.0033166248,0.156,0.0033166248,0.256,0.0014142137,0.106,0.00244949,-0.27999997,0.00244949,-0.024000004,0.0014142137,-0.19000001,0.0014142137,0.8163919176972886,0.11787311516932866,6.552272,,1164.8505,1.0
2M13173498-1241382,4794.276,7.006,3.045,0.011,-0.207,0.002,0.113000005,0.00489898,-0.0029999912,0.0053851646,0.05600001,0.006,0.225,0.0028284274,0.088,0.00489898,0.089,0.00489898,-0.37799996,0.0028284274,0.215,0.0028284274,0.4143123835710022,0.10082563304334521,2.596046,,149.1115,1.0
2M13370472-1319191,4839.1,2.906,3.403,0.004,0.018,0.001,0.060000002,0.0017320508,0.027000003,0.0017320508,0.14899999,0.00244949,0.22,0.0014142137,0.077,0.0017320508,0.026,0.0017320508,-0.14500001,0.0014142137,0.139,0.0014142137,0.3077945929522258,0.01986622169637867,2.031396,,364.7169,1.0
2M08404589+1548571,4420.196,1.168,2.22,0.005,,,,,,,,,,,,,,,,,,,1.1624393571115867,0.11266671011603377,14.535814000000002,,392.08075,1.0
2M11514981+0446594,4411.5,1.801,2.079,0.008,-0.699,0.001,0.29,0.003,0.07800001,0.003,0.100000024,0.004582576,0.396,0.0014142137,0.18,0.003,0.294,0.003,-0.19,0.0022360682,0.058000028,0.0014142137,0.1049222120466905,0.09219073069854054,1.273275,,258.146,1.0
2M16443292-2015259,4284.294,1.249,2.388,0.004,0.085,0.001,0.023999996,,0.063,0.00244949,0.278,0.00244949,0.13800001,0.0014142137,-0.013000004,,0.027999997,0.00244949,-0.142,0.0014142137,0.25599998,0.0014142137,0.299595761120152,0.14790695679343827,1.993406,,242.51697,1.0
2M16085717-1949026,4589.704,2.229,2.579,0.005,-0.154,0.001,0.025000006,0.00244949,-0.063999996,0.00244949,0.21700001,0.003,0.25800002,0.0014142137,0.026999995,0.00244949,0.044,0.00244949,-0.055999994,0.0014142137,0.242,0.0014142137,0.5665759493665683,0.10822785671506754,3.686175,,286.92853,1.0
2M16085717-1949026,4589.704,2.229,2.579,0.005,-0.154,0.001,0.025000006,0.00244949,-0.063999996,0.00244949,0.21700001,0.003,0.25800002,0.0014142137,0.026999995,0.00244949,0.044,0.00244949,-0.055999994,0.0014142137,0.242,0.0014142137,0.5665759493665683,0.10822785671506754,3.686175,,286.92853,1.0
2M13574612-1545482,4761.213,7.757,3.285,0.011,-0.177,0.002,0.249,0.0053851646,0.082,0.006,0.122,0.0067082043,0.366,0.0028284274,0.149,0.00489898,0.187,0.00489898,-0.100999996,0.0028284274,0.175,0.0028284274,0.5390644254027095,0.0851676253668005,3.459907,,115.318436,1.0
2M08304113+2315578,4794.062,4.513,2.998,0.008,-0.218,0.001,0.07699999,0.003,-0.029,0.003,0.134,0.0037416576,,,,,0.065,0.003,-0.273,0.0014142137,0.12599999,0.0014142137,0.8458804917690732,0.11733217242192912,7.012623,,227.15004,1.0
2M08424936+2406560,4584.038,2.069,2.66,0.005,-0.153,0.001,0.070999995,0.0017320508,-0.019000009,0.0017320508,0.181,0.00244949,0.22299999,0.0014142137,0.044,0.0017320508,0.066,0.0017320508,-0.199,0.0014142137,-0.143,0.0014142137,1.04124452598927,0.09677548073321425,10.996248,,314.86475,1.0
2M08424822+1928026,4871.493,2.475,2.857,0.004,-0.433,0.001,0.099999994,0.00244949,-0.052000016,0.0033166248,0.221,0.0033166248,0.25599998,0.0014142137,0.08899999,0.00244949,0.155,0.00244949,-0.224,0.0014142137,0.04100001,0.0014142137,0.7425422650433715,0.13066106017217272,5.527672,,489.10568,1.0
2M08434522+1301497,4393.644,2.577,2.048,0.012,-0.626,0.002,0.27899998,0.0041231057,0.029999971,0.0041231057,0.13099998,0.0053851646,0.40399998,0.0028284274,0.22099999,0.0041231057,0.28599998,0.0041231057,-0.16000003,0.0028284274,-0.296,0.0028284274,1.1404561885753777,0.12956699021617607,13.81835,,169.84084,1.0
2M23094759-0534539,4596.017,0.711,2.946,0.001,-0.066,0.001,0.143,0.0017320508,0.057,0.0017320508,0.169,0.00244949,0.297,0.0014142137,0.067999996,0.0017320508,0.113,0.0017320508,-0.0069999993,0.0014142137,0.246,0.0014142137,1.0134029568196257,0.11949639350646273,10.313426,,869.4454,1.0
2M23094759-0534539,4596.017,0.711,2.946,0.001,-0.066,0.001,0.143,0.0017320508,0.057,0.0017320508,0.169,0.00244949,0.297,0.0014142137,0.067999996,0.0017320508,0.113,0.0017320508,-0.0069999993,0.0014142137,0.246,0.0014142137,1.0134029568196257,0.11949639350646273,10.313426,,869.4454,1.0
2M22300603-1330492,4188.436,0.779,1.739,0.007,-0.489,0.001,0.24599999,0.00244949,0.049999982,0.00244949,0.15199998,0.003,0.34899998,0.0014142137,0.10099998,0.00244949,0.239,0.00244949,-0.14699998,0.0014142137,0.224,0.0014142137,1.2037525226863077,0.09326260734630894,15.986468,,261.89224,1.0
2M22300603-1330492,4188.436,0.779,1.739,0.007,-0.489,0.001,0.24599999,0.00244949,0.049999982,0.00244949,0.15199998,0.003,0.34899998,0.0014142137,0.10099998,0.00244949,0.239,0.00244949,-0.14699998,0.0014142137,0.224,0.0014142137,1.2037525226863077,0.09326260734630894,15.986468,,261.89224,1.0
2M01163943+0756538,4738.662,1.718,3.117,0.003,-0.132,0.001,0.049999997,0.0017320508,-0.037,0.00244949,0.107,0.00244949,0.22999999,0.0014142137,0.055,0.0017320508,0.034,0.0017320508,-0.08499999,0.0014142137,0.127,0.0014142137,0.9293184132314993,0.11710303030059836,8.498033,,529.1589,1.0
2M01163943+0756538,4738.662,1.718,3.117,0.003,-0.132,0.001,0.049999997,0.0017320508,-0.037,0.00244949,0.107,0.00244949,0.22999999,0.0014142137,0.055,0.0017320508,0.034,0.0017320508,-0.08499999,0.0014142137,0.127,0.0014142137,0.9293184132314993,0.11710303030059836,8.498033,,529.1589,1.0
2M04323511+2443133,4948.333,4.002,3.002,0.006,-0.198,0.001,-0.0059999973,0.003,-0.128,0.003,0.168,0.0037416576,0.133,0.0014142137,0.052,0.003,-0.091000006,0.003,0.263,0.0014142137,-0.311,0.0014142137,-0.01804238650023207,0.10279932971899003,0.959307,,324.4884,1.0
2M22113027-0633171,4745.968,3.604,2.246,0.009,-0.645,0.001,0.30699998,0.003,0.292,0.003,0.29799998,0.003,0.37499997,0.0014142137,0.20299998,0.003,0.31399998,0.003,1.031,0.0014142137,-0.73399997,0.0022360682,1.1308164677798829,0.07146669532411713,13.515013,,231.35756,1.0
2M22371368-1509255,4270.461,0.663,2.114,0.003,-0.279,0.001,0.24000001,0.0017320508,0.09500001,0.0017320508,0.201,0.00244949,0.37800002,0.0014142137,0.143,0.0017320508,0.20200002,0.0017320508,-0.16299999,0.0014142137,-0.461,0.0014142137,1.2240381200452268,0.07219075098470713,16.750899,,434.17792,1.0
2M22371368-1509255,4270.461,0.663,2.114,0.003,-0.279,0.001,0.24000001,0.0017320508,0.09500001,0.0017320508,0.201,0.00244949,0.37800002,0.0014142137,0.143,0.0017320508,0.20200002,0.0017320508,-0.16299999,0.0014142137,-0.461,0.0014142137,1.2240381200452268,0.07219075098470713,16.750899,,434.17792,1.0
2M16090795-1953076,4642.139,3.174,3.297,0.005,0.398,0.001,0.023000002,0.00244949,0.051999986,0.00244949,0.379,0.00244949,0.171,0.0014142137,0.037,0.00244949,0.002000004,0.00244949,-0.249,0.0014142137,0.17299998,0.0014142137,0.799418439732607,0.03765443635210069,6.301130000000001,,167.72697,1.0
2M16090795-1953076,4642.139,3.174,3.297,0.005,0.398,0.001,0.023000002,0.00244949,0.051999986,0.00244949,0.379,0.00244949,0.171,0.0014142137,0.037,0.00244949,0.002000004,0.00244949,-0.249,0.0014142137,0.17299998,0.0014142137,0.799418439732607,0.03765443635210069,6.301130000000001,,167.72697,1.0
2M13421055-1436568,4329.642,3.816,1.867,0.021,-0.664,0.003,0.14199996,0.0065574385,-0.113000035,0.007071068,0.078999996,0.0083666,,,0.18199998,0.007071068,0.14999998,0.0065574385,-0.16100001,0.004242641,-0.15900004,0.004242641,1.1910667426203125,0.10194059911691962,15.526256,,105.60078,1.0
2M12494254-0747118,4896.87,8.214,3.236,0.012,-0.589,0.002,0.318,0.0053851646,0.15799999,0.010049876,-0.37800002,0.030331502,0.443,0.0028284274,,,0.40399998,0.0053851646,-0.12700003,0.0028284274,0.17499998,0.0028284274,0.7576933276203482,0.1382268453604044,5.723917,,164.36133,1.0
2M13494159-1620400,4740.975,3.459,3.153,0.005,-0.021,0.001,-0.005000001,0.00244949,-0.068,0.00244949,0.29,0.003,0.147,0.0014142137,-0.018000001,0.00244949,-0.031000001,0.00244949,-0.07,0.0014142137,0.20199999,0.0014142137,0.6599836672759581,0.10314416744008863,4.57071,,261.4971,1.0
2M19214776-2921121,4396.413,3.669,2.097,0.015,-0.552,0.002,0.31399998,0.0053851646,0.11499998,0.0053851646,0.055999994,0.0067082043,0.353,0.0028284274,0.23799998,0.00489898,0.34499997,0.0053851646,-0.31700003,0.0028284274,-0.04000002,0.0028284274,1.1434888909488115,0.12980065213521233,13.915182,,122.59664,1.0
2M17203286-2319414,4065.57,1.205,2.142,0.005,0.238,0.001,0.021999985,,0.072999984,,0.22599998,0.003,0.13799998,0.0014142137,0.0019999892,,0.044,,0.035999984,0.0014142137,-0.277,0.0014142137,1.2378005946067692,0.06050690268322445,17.290223,,175.04567,1.0
2M05010092+2127338,4183.616,0.691,1.904,0.004,-0.256,0.001,0.05600001,0.0017320508,0.009000018,0.0017320508,0.21000001,0.0017320508,0.16300002,0.0014142137,0.011000007,0.0017320508,0.055000007,0.0017320508,-0.037,0.0014142137,-0.09799999,0.0014142137,0.14230716765245954,0.13119571637185012,1.387737,,319.8774,1.0
2M15592387-2303022,4633.24,0.847,2.947,0.001,0.04,0.001,0.027000003,0.0017320508,-0.0059999973,0.0017320508,0.25,0.00244949,0.18900001,0.0014142137,0.053000003,0.0017320508,0.013,0.0017320508,-0.375,0.0014142137,0.099,0.0014142137,0.9506311432496342,0.12431910310550769,8.925471,,838.1854,1.0
2M23213953+0009117,4781.191,3.791,3.144,0.006,-0.385,0.001,0.294,0.003,0.16,0.0037416576,0.07699999,0.004582576,0.413,0.0014142137,0.195,0.003,0.288,0.003,-0.40500003,0.0022360682,-0.14499998,0.0022360682,0.5570717267417382,0.08827798332268702,3.606382,,268.46265,1.0
2M04523663+2034165,4928.876,8.298,3.039,0.012,-0.245,0.002,-0.011000007,0.00489898,-0.20699999,0.006,0.222,0.006,0.21800001,0.0028284274,0.030000001,0.00489898,-0.074,0.00489898,0.020999998,0.0028284274,0.153,0.0028284274,0.06638333045226828,0.03952396088827405,1.165154,,155.21648,1.0
2M04015037+1721263,4849.264,6.069,3.237,0.009,-0.374,0.002,0.27100003,0.0041231057,0.07800001,0.0053851646,0.10700002,0.0061644143,0.40100002,0.0022360682,0.17900002,0.0041231057,0.30900002,0.0041231057,-0.18,0.0028284274,0.20300001,0.0022360682,0.6910829957876143,0.09928817567142613,4.910017,,186.66068,1.0
2M13471628-0612043,4890.317,2.358,2.803,0.005,-1.199,0.002,0.14600003,0.0045825755,0.13999999,0.017146429,-0.53900003,0.7520033,0.04400003,0.0028284274,0.13699996,0.0045825755,0.536,0.0037416574,0.16999996,0.0028284274,-0.27699995,0.0036055513,0.9394474133715816,0.11979403913027648,8.698561,,873.79865,1.0
2M03353249+1955357,4613.17,0.795,2.539,0.002,-0.373,0.001,0.067,0.0017320508,-0.031000018,0.00244949,0.183,0.00244949,0.25599998,0.0014142137,0.095999986,0.0017320508,0.11399999,0.00244949,-0.058,0.0014142137,0.097,0.0014142137,0.8619461084311959,0.12642078808458712,7.276895,,962.6118,1.0
2M08182393+2034475,4797.705,7.082,3.264,0.009,0.032,0.002,0.029,0.00489898,-0.001000002,0.00489898,0.265,0.0053851646,0.17,0.0028284274,0.032,0.00489898,-0.025000002,0.0045825755,-0.569,0.0028284274,0.14199999,0.0028284274,0.5152692505957756,0.09463452811435236,3.275437,,138.01866,1.0
2M22000849-0801460,4389.258,1.614,2.296,0.006,-0.187,0.001,0.029,0.00244949,-0.013999999,0.00244949,0.125,0.003,0.224,0.0014142137,0.033000007,0.00244949,0.05700001,0.00244949,-0.06799999,0.0014142137,-0.17300001,0.0014142137,1.0897665034821575,0.1484597280115083,12.296075,,262.89978,1.0
2M08445952+1040080,4280.332,0.715,1.846,0.005,-0.69,0.001,0.3,0.00244949,0.050000012,0.00244949,0.08700001,0.0033166248,0.427,0.0014142137,0.19299999,0.0017320508,0.309,0.00244949,-0.18,0.0014142137,-0.032999992,0.0014142137,1.2650194163095223,0.032254662171546114,18.408543,,417.5757,1.0
2M00470237+0326459,4913.808,11.459,2.71,0.022,-1.079,0.003,0.297,0.00781025,0.07500005,0.022999998,-0.30400002,0.052430905,0.31300002,0.0036055513,0.15100002,0.00781025,0.53499997,0.00781025,-0.23099995,0.004242641,-0.59800005,0.005,1.020308484479477,0.12744348176793385,10.478726,,163.78835,1.0
2M10362190+1318533,4654.075,3.373,2.836,0.007,-0.174,0.001,0.03199999,0.00244949,-0.018000007,0.00244949,0.127,0.003,0.25,0.0014142137,-0.015000001,0.00244949,0.08399999,0.00244949,-0.09,0.0014142137,0.265,0.0014142137,0.8506431724467247,0.1289087913760751,7.08995,,233.12321,1.0
2M10315790+0122537,4857.577,10.049,3.214,0.013,-0.062,0.002,-0.0050000027,0.0057445625,-0.012000002,0.0057445625,0.281,0.0061644143,0.124,0.0028284274,0.016999997,0.0057445625,-0.048,0.0057445625,-0.29299998,0.0028284274,0.301,0.0028284274,1.1231823119492272,0.10675000800694116,13.279518,,101.79683,1.0
2M16004439-2338152,4602.997,5.019,2.719,0.01,-0.047,0.002,0.051,0.00489898,-0.010000002,0.00489898,0.22999999,0.0053851646,0.194,0.0028284274,0.073,0.00489898,0.033999998,0.0045825755,0.092,0.0028284274,-0.259,0.0028284274,0.9822940781380085,0.10329146372030713,9.600505,,132.1661,1.0
2M04253852+1933367,4195.608,0.573,2.046,0.004,-0.288,0.001,0.23499998,0.0017320508,0.10099998,0.0017320508,0.14099999,0.00244949,0.37199998,0.0014142137,0.102999985,0.0017320508,0.20499998,0.0017320508,-0.13100001,0.0014142137,-0.006000012,0.0014142137,1.1624421954693807,0.12070979372617384,14.535909,,370.9234,1.0
2M17322984-2339139,4215.691,0.586,2.034,0.003,0.014,0.001,-0.049999997,0.0017320508,-0.141,0.0017320508,0.248,0.0017320508,0.13,0.0014142137,-0.048,0.0017320508,-0.042000003,0.0017320508,0.041,0.0014142137,0.031999998,0.0014142137,0.1666985415022349,0.008242206641225734,1.467907,,404.93903,1.0
2M22102020-0951168,4815.1,7.714,3.181,0.013,-0.423,0.002,0.244,0.0053851646,0.01000002,0.008306623,0.051,0.009165152,0.423,0.0028284274,0.169,0.0053851646,0.27600002,0.0053851646,-0.12100002,0.0028284274,-0.12200001,0.0028284274,0.5444268714828967,0.03648389652437202,3.502893,,136.7533,1.0
2M01062655+0954525,5115.051,2.906,3.398,0.004,-0.061,0.001,0.009,0.00244949,-0.029999997,0.0033166248,0.178,0.0033166248,0.187,0.0014142137,0.063,0.00244949,-0.07699999,0.00244949,-0.022999998,0.0014142137,0.156,0.0014142137,0.9652929262220853,0.020304106821843654,9.231939,,522.3323,1.0
2M08261701+2018313,5014.609,4.522,3.437,0.005,-0.226,0.001,0.060000002,0.003,-0.011000007,0.004582576,-0.04900001,0.004582576,0.17999999,0.0014142137,0.077999994,0.003,0.012999997,0.003,0.024999991,0.0014142137,0.189,0.0014142137,0.7538957608687946,0.1200427209497488,5.674084,,305.3025,1.0
2M17311008-1806426,3781.728,1.089,1.382,0.006,0.046,0.001,0.009,,0.033000004,,0.26299998,0.003,0.138,0.0014142137,-0.033,,0.047000002,0.00244949,-0.213,0.0014142137,0.156,0.0014142137,1.2269563700598862,0.07114796044189015,16.863836,,160.24602,1.0
2M22365241-0604265,4031.519,0.753,1.704,0.006,-0.371,0.001,0.251,0.00244949,0.16899998,0.00244949,0.16499999,0.003,0.322,0.0014142137,0.14099999,,0.258,0.00244949,-0.18700004,0.0014142137,-0.14100003,0.0014142137,1.2090043916525965,0.0880098343398863,16.180964000000003,,263.98553,1.0
2M22090085-1132431,4903.443,7.661,3.255,0.011,-0.395,0.002,0.17400001,0.0046904157,0.076000005,0.0053851646,0.04000002,0.0061644143,0.323,0.0028284274,0.11900002,0.0046904157,0.238,0.0046904157,-0.63400006,0.0028284274,-0.09799999,0.0028284274,0.9117030915954996,0.10305333518350568,8.160243,,168.44081,1.0
2M04151061+2306519,4597.041,12.245,1.585,0.035,-1.495,0.005,0.19099998,0.0137477275,-0.6120001,0.08275869,0.008000016,0.06891298,0.11100006,0.0070710676,0.199,0.0137477275,0.33800006,0.0137477275,-0.06799996,0.0070710676,-0.10800004,0.0070710676,1.0376462989104787,0.14857504108983982,10.905518,,105.135994,1.0
2M09103521+2200430,4782.018,2.216,2.986,0.004,-0.152,0.001,0.038999997,0.0017320508,-0.04100001,0.0017320508,0.204,0.00244949,0.166,0.0014142137,,,0.008999988,0.0017320508,-0.15500002,0.0014142137,0.134,0.0014142137,0.6921329622146223,0.1192019586536577,4.921901999999999,,407.02017,1.0
2M13404688-1518422,4389.073,0.962,1.888,0.005,-0.798,0.002,0.29799998,0.0030000003,0.0059999824,0.0030000003,0.144,0.0045825755,,,0.20599997,0.0030000003,0.29399997,0.0030000003,-0.33599997,0.0028284274,-0.5170001,0.0028284274,1.190878872584864,0.09981913070828713,15.519541,,482.76105,1.0
2M13401798-1134206,4669.263,7.015,2.874,0.014,-0.201,0.002,0.117000006,0.00489898,0.07200001,0.00489898,0.143,0.006,0.311,0.0028284274,0.112,0.00489898,0.124000005,0.00489898,-0.43600002,0.0028284274,-0.187,0.0028284274,1.1189880357658117,0.11250122598973351,13.151886,,109.41304,1.0
2M22211392-0527515,4942.381,7.725,3.307,0.011,-0.235,0.002,0.055999994,0.0041231057,0.020999998,0.0046904157,0.060000002,0.0053851646,0.176,0.0028284274,0.078999996,0.0041231057,0.174,0.0046904157,-0.214,0.0028284274,-0.03199999,0.0028284274,0.3469420024253768,0.07816483275479359,2.223013,,148.81857,1.0
2M03382810+1321587,4480.563,2.176,2.224,0.007,-0.334,0.001,0.07099998,0.00244949,-0.052000016,0.00244949,0.196,0.003,0.251,0.0014142137,0.058999985,0.00244949,0.012999982,0.00244949,-0.08200002,0.0014142137,-0.08000001,0.0014142137,1.129820837372613,0.13194758691940447,13.484065,,232.0394,1.0
2M03381649+2106066,4347.712,1.674,2.113,0.008,-0.471,0.001,0.26199996,0.00244949,0.05699998,0.003,0.109,0.0037416576,0.32199997,0.0014142137,0.181,0.00244949,0.253,0.00244949,-0.20400003,0.0014142137,-0.303,0.0014142137,0.12138648571726227,0.006230164240473527,1.322472,,225.55103,1.0
2M03370839+2230575,4116.676,0.176,1.796,0.001,-0.399,0.001,0.255,,0.13099998,,0.14899999,,0.35099998,0.0014142137,0.144,,0.22999999,,-0.19200003,0.0014142137,-0.20200002,0.0014142137,1.1700305975069618,0.12125142044144592,14.792126,,1093.4474,1.0
2M08314555+2304491,4881.674,1.598,3.409,0.002,0.032,0.001,0.014999997,0.0017320508,-0.028,0.00244949,0.137,0.00244949,0.168,0.0014142137,0.044999998,0.0017320508,0.004999999,0.0017320508,-0.249,0.0014142137,0.054,0.0014142137,0.7588786759225964,0.10531062013193049,5.739561,,677.0521,1.0
2M08314555+2304491,4881.674,1.598,3.409,0.002,0.032,0.001,0.014999997,0.0017320508,-0.028,0.00244949,0.137,0.00244949,0.168,0.0014142137,0.044999998,0.0017320508,0.004999999,0.0017320508,-0.249,0.0014142137,0.054,0.0014142137,0.3025036595326141,0.06710968788446184,2.006798,,677.0521,1.0
2M23240664-1029587,4921.421,7.5,3.041,0.011,-0.308,0.002,0.072,0.00489898,0.018999994,0.0053851646,0.198,0.0053851646,0.206,0.0028284274,-0.0009999871,0.00489898,0.141,0.00489898,-0.528,0.0028284274,-0.055999994,0.0028284274,0.42102052775674587,0.10865408942898716,2.636456,,172.83101,1.0
2M17191938-2757048,4178.061,0.419,2.011,0.002,-0.043,0.001,-0.036000002,0.0017320508,-0.063999996,0.0017320508,0.257,0.0017320508,0.107999995,0.0014142137,-0.007999998,0.0017320508,-0.013999999,0.0017320508,-0.051999997,0.0014142137,0.30200002,0.0014142137,1.2404270296050852,0.05772059976069664,17.395104,,543.03046,1.0
2M08411863+1558122,4860.79,2.954,3.203,0.004,-0.145,0.001,0.07399999,0.00244949,-0.059,0.00244949,0.173,0.0033166248,,,0.059999995,0.00244949,0.102,0.00244949,-0.09900001,0.0014142137,0.191,0.0014142137,0.6857977007802811,0.10849212241068679,4.850625,,392.03406,1.0
2M08180443+1431059,4993.728,5.534,3.03,0.008,-0.306,0.001,-0.004999995,0.003,-0.11500001,0.004582576,0.107999995,0.004582576,0.159,0.0014142137,0.089,0.003,0.04100001,0.003,0.121999994,0.0014142137,0.06099999,0.0014142137,0.26428123238162227,0.09238359479547889,1.837728,,266.32684,1.0
2M16105264-2522246,4181.688,1.655,1.733,0.016,-0.554,0.002,0.25500003,0.00489898,0.025000036,0.00489898,0.08700001,0.0067082043,0.407,0.0028284274,0.23500001,0.00489898,0.28800002,0.00489898,-0.143,0.0028284274,-0.18199998,0.0028284274,1.159380923970268,0.12786718531812266,14.433808,,122.97715,1.0
2M16105264-2522246,4181.688,1.655,1.733,0.016,-0.554,0.002,0.25500003,0.00489898,0.025000036,0.00489898,0.08700001,0.0067082043,0.407,0.0028284274,0.23500001,0.00489898,0.28800002,0.00489898,-0.143,0.0028284274,-0.18199998,0.0028284274,1.159380923970268,0.12786718531812266,14.433808,,122.97715,1.0
2M08374542+1558546,4577.822,0.446,2.97,0.001,-0.026,0.001,0.078999996,,0.049000002,,0.143,,0.22099999,0.0014142137,0.065,,0.058000002,,-0.118999995,0.0014142137,0.21000001,0.0014142137,1.0422315630932237,0.1219835403545432,11.021268,,1327.4955,1.0
2M08374542+1558546,4577.822,0.446,2.97,0.001,-0.026,0.001,0.078999996,,0.049000002,,0.143,,0.22099999,0.0014142137,0.065,,0.058000002,,-0.118999995,0.0014142137,0.21000001,0.0014142137,0.9271144851447327,0.11744876093762786,8.455017,,1327.4955,1.0
2M03574403+1905430,4909.207,3.249,3.188,0.004,-0.073,0.001,0.0069999993,0.00244949,-0.09900001,0.003,0.218,0.003,0.151,0.0014142137,0.063,0.003,-0.029,0.00244949,0.14199999,0.0014142137,0.338,0.0014142137,0.14909835584237402,0.07947380622745234,1.409608,,355.73355,1.0
2M16504672-1941043,4305.131,1.225,2.226,0.005,-0.138,0.001,0.0059999973,0.00244949,-0.022,0.00244949,0.204,0.003,0.132,0.0014142137,0.001000002,0.00244949,0.023999996,0.00244949,0.041999996,0.0014142137,0.098,0.0014142137,0.14874636769338812,0.011763543906526707,1.408466,,276.89117,1.0
2M13301703-1248497,4571.521,1.941,3.044,0.003,0.295,0.001,0.004000008,0.00244949,0.045000017,0.00244949,0.27800003,0.00244949,0.192,0.0014142137,0.018000007,0.00244949,0.0010000169,0.00244949,-0.486,0.0014142137,0.508,0.0014142137,1.0548324442290937,0.11327554620750471,11.34573,,273.50677,1.0
2M16122111-2438172,4319.825,2.933,2.123,0.014,-0.457,0.002,0.332,0.00489898,0.15699998,0.00489898,0.08699998,0.006,0.28899997,0.0028284274,0.21499999,0.00489898,0.31599998,0.00489898,-0.47700003,0.0028284274,-0.18900004,0.0028284274,1.1773357257928276,0.10752492781042589,15.043044,,132.64743,1.0
2M16122111-2438172,4319.825,2.933,2.123,0.014,-0.457,0.002,0.332,0.00489898,0.15699998,0.00489898,0.08699998,0.006,0.28899997,0.0028284274,0.21499999,0.00489898,0.31599998,0.00489898,-0.47700003,0.0028284274,-0.18900004,0.0028284274,1.1773357257928276,0.10752492781042589,15.043044,,132.64743,1.0
2M13292038-1024484,4805.06,4.907,3.193,0.007,-0.116,0.001,0.059999995,0.00244949,0.0059999973,0.003,0.08499999,0.003,0.22099999,0.0014142137,0.045999996,0.00244949,0.078999996,0.003,-0.157,0.0014142137,0.145,0.0014142137,0.9651899377441252,0.11633513891238396,9.22975,,209.17683,1.0
2M13462856-1211535,4531.034,3.485,2.57,0.012,-0.383,0.002,0.29099998,0.0041231057,0.038999975,0.0046904157,0.16299999,0.0053851646,0.376,0.0028284274,0.119999975,0.0041231057,0.27499998,0.0041231057,-0.533,0.0028284274,0.22199999,0.0028284274,1.0944328335701907,0.10238888593645593,12.428904,,136.23703,1.0
2M13214733-1435509,4411.458,0.46,1.523,0.002,-1.198,0.002,0.30299997,,0.015999913,,0.20499998,,-0.0040000677,0.0028284274,0.23299998,,0.32599998,,0.16899991,0.0028284274,-0.26600003,0.0028284274,1.1983966795923717,0.09679559253465504,15.790529,,1369.5963,1.0
2M23494715-0345256,4744.436,5.265,2.961,0.01,-0.401,0.002,0.269,0.0041231057,0.032000005,0.0053851646,0.07099998,0.0061644143,0.401,0.0022360682,0.173,0.0041231057,0.19399999,0.0041231057,0.05399999,0.0028284274,-0.24100003,0.0028284274,1.2690362897128258,0.028451685725637013,18.579597,,171.64261,1.0
2M22055170-0829237,4736.209,1.744,3.143,0.002,-0.048,0.001,0.024,0.0017320508,-0.022,0.0017320508,0.078,0.00244949,0.218,0.0014142137,0.083000004,0.0017320508,-0.045,0.0017320508,-0.051,0.0014142137,-0.102000006,0.0014142137,0.8215933054931892,0.11091851090620812,6.631218,,515.5404,1.0
2M13332751-0207584,4071.721,0.253,1.828,0.002,-0.294,0.001,0.278,0.0017320508,0.095,0.0017320508,0.074,0.00244949,0.374,0.0014142137,0.156,0.0017320508,0.243,0.0017320508,-0.20699999,0.0014142137,-0.16499999,0.0014142137,1.1737413441178062,0.11878047767842263,14.919056,,640.00757,1.0
2M18462058-2526271,4216.42,1.345,2.091,0.009,-0.125,0.001,0.192,0.0033166248,0.08,0.0033166248,0.18,0.0037416576,0.385,0.0014142137,0.121,0.0033166248,0.176,0.0033166248,-0.098000005,0.0014142137,0.053000003,0.0014142137,1.1435947427706,0.1337978097431038,13.918574,,152.85948,1.0
2M04134722+2226368,4980.452,5.434,3.28,0.007,-0.199,0.001,0.032000005,0.003,-0.031000003,0.0037416576,0.144,0.0037416576,0.191,0.0014142137,0.061000004,0.003,0.040000007,0.003,-0.137,0.0014142137,0.126,0.0014142137,0.5104341437307566,0.0933096014930732,3.239173,,252.59572,1.0
2M10573346+0946225,3885.191,0.343,1.164,0.005,-0.531,0.001,0.31300002,0.0017320508,0.09700003,0.0017320508,0.27100003,0.00244949,0.36,0.0014142137,0.16100001,0.0017320508,0.27800003,0.0017320508,-0.10499996,0.0014142137,-0.18399996,0.0014142137,1.2155818919315782,0.08283479154197208,16.427894000000002,,388.77045,1.0
2M10573346+0946225,3885.191,0.343,1.164,0.005,-0.531,0.001,0.31300002,0.0017320508,0.09700003,0.0017320508,0.27100003,0.00244949,0.36,0.0014142137,0.16100001,0.0017320508,0.27800003,0.0017320508,-0.10499996,0.0014142137,-0.18399996,0.0014142137,1.2155818919315782,0.08283479154197208,16.427894000000002,,388.77045,1.0
2M17023612-2126596,4298.24,1.653,2.238,0.007,-0.212,0.001,0.092999995,0.00244949,0.024000004,0.00244949,0.117,0.003,0.166,0.0014142137,0.033999994,0.00244949,0.074,0.00244949,-0.07599999,0.0014142137,0.188,0.0014142137,1.2057924292353273,0.08802175790574275,16.061734,,202.35278,1.0
2M03585776+1507226,4901.348,3.973,3.253,0.006,-0.04,0.001,0.056,0.00244949,-0.046000004,0.003,0.19999999,0.003,0.194,0.0014142137,0.047,0.00244949,0.103,0.00244949,-0.15400001,0.0014142137,-0.114,0.0014142137,0.510397941775058,0.10107819595560615,3.238903,,290.6743,1.0
2M03585776+1507226,4901.348,3.973,3.253,0.006,-0.04,0.001,0.056,0.00244949,-0.046000004,0.003,0.19999999,0.003,0.194,0.0014142137,0.047,0.00244949,0.103,0.00244949,-0.15400001,0.0014142137,-0.114,0.0014142137,0.510397941775058,0.10107819595560615,3.238903,,290.6743,1.0
2M08492491+1144057,4828.181,0.641,3.198,0.001,0.047,0.001,0.008000001,,-0.105,,0.31800002,,0.178,0.0014142137,0.011,,0.009000003,,-0.092,0.0014142137,0.141,0.0014142137,1.2463788871220272,0.0465946899779851,17.635139000000002,,1480.9728,1.0
2M08492491+1144057,4828.181,0.641,3.198,0.001,0.047,0.001,0.008000001,,-0.105,,0.31800002,,0.178,0.0014142137,0.011,,0.009000003,,-0.092,0.0014142137,0.141,0.0014142137,1.2463788871220272,0.0465946899779851,17.635139000000002,,1480.9728,1.0
2M08441595+1316061,4531.726,3.936,2.259,0.014,-0.754,0.002,0.284,0.0053851646,0.01700002,0.0067082043,0.045000017,0.008306623,0.382,0.0028284274,0.204,0.0053851646,0.303,0.0053851646,-0.052999973,0.0028284274,-0.185,0.0028284274,1.1862812144262156,0.0996341076184032,15.35611,,156.60835,1.0
2M05050042+2227069,4877.965,4.472,3.061,0.007,-0.199,0.001,0.033999994,0.003,-0.09900001,0.003,0.15900001,0.0037416576,0.193,0.0014142137,0.070999995,0.003,0.030000001,0.003,0.008000001,0.0014142137,-0.10699999,0.0014142137,0.7023678004893222,0.12863265067937124,5.039272,,254.5678,1.0
2M11172529+0420484,4712.533,6.023,3.235,0.009,0.06,0.002,0.104,0.0041231057,0.07699999,0.0041231057,0.13599999,0.0046904157,,,0.067,0.0037416574,0.082,0.0037416574,-0.52,0.0028284274,0.19099998,0.0028284274,1.1299924719807555,0.10566108498168908,13.489395000000002,,122.80467,1.0
2M12091873+0023078,4783.084,1.9,3.168,0.003,-0.556,0.002,0.299,0.0030000003,0.144,0.0045825755,-0.046000004,0.006403124,0.37699997,0.0022360682,0.227,0.0030000003,0.33999997,0.0030000003,-0.04000002,0.0028284274,-0.04100001,0.0028284274,1.064926138389172,0.10740871194776568,11.612511,,562.0886,1.0
2M08384765+1633359,5003.427,7.59,3.319,0.01,-0.389,0.002,0.099999994,0.0041231057,0.06299999,0.0053851646,0.07499999,0.0053851646,0.215,0.0022360682,0.08199999,0.0041231057,0.08500001,0.0041231057,-0.34500003,0.0028284274,0.13,0.0022360682,0.979398713074637,0.11694859062640472,9.536713,,205.85542,1.0
2M22012098-0902217,4199.872,0.564,2.268,0.002,0.083,0.001,0.094000004,0.0017320508,0.101,0.0017320508,0.19799998,0.0017320508,0.231,0.0014142137,0.040000007,,0.08800001,0.0017320508,-0.11,0.0014142137,-0.047,0.0014142137,1.1456108243244052,0.12872300273128354,13.983337,,408.67654,1.0
2M22013944-0909226,4588.456,1.896,3.141,0.003,0.294,0.001,0.06299999,0.0017320508,0.09900001,0.0017320508,0.257,0.0017320508,0.162,0.0014142137,0.039000005,0.0017320508,0.022000015,0.0017320508,-0.264,0.0014142137,0.32000002,0.0014142137,0.9763984503497086,0.11019026977697971,9.471057,,282.60403,1.0
2M13164692-1350527,4996.979,17.87,2.169,0.032,-1.104,0.004,0.27499998,0.011532563,-0.01999998,0.029681643,0.46699995,0.026870059,0.265,0.005,0.31399995,0.011532563,0.506,0.011532563,-0.18000007,0.0056568547,0.54899997,0.005,0.7714538651738093,0.07852795436209764,5.908182,,115.427925,1.0
2M22265657-1423409,4911.083,10.163,3.26,0.015,-0.462,0.002,0.22200002,0.0061644143,0.02700001,0.010488089,-0.046000004,0.011357817,0.36,0.0028284274,0.111,0.0061644143,0.259,0.0061644143,-0.589,0.0036055513,0.28100002,0.0028284274,1.1365499541876938,0.10295972054595151,13.694619,,128.15625,1.0
2M09073063+2044430,3906.118,0.305,1.596,0.002,0.01,0.001,0.138,0.0017320508,0.087000005,,0.259,0.0017320508,0.22199999,0.0014142137,-0.0069999998,,0.108,,-0.179,0.0014142137,-0.027999999,0.0014142137,1.1854820350449042,0.11055788151681606,15.327878,,537.8106,1.0
2M04213320+1832303,4915.672,7.256,3.169,0.01,-0.069,0.002,-0.058000006,0.0041231057,-0.28599998,0.0046904157,0.232,0.0053851646,0.125,0.0022360682,0.067,0.0041231057,-0.034,0.0041231057,0.099,0.0022360682,-0.002000004,0.0028284274,0.9191207871806569,0.11999569819952424,8.300816000000001,,160.34808,1.0
2M04153087+2409082,4499.271,1.005,2.631,0.003,0.0,0.001,0.011,0.0017320508,-0.045,0.0017320508,0.145,0.00244949,,,0.013,0.0017320508,0.007,0.0017320508,-0.174,0.0014142137,-0.151,0.0014142137,0.8708038338952101,0.10462652332246425,7.426836,,482.66095,1.0
2M03565870+2547458,4628.19,1.738,3.058,0.003,-0.055,0.001,0.16600001,0.0017320508,0.104,0.0017320508,0.194,0.00244949,,,0.17899999,0.0017320508,0.136,0.0017320508,-0.12799999,0.0014142137,0.22600001,0.0014142137,0.6272354462423069,0.04459043852133503,4.238727,,391.6031,1.0
2M23125428-0642162,4583.706,4.251,2.516,0.013,-0.51,0.002,0.271,0.0041231057,0.048999995,0.0046904157,0.118,0.0061644143,0.427,0.0028284274,0.19,0.0041231057,0.30299997,0.0041231057,-0.402,0.0028284274,0.06999999,0.0028284274,0.850949278003756,0.14321231283698949,7.094949000000001,,151.11935,1.0
2M08180861+1951224,4156.12,0.467,2.134,0.002,-0.006,0.001,0.015,,0.073,,0.19,0.0017320508,0.171,0.0014142137,0.0039999997,,0.040000003,,-0.057,0.0014142137,-0.062000003,0.0014142137,1.1717872506250089,0.11476460129958699,14.852079000000002,,518.6993,1.0
2M03404316+2119463,4366.675,1.074,2.2,0.004,-0.276,0.001,0.058,0.0017320508,0.004999995,0.0017320508,0.20199999,0.00244949,0.20499998,0.0014142137,0.03199999,0.0017320508,0.054999992,0.0017320508,0.03999999,0.0014142137,0.04599999,0.0014142137,1.2617187457350851,0.03870650737464661,18.269167000000003,,387.92307,1.0
2M03453427+1933531,4859.619,6.145,3.01,0.01,-0.294,0.001,0.06299999,0.0037416576,-0.04100001,0.004358899,0.145,0.004358899,0.199,0.0014142137,0.085999995,0.0037416576,0.184,0.0037416576,-0.11199999,0.0014142137,0.077999994,0.0014142137,0.5066394940531652,0.11439812764358771,3.210994,,185.6946,1.0
2M08380268+2516049,4670.05,1.749,2.261,0.004,-0.49,0.001,0.085999995,0.0017320508,0.29400003,0.0017320508,0.51600003,0.0017320508,0.234,0.0014142137,0.08200002,0.0017320508,0.038000017,0.0017320508,1.49,0.0014142137,-2.01,0.0022360682,0.7890348220357998,0.12027157692197149,6.152262,,411.239,1.0
2M13225154-1444268,4290.393,1.982,2.034,0.01,-0.467,0.001,0.283,0.0033166248,0.17200002,0.0033166248,0.197,0.0037416576,0.361,0.0014142137,0.174,0.0033166248,0.293,0.0033166248,0.155,0.0014142137,-0.092999995,0.0014142137,1.1960163153451286,0.09502461718983264,15.704218,,160.06036,1.0
2M04030820+1655262,4754.899,2.44,2.166,0.006,-0.388,0.001,0.10100001,0.00244949,0.16000001,0.00244949,0.216,0.003,0.29400003,0.0014142137,0.07100001,0.00244949,0.06800002,0.00244949,0.964,0.0014142137,-0.926,0.0014142137,0.9711742230757325,0.12311695658306637,9.35781,,338.1382,1.0
2M03353608+2250492,3849.289,0.168,1.045,0.002,-0.557,0.001,0.12199998,,0.0059999824,,0.13899997,,0.167,0.0014142137,0.07199997,,0.08699998,,-0.17800003,0.0014142137,-0.09900004,0.0014142137,1.2670679078757,0.03080394763754959,18.495578,,1044.5162,1.0
2M10323047+0433256,4799.236,4.724,3.39,0.007,-0.317,0.002,0.253,0.0034641016,0.15,0.0041231057,-0.014999986,0.00489898,0.396,0.0022360682,0.136,0.0034641016,0.275,0.0034641016,0.052000016,0.0028284274,0.0119999945,0.0028284274,-0.15372475758778684,0.0728970001217148,0.7019,,201.38635,1.0
2M17181998-2437354,4622.664,2.239,2.368,0.006,-0.392,0.001,0.08499998,0.00244949,-0.13900003,0.00244949,0.259,0.00244949,0.304,0.0014142137,0.046000004,0.0017320508,0.116999984,0.00244949,-0.234,0.0014142137,0.452,0.0014142137,0.15161037725533463,0.10158135326690255,1.417785,,317.7711,1.0
2M13262950-1106418,4668.864,2.865,2.71,0.006,-0.391,0.001,0.30400002,0.003,0.120000005,0.003,0.132,0.0037416576,0.447,0.0014142137,0.19,0.00244949,0.395,0.003,-0.386,0.0022360682,0.12799999,0.0014142137,0.9623232042314407,0.1398603307467984,9.169026,,253.52557,1.0
2M08421005+1209182,4604.704,1.918,2.514,0.005,-0.293,0.001,0.060000017,0.0017320508,-0.023000002,0.0017320508,0.16000001,0.00244949,0.279,0.0014142137,0.059000015,0.0017320508,0.08400001,0.0017320508,-0.16599998,0.0014142137,-0.299,0.0014142137,1.1865177251196743,0.09644634885425289,15.364475,,366.56543,1.0
2M04505493+2013030,4947.631,2.373,3.201,0.003,-0.246,0.001,0.017000005,0.00244949,0.0,0.0033166248,0.088,0.0033166248,0.23900001,0.0014142137,0.10100001,0.00244949,0.02000001,0.00244949,-0.40000004,0.0022360682,0.17700002,0.0014142137,1.1194896721411884,0.10207463252415123,13.167086,,594.5558,1.0
2M16372615-1939270,4268.141,0.851,2.001,0.005,-0.392,0.001,0.20899999,0.0017320508,0.039000005,0.0017320508,0.14899999,0.00244949,0.39699998,0.0014142137,0.118,0.0017320508,0.20199999,0.0017320508,-0.146,0.0014142137,0.116999984,0.0014142137,1.232099523014157,0.06554360473278073,17.064734,,316.91122,1.0
2M08532468+1131303,4109.894,0.42,2.19,0.002,0.232,0.001,0.010000005,,0.074,,0.25100002,0.0017320508,0.178,0.0014142137,-0.03999999,,0.030000001,,-0.19399999,0.0014142137,-0.04599999,0.0014142137,1.2487964674515508,0.04981937248799615,17.733582000000002,,494.1386,1.0
2M08532468+1131303,4109.894,0.42,2.19,0.002,0.232,0.001,0.010000005,,0.074,,0.25100002,0.0017320508,0.178,0.0014142137,-0.03999999,,0.030000001,,-0.19399999,0.0014142137,-0.04599999,0.0014142137,1.2487964674515508,0.04981937248799615,17.733582000000002,,494.1386,1.0
2M04033407+1536147,4987.558,4.913,3.364,0.006,-0.112,0.001,0.020000003,0.003,-0.088,0.003,0.179,0.0037416576,0.176,0.0014142137,0.049000002,0.003,0.011,0.003,-0.16700001,0.0014142137,-0.0119999945,0.0014142137,0.5822201126546663,0.10013853404033486,3.821379,,267.0327,1.0
2M16110245-2551498,4703.842,8.551,2.118,0.022,-1.147,0.003,0.32899994,0.007071068,0.004999995,0.016093478,-0.14600003,0.0286007,0.27899998,0.0036055513,0.19799995,0.0076811453,0.46199995,0.007071068,0.13,0.0036055513,-0.18599999,0.004242641,1.2069520998098604,0.09570237831628324,16.10468,,144.84586,1.0
2M16110245-2551498,4703.842,8.551,2.118,0.022,-1.147,0.003,0.32899994,0.007071068,0.004999995,0.016093478,-0.14600003,0.0286007,0.27899998,0.0036055513,0.19799995,0.0076811453,0.46199995,0.007071068,0.13,0.0036055513,-0.18599999,0.004242641,1.2069520998098604,0.09570237831628324,16.10468,,144.84586,1.0
2M14011234-0950517,4270.872,0.616,1.916,0.004,-0.565,0.001,0.306,0.0017320508,0.07100001,0.0017320508,0.120000005,0.0033166248,0.378,0.0014142137,0.18900001,0.0017320508,0.256,0.0017320508,-0.20999998,0.0014142137,-0.0059999824,0.0014142137,1.18089771100389,0.10775597514221667,15.166931,,432.15347,1.0
2M04563255+1851219,4022.611,0.384,1.902,0.002,0.088,0.001,0.0040000007,,0.036,,0.19999999,0.0017320508,0.127,0.0014142137,-0.033999998,,0.019000001,,-0.113,0.0014142137,-0.076,0.0014142137,1.1375761082514055,0.14443330387002215,13.727015,,549.93915,1.0
2M08512232+2506431,4317.77,1.131,2.274,0.004,0.079,0.001,-0.036000002,0.0017320508,-0.058000006,0.0017320508,0.33200002,0.0017320508,0.09499999,0.0014142137,-0.023000002,0.0017320508,-0.013000004,0.0017320508,-0.331,0.0014142137,0.48299998,0.0014142137,1.2606029539689905,0.041284012300190166,18.22229,,283.86505,1.0
2M22084408-1052583,4622.17,6.119,2.37,0.017,-0.64,0.002,0.26799998,0.0053851646,0.034999967,0.006,0.29599997,0.007483315,0.44199997,0.0028284274,0.17299998,0.0053851646,0.392,0.0053851646,-0.495,0.0036055513,0.047999978,0.0028284274,1.0583934891149984,0.12265740488824076,11.439143,,127.16849,1.0
2M17293937-3006044,4512.874,0.81,2.745,0.002,0.121,0.001,0.037000008,0.0017320508,0.044999994,0.0017320508,0.272,0.0017320508,0.19300002,0.0014142137,-0.0040000007,0.0017320508,0.016999997,0.0017320508,-0.114,0.0014142137,0.110999994,0.0014142137,1.084007247625473,0.08787691810449594,12.134091,,585.1683,1.0
2M16095925-2534107,4235.154,0.898,2.119,0.005,-0.238,0.001,0.209,0.00244949,0.13800001,0.00244949,0.21200001,0.003,0.331,0.0014142137,0.09400001,0.00244949,0.207,0.00244949,-0.15599999,0.0014142137,0.022,0.0014142137,1.140664103323209,0.12984495162151885,13.824967,,263.3855,1.0
2M08374542+1558546,4577.822,0.446,2.97,0.001,-0.026,0.001,0.078999996,,0.049000002,,0.143,,0.22099999,0.0014142137,0.065,,0.058000002,,-0.118999995,0.0014142137,0.21000001,0.0014142137,0.9679527390655726,0.1175223075993141,9.288653,,1327.4955,1.0
2M04204915+1521296,4687.968,3.672,2.87,0.006,-0.01,0.001,0.02,0.00244949,-0.072000004,0.00244949,0.392,0.003,0.19600001,0.0014142137,0.045,0.00244949,0.013,0.00244949,-0.174,0.0014142137,0.389,0.0014142137,0.40191656198039477,0.11819653766199888,2.522996,,220.65388,1.0
2M13490785-1124552,4790.72,4.247,3.122,0.007,-0.363,0.001,0.313,0.003,0.099999994,0.0037416576,0.06999999,0.004582576,0.425,0.0014142137,0.19500001,0.003,0.24700001,0.003,-0.16599998,0.0022360682,-0.004999995,0.0014142137,0.5382690176079685,0.08425655698884248,3.4535760000000004,,241.14174,1.0
2M00525336-0136100,4217.4,0.974,1.993,0.007,-0.388,0.001,0.23900001,0.00244949,0.116,0.00244949,0.134,0.003,0.33600003,0.0014142137,0.13900001,0.00244949,0.23,0.00244949,-0.421,0.0014142137,-0.16100001,0.0014142137,1.1247138875885192,0.1427923971434879,13.326432,,229.69742,1.0
2M09053392+1733487,4141.642,1.11,1.767,0.01,-0.476,0.001,0.264,0.00244949,0.127,0.00244949,0.15200001,0.003,0.32200003,0.0014142137,0.18900001,0.00244949,0.246,0.00244949,-0.25599998,0.0014142137,-0.43699998,0.0014142137,1.1459560520355727,0.1397692228720148,13.994457,,190.71136,1.0
2M08494611+1150351,4747.67,2.031,2.779,0.004,-0.412,0.001,0.111,0.00244949,-0.032999992,0.0033166248,0.03999999,0.0033166248,0.285,0.0014142137,0.10100001,0.00244949,0.164,0.00244949,-0.088,0.0014142137,-0.0119999945,0.0014142137,0.8196192067287509,0.131386379706108,6.601144000000001,,480.2295,1.0
2M08494611+1150351,4747.67,2.031,2.779,0.004,-0.412,0.001,0.111,0.00244949,-0.032999992,0.0033166248,0.03999999,0.0033166248,0.285,0.0014142137,0.10100001,0.00244949,0.164,0.00244949,-0.088,0.0014142137,-0.0119999945,0.0014142137,0.8196192067287509,0.131386379706108,6.601144000000001,,480.2295,1.0
2M08415952+1149353,4511.817,3.571,2.083,0.013,-0.721,0.002,0.12200004,0.0046904157,-0.036000013,0.0046904157,0.157,0.0053851646,0.28300002,0.0028284274,0.13300002,0.0046904157,0.23900002,0.0046904157,-0.16899997,0.0028284274,-0.065999985,0.0028284274,1.1791305625805921,0.10521441937137113,15.105342000000002,,181.78888,1.0
2M16151469-2542360,4372.699,2.416,2.289,0.011,-0.372,0.002,0.315,0.0041231057,0.081,0.0041231057,0.085999995,0.0053851646,0.382,0.0028284274,0.246,0.0041231057,0.268,0.0041231057,-0.383,0.0028284274,-0.187,0.0028284274,0.10510056266108403,0.04962925201936646,1.273798,,141.7485,1.0
2M22361300-0940517,4861.239,4.035,2.982,0.006,-0.286,0.001,0.029000014,0.003,-0.0019999743,0.003,0.16200002,0.0037416576,0.27600002,0.0014142137,0.04100001,0.003,0.002000004,0.003,-0.044,0.0014142137,0.18900001,0.0014142137,0.4986925648734401,0.12223553209539176,3.152772,,295.12744,1.0
2M13522152-1626377,4365.683,1.195,2.114,0.006,-0.53,0.001,0.24799997,0.0017320508,0.092999965,0.0017320508,0.10499996,0.0033166248,0.36799997,0.0014142137,0.15799996,0.0017320508,0.22999996,0.0017320508,-0.043000042,0.0014142137,-0.29700005,0.0014142137,1.2278594896866446,0.06860796106810964,16.898941,,324.98383,1.0
2M13302964-1259148,4776.876,3.395,2.953,0.006,-0.588,0.002,0.286,0.0034641016,0.099999994,0.00489898,0.013000011,0.0066332496,0.413,0.0022360682,0.174,0.0034641016,0.327,0.0034641016,-0.286,0.0028284274,-0.026000023,0.0028284274,1.1173019272549738,0.10638980370194723,13.100924,,314.39902,1.0
2M23393123-0900050,4626.017,1.66,2.893,0.003,0.015,0.001,0.015999999,0.0017320508,-0.026999999,0.0017320508,0.189,0.00244949,0.179,0.0014142137,0.017,0.0017320508,0.022999998,0.0017320508,-0.283,0.0014142137,-0.02,0.0014142137,0.7375145058351833,0.11427913000678747,5.464048,,423.1075,1.0
2M08393918+2429453,4996.863,3.445,3.386,0.004,-0.206,0.001,0.068,0.00244949,-0.048999995,0.004242641,-0.003000006,0.004242641,0.204,0.0014142137,0.093,0.00244949,0.058,0.00244949,0.018000007,0.0014142137,0.268,0.0014142137,1.180348386902793,0.07742967645852136,15.147759,,386.9582,1.0
2M08285213+2133305,4547.069,1.463,2.439,0.004,-0.287,0.001,0.070999995,0.0017320508,-0.011000007,0.0017320508,0.184,0.00244949,,,0.077999994,0.0017320508,0.08400001,0.0017320508,-0.095,0.0014142137,0.0069999993,0.0014142137,1.090915664407441,0.140388547945051,12.328654,,400.33096,1.0
2M08500587+1157508,4509.087,0.222,2.604,0.001,-0.204,0.001,0.105,,0.029,,0.106,,0.299,0.0014142137,0.06099999,,0.096999995,,-0.09099999,0.0014142137,0.08499999,0.0014142137,1.1741094593193844,0.07879962930816337,14.931707,,2248.97,1.0
2M08500587+1157508,4509.087,0.222,2.604,0.001,-0.204,0.001,0.105,,0.029,,0.106,,0.299,0.0014142137,0.06099999,,0.096999995,,-0.09099999,0.0014142137,0.08499999,0.0014142137,1.1741094593193844,0.07879962930816337,14.931707,,2248.97,1.0
2M08442670+2247576,4923.142,8.657,3.22,0.013,-0.209,0.002,0.044,0.00489898,-0.029999986,0.0053851646,0.157,0.0053851646,,,0.010000005,0.00489898,0.09900001,0.00489898,0.136,0.0028284274,-0.129,0.0028284274,0.7594117998357509,0.11147579501319303,5.746611,,163.18709,1.0
2M08413470+1125356,4452.453,5.359,1.28,0.019,-1.419,0.003,0.19500005,0.007071068,-0.12199998,0.009899495,0.204,0.0124499,,,,,0.29500008,0.007071068,0.43100005,0.0036055513,-0.32999992,0.004242641,1.163880348206356,0.12180063971106525,14.584124,,149.99098,1.0
2M16115358-1847564,4219.862,0.809,1.838,0.006,-0.399,0.001,0.29,0.00244949,0.111,0.00244949,0.15499999,0.003,0.347,0.0014142137,0.174,0.00244949,0.283,0.00244949,-0.18700004,0.0014142137,0.104,0.0014142137,1.154322615764171,0.1304177196492586,14.26667,,268.8358,1.0
2M19203615-2845351,4294.667,2.789,2.06,0.018,-0.536,0.002,0.273,0.0053851646,0.076000005,0.0053851646,0.12900001,0.0067082043,0.38,0.0028284274,0.199,0.00489898,0.27800003,0.0053851646,-0.30399996,0.0036055513,-0.52699995,0.0036055513,1.186903951534918,0.10236632220853106,15.378145000000002,,107.91191,1.0
2M10530604+0101224,4921.954,4.012,3.25,0.006,-0.336,0.001,0.035999984,0.003,-0.055000007,0.0037416576,0.072999984,0.004582576,0.226,0.0014142137,0.058999985,0.003,-0.009000003,0.003,-0.148,0.0022360682,0.06999999,0.0014142137,1.2360134243536112,0.05562416128265534,17.219217999999998,,335.36188,1.0
2M03570223+2513456,5068.348,7.085,3.122,0.01,-0.375,0.002,0.03999999,0.0046904157,-0.111,0.0053851646,0.25599998,0.0053851646,0.196,0.0022360682,0.08899999,0.0041231057,0.08399999,0.0041231057,-0.847,0.0028284274,0.249,0.0022360682,-0.012776297463307244,0.055866870001393676,0.97101,,225.66174,1.0
2M09070455+1547226,4845.325,4.684,2.903,0.008,-0.494,0.002,0.10099998,0.0034641016,0.044999987,0.0041231057,0.028999984,0.00489898,,,0.078999996,0.0034641016,0.27099997,0.0034641016,-0.469,0.0028284274,-0.26900002,0.0028284274,0.7421111878832446,0.1274570407085299,5.522188,,267.76315,1.0
2M08441594+2249451,4795.619,5.97,3.305,0.009,-0.069,0.001,0.15,0.0037416576,0.067999996,0.0037416576,0.14199999,0.004358899,,,0.089999996,0.0033166248,0.132,0.0037416576,-0.761,0.0022360682,-0.17899999,0.0022360682,0.6267986501151841,0.10364552568051852,4.234466,,169.59421,1.0
2M04421672+2639177,4666.086,4.438,2.699,0.009,-0.172,0.001,0.03500001,0.0033166248,-0.063999996,0.0037416576,0.194,0.0037416576,0.21100001,0.0014142137,0.05200001,0.0033166248,0.08100001,0.0033166248,-0.059999987,0.0014142137,-0.19500001,0.0014142137,0.5681896340793535,0.14915255617050502,3.699897,,175.2922,1.0
2M13290610-0210159,4616.525,3.92,2.731,0.009,-0.149,0.001,0.069000006,0.0033166248,-0.023000002,0.0037416576,0.069000006,0.0037416576,0.18900001,0.0014142137,0.060000002,0.0033166248,0.109000005,0.0037416576,-0.29299998,0.0014142137,0.067,0.0014142137,0.817700396303138,0.14889215081425514,6.572042999999999,,178.38335,1.0
2M22010899-1313580,4962.275,6.326,3.194,0.009,-0.28,0.001,0.054000005,0.0037416576,-0.109,0.004358899,0.142,0.0050990195,0.17300001,0.0014142137,0.098000005,0.0037416576,0.044,0.0037416576,0.306,0.0014142137,0.013000011,0.0014142137,0.04168593231367585,0.02281525284083423,1.100743,,216.1857,1.0
2M13514328-1203008,4683.695,6.424,2.719,0.013,-0.389,0.002,0.282,0.00489898,0.062000006,0.0053851646,0.238,0.006,0.398,0.0028284274,0.141,0.00489898,0.32,0.00489898,0.03999999,0.0028284274,0.34,0.0028284274,0.6379642920982124,0.13787864833703833,4.344745,,127.91923,1.0
2M03542229+1214362,4721.008,1.855,3.265,0.003,0.143,0.001,,,,,0.211,0.00244949,0.157,0.0014142137,0.015000001,0.0017320508,-0.026000008,0.0017320508,-0.183,0.0014142137,0.376,0.0014142137,1.2338457086941865,0.05481267050712516,17.133485,,394.89188,1.0
2M08393916+1032196,4708.814,3.648,2.845,0.007,-0.327,0.001,0.266,0.003,0.08499999,0.003,0.198,0.0037416576,0.42299998,0.0014142137,0.15799999,0.00244949,0.27699998,0.003,-0.248,0.0014142137,-0.03400001,0.0014142137,0.6068153351986674,0.12558571309927147,4.044039,,224.31252,1.0
2M03594818+2505335,4002.159,0.203,1.739,0.001,-0.018,0.001,0.183,,0.099,,0.261,,0.265,0.0014142137,0.047,,0.14899999,,-0.16,0.0014142137,0.004999999,0.0014142137,1.2002887792813532,0.09639244742822116,15.859474,,836.91815,1.0
2M08374524+1157538,4576.246,2.87,2.888,0.005,0.196,0.001,0.012000009,0.00244949,0.08300002,0.00244949,0.112,0.00244949,0.17999999,0.0014142137,0.0,0.00244949,-0.06099999,0.00244949,0.068,0.0014142137,0.011000007,0.0014142137,1.0749511680164363,0.0865444704160169,11.883686,,200.7635,1.0
2M13451163-0508361,4390.687,0.458,1.962,0.002,-0.581,0.001,0.30999997,0.00244949,0.122999966,0.0017320508,0.16899997,0.00244949,0.43099996,0.0014142137,0.24399996,0.00244949,0.27899998,0.00244949,-0.01000005,0.0014142137,-0.78700006,0.0022360682,1.194621084729779,0.09689270067146147,15.653847,,944.9328,1.0
2M13451163-0508361,4390.687,0.458,1.962,0.002,-0.581,0.001,0.30999997,0.00244949,0.122999966,0.0017320508,0.16899997,0.00244949,0.43099996,0.0014142137,0.24399996,0.00244949,0.27899998,0.00244949,-0.01000005,0.0014142137,-0.78700006,0.0022360682,1.194621084729779,0.09689270067146147,15.653847,,944.9328,1.0
2M23095535-0932538,4981.434,9.035,3.414,0.012,-0.14,0.002,0.003999993,0.00489898,0.094,0.00489898,0.152,0.0053851646,0.14,0.0028284274,0.042000003,0.00489898,0.012999997,0.00489898,-0.159,0.0028284274,0.331,0.0028284274,-0.30980214734456557,0.12279227514647326,0.490002,,147.71582,1.0
2M15582746-2320430,4713.426,7.06,3.012,0.014,-0.482,0.002,0.24499999,0.00489898,0.308,0.0053851646,0.06299999,0.006,0.139,0.0028284274,0.08199999,0.00489898,0.21599999,0.00489898,0.593,0.0028284274,0.211,0.0028284274,0.5338917333518427,0.13241176177936553,3.418942,,129.83311,1.0
2M03585730+2123454,4314.268,0.466,1.972,0.002,-0.236,0.001,0.024000004,0.0017320508,-0.11899999,0.0017320508,0.284,0.00244949,0.231,0.0014142137,0.048000008,0.0017320508,0.033999994,0.0017320508,-0.0069999993,0.0014142137,-0.127,0.0014142137,1.1876134920210277,0.10050250126482962,15.40329,,727.6774,1.0
2M14045877-1539340,4303.2,2.096,1.924,0.013,-0.601,0.002,0.31300002,0.0041231057,0.028999984,0.0046904157,0.065999985,0.0061644143,,,0.23300001,0.0041231057,0.322,0.0041231057,-0.051,0.0028284274,-0.069000006,0.0028284274,1.17204666066078,0.11274514453292943,14.860953,,151.09616,1.0
2M08433715+1211533,4628.782,0.899,2.552,0.002,-0.103,0.001,0.038999997,0.0017320508,-0.0040000007,0.0017320508,0.178,0.00244949,0.238,0.0014142137,0.001000002,0.0017320508,0.0040000007,0.0017320508,-0.121999994,0.0014142137,-0.0069999993,0.0014142137,1.1619281801998294,0.09002598203580037,14.518715,,788.5843,1.0
2M17134502-2400017,4140.896,0.576,2.089,0.003,0.061,0.001,0.028,,0.06899999,,0.28800002,0.0017320508,0.138,0.0014142137,-0.014000002,,0.040999997,,-0.122999996,0.0014142137,-0.001000002,0.0014142137,1.1747522358413396,0.11454636567574711,14.953823000000002,,397.6368,1.0
2M11460891+0131216,4341.71,1.002,1.947,0.005,-0.573,0.001,0.111,0.0017320508,-0.02700001,0.0017320508,0.12100002,0.00244949,0.259,0.0014142137,0.09100002,0.0017320508,0.13100001,0.0017320508,-0.034999967,0.0014142137,-0.052999973,0.0014142137,1.1529750874384055,0.1216959659177598,14.222472,,440.54803,1.0
2M03485646+2005289,4145.387,0.441,1.882,0.004,-0.386,0.001,0.27,0.0017320508,0.125,0.0017320508,0.102,0.00244949,0.393,0.0014142137,0.16900001,0.0017320508,0.254,0.0017320508,-0.25499997,0.0014142137,-0.05699998,0.0014142137,1.0895156960616061,0.13694126204008528,12.288976,,429.98428,1.0
2M03581031+1907308,4930.199,7.601,3.227,0.01,-0.175,0.002,0.049999997,0.0041231057,-0.008000001,0.0046904157,0.15799999,0.0046904157,0.197,0.0028284274,0.098,0.0041231057,0.051999994,0.0041231057,0.109,0.0028284274,0.183,0.0028284274,-0.1157400484626799,0.02367386952967731,0.766055,,161.6398,1.0
2M10451003+0621276,4176.017,1.018,1.745,0.007,-0.479,0.001,0.05700001,0.00244949,-0.018000007,0.00244949,0.10699999,0.003,0.34100002,0.0014142137,0.018000007,0.00244949,0.10100001,0.00244949,-0.03400001,0.0014142137,-0.169,0.0014142137,1.1392393213436656,0.14509887082219752,13.779685999999998,,245.2377,1.0
2M13333733-1359012,4801.562,3.078,2.811,0.006,-0.437,0.001,0.139,0.003,-0.004999995,0.0037416576,0.059000015,0.0037416576,0.256,0.0014142137,0.088,0.003,0.17900002,0.003,-0.178,0.0014142137,0.072,0.0014142137,0.8318615232465755,0.12875265906172803,6.789871000000001,,338.02768,1.0
2M08381306+1916020,4971.753,8.672,3.129,0.012,-0.386,0.002,0.10500002,0.0053851646,-0.042999983,0.006,0.194,0.0067082043,,,0.10500002,0.0053851646,0.065,0.0053851646,-0.90999997,0.0028284274,0.05700001,0.0028284274,0.6876049338091311,0.12234512373691941,4.870851999999999,,162.21498,1.0
2M22415276-0547480,4891.643,7.986,3.278,0.011,-0.358,0.002,0.257,0.0053851646,0.046000004,0.0067082043,0.143,0.0067082043,0.391,0.0028284274,0.16600001,0.00489898,0.266,0.0053851646,-0.116999984,0.0028284274,0.01700002,0.0028284274,0.34635825637843387,0.06533166980068925,2.220027,,151.11421,1.0
2M08285213+2133305,4547.069,1.463,2.439,0.004,-0.287,0.001,0.070999995,0.0017320508,-0.011000007,0.0017320508,0.184,0.00244949,,,0.077999994,0.0017320508,0.08400001,0.0017320508,-0.095,0.0014142137,0.0069999993,0.0014142137,1.0733289600195888,0.14619277356552415,11.83938,,400.33096,1.0
2M08420144+1925402,4849.966,3.734,2.982,0.006,-0.298,0.001,0.069000006,0.003,-0.020999998,0.003,0.164,0.0037416576,0.186,0.0014142137,0.025999993,0.003,0.15300001,0.003,-0.243,0.0014142137,0.12100001,0.0014142137,0.6298770805282996,0.11561129650943874,4.264588,,291.76248,1.0
2M08411863+1558122,4860.79,2.954,3.203,0.004,-0.145,0.001,0.07399999,0.00244949,-0.059,0.00244949,0.173,0.0033166248,,,0.059999995,0.00244949,0.102,0.00244949,-0.09900001,0.0014142137,0.191,0.0014142137,0.8255949339735299,0.11028888744997266,6.692601,,392.03406,1.0
2M03410922+1424278,4142.545,0.362,2.054,0.002,0.005,0.001,-0.015999999,,0.015,0.0017320508,0.187,0.0017320508,0.107999995,0.0014142137,-0.011,,-0.0029999998,,-0.0039999997,0.0014142137,-0.088,0.0014142137,1.180482859601043,0.10957445723908091,15.15245,,682.62415,1.0
2M17031623-2238369,4138.181,1.156,1.84,0.009,-0.392,0.001,0.26099998,0.0033166248,0.13499999,0.0033166248,0.196,0.0037416576,0.387,0.0014142137,0.15799999,0.0033166248,0.23799999,0.0033166248,-0.09900001,0.0014142137,0.065999985,0.0014142137,1.1458968984966316,0.13852175889332294,13.992551,,169.41475,1.0
2M18464421-2552436,4286.316,3.335,2.262,0.012,-0.104,0.002,0.034,0.0045825755,0.066,0.0045825755,0.116000004,0.0053851646,0.178,0.0028284274,0.017000005,0.0045825755,0.060000002,0.0045825755,-0.104,0.0028284274,-0.171,0.0028284274,1.2120380534655248,0.08115171139494179,16.294388,,101.16738,1.0
2M08412530+1224558,4287.977,0.788,1.768,0.005,,,,,,,,,,,,,,,,,,,1.1591186518831096,0.12765767520054386,14.425094,,455.55154,1.0
2M14025416-1401587,4689.39,6.047,3.073,0.009,-0.097,0.002,0.16800001,0.0041231057,0.076000005,0.0041231057,0.133,0.0046904157,0.347,0.0028284274,0.093,0.0041231057,0.125,0.0041231057,-0.139,0.0028284274,0.016000003,0.0028284274,0.5526648098676047,0.10283322427170577,3.569972,,138.33722,1.0
2M15581449-2301143,4210.533,0.673,1.881,0.005,-0.531,0.001,0.263,0.0017320508,0.07400003,0.0017320508,0.07100001,0.0033166248,0.40800002,0.0014142137,0.16600001,0.0017320508,0.238,0.0017320508,-0.16600001,0.0014142137,0.21900001,0.0014142137,1.1704979014890695,0.1156814507662949,14.808051,,346.48654,1.0
2M01024543+0552403,4095.039,0.488,1.627,0.004,-0.523,0.001,0.19999999,0.0017320508,0.039000005,0.0017320508,0.110000014,0.00244949,0.375,0.0014142137,0.12799999,0.0017320508,0.174,0.0017320508,-0.02700001,0.0014142137,0.311,0.0014142137,1.2382059091550957,0.06168212241763637,17.306367,,409.6345,1.0
2M01024543+0552403,4095.039,0.488,1.627,0.004,-0.523,0.001,0.19999999,0.0017320508,0.039000005,0.0017320508,0.110000014,0.00244949,0.375,0.0014142137,0.12799999,0.0017320508,0.174,0.0017320508,-0.02700001,0.0014142137,0.311,0.0014142137,1.2382059091550957,0.06168212241763637,17.306367,,409.6345,1.0
2M08185712+1629371,4704.64,1.192,3.176,0.002,-0.201,0.001,0.201,0.0017320508,0.13800001,0.0017320508,0.104,0.00244949,0.298,0.0014142137,0.123,0.0017320508,0.141,0.0017320508,-0.36599997,0.0014142137,0.08100001,0.0014142137,0.9620113332900784,0.08647767236890726,9.162444,,655.91583,1.0
2M21595323-1145228,4739.13,8.548,3.183,0.013,-0.358,0.003,0.223,0.005830952,0.085999995,0.007071068,0.088,0.008602325,0.388,0.0036055513,0.07800001,0.005830952,0.246,0.005830952,-0.10699999,0.004242641,0.22900002,0.0036055513,0.8783826955898151,0.10601323488645148,7.557579,,109.58777,1.0
2M11051458+0323130,4190.735,1.408,2.065,0.009,-0.202,0.001,0.244,0.0033166248,0.139,0.0033166248,0.20300001,0.0037416576,0.44,0.0014142137,0.139,0.0033166248,0.231,0.0033166248,-0.207,0.0014142137,-0.17999999,0.0014142137,1.2324676513559933,0.06518570299271734,17.079204999999998,,145.56146,1.0
2M11051458+0323130,4190.735,1.408,2.065,0.009,-0.202,0.001,0.244,0.0033166248,0.139,0.0033166248,0.20300001,0.0037416576,0.44,0.0014142137,0.139,0.0033166248,0.231,0.0033166248,-0.207,0.0014142137,-0.17999999,0.0014142137,1.2324676513559933,0.06518570299271734,17.079204999999998,,145.56146,1.0
2M16132378-2520134,4538.028,4.087,2.632,0.012,-0.159,0.002,0.16299999,0.0041231057,0.022,0.0041231057,0.118999995,0.0046904157,0.29799998,0.0028284274,0.052999996,0.0041231057,0.10299999,0.0041231057,-0.126,0.0028284274,0.0109999925,0.0028284274,0.5710697276783381,0.12119845599843172,3.724515,,129.58897,1.0
2M08145969+1921544,4604.47,2.99,2.016,0.008,-0.539,0.001,0.052999973,0.003,-0.074,0.003,0.25999996,0.003,0.27499998,0.0014142137,0.06999996,0.003,0.14999998,0.003,0.030999959,0.0014142137,0.07699996,0.0014142137,0.4500665738795431,0.10784837504468706,2.8188150000000003,,264.33005,1.0
2M18462793-2602135,4343.187,2.263,2.23,0.011,-0.432,0.002,0.25300002,0.0041231057,0.095,0.0041231057,0.132,0.0046904157,0.382,0.0028284274,0.17900002,0.0037416574,0.25,0.0041231057,-0.17199996,0.0028284274,-0.14799997,0.0028284274,0.1392747450165872,0.0038934512388413634,1.378081,,149.41415,1.0
2M19213665-2848495,4252.119,2.845,1.339,0.021,-1.098,0.003,0.19300008,0.007071068,-0.21799994,0.0076811453,0.17800003,0.011575837,0.123000026,0.004242641,0.17700005,0.007071068,0.24000007,0.007071068,0.012000084,0.004242641,0.003000021,0.004242641,1.191915522543267,0.10333685139754221,15.556629999999998,,123.65738,1.0
2M08263785+1147328,4153.471,0.37,2.126,0.002,0.014,0.001,0.014999999,,0.042999998,0.0017320508,0.162,0.0017320508,0.133,0.0014142137,0.014,,0.037,0.0017320508,-0.148,0.0014142137,-0.053000003,0.0014142137,1.1644649547338146,0.11921472474671768,14.603769,,608.4124,1.0
2M13471058-1123530,4857.479,10.537,2.963,0.018,-0.515,0.002,0.102999985,0.0061644143,0.122999996,0.007348469,0.055999994,0.008062257,0.22199997,0.0028284274,0.08199999,0.0061644143,0.20799997,0.0067082043,0.24699998,0.0028284274,-0.448,0.0036055513,0.7253989929816899,0.1218656507319741,5.313724,,122.277145,1.0
2M13335599-1355495,4591.122,2.555,2.932,0.005,0.176,0.001,-0.03999999,0.00244949,-0.017999992,0.00244949,0.28,0.00244949,0.17300001,0.0014142137,0.004000008,0.00244949,-0.018999994,0.00244949,-0.159,0.0014142137,0.18900001,0.0014142137,0.6184892831747327,0.12989579599742965,4.154218,,240.11801,1.0
2M08165862+1711262,4810.41,3.766,3.297,0.005,0.068,0.001,0.019999996,0.00244949,-0.014000002,0.00244949,0.08499999,0.003,0.147,0.0014142137,0.025999993,0.00244949,0.044,0.00244949,-0.127,0.0014142137,0.119,0.0014142137,0.48977277532227953,0.07676928128013805,3.088679,,253.38484,1.0
2M03370391+2325121,4179.154,0.451,2.104,0.003,-0.041,0.001,0.16600001,0.0017320508,0.102,0.0017320508,0.234,0.0017320508,0.28,0.0014142137,0.074,,0.13499999,0.0017320508,-0.18900001,0.0014142137,0.023000002,0.0014142137,1.186063759775325,0.10200775019196553,15.348423,,443.42816,1.0
2M12421568-0133026,4495.369,0.566,2.853,0.001,0.146,0.001,0.091000006,0.0017320508,0.088,0.0017320508,0.23699999,0.0017320508,,,0.026000008,0.0017320508,0.060000002,0.0017320508,-0.19299999,0.0014142137,0.30900002,0.0014142137,0.6969890189898043,0.11393910088924114,4.977245,,717.0028,1.0
2M08491616+1048300,5000.984,9.035,3.327,0.011,-0.269,0.002,0.11399999,0.0053851646,-0.02700001,0.006,0.148,0.0067082043,0.243,0.0028284274,0.12799999,0.0053851646,0.007999986,0.0053851646,-0.741,0.0028284274,-0.13300002,0.0028284274,0.3963555952326108,0.09353421675632742,2.490896,,154.47403,1.0
2M05062120+2121427,4873.988,10.055,3.021,0.018,-0.286,0.002,0.052000016,0.0061644143,-0.014999986,0.0061644143,0.18600002,0.0067082043,,,0.03400001,0.0061644143,0.038000017,0.0061644143,-0.08699998,0.0028284274,0.058000013,0.0028284274,0.21597867969459691,0.07840863583329712,1.644291,,119.34735,1.0
2M03401041+2348308,4687.807,3.201,3.311,0.004,0.236,0.001,0.048000008,0.00244949,0.058999985,0.00244949,0.24900001,0.00244949,0.13499999,0.0014142137,0.023999989,0.00244949,-0.003000006,0.00244949,-0.139,0.0014142137,0.19799998,0.0014142137,0.5000000466711041,0.0033998890021677097,3.162278,,220.74738,1.0
2M22151493-1749534,4284.038,0.535,1.875,0.004,-0.661,0.001,0.263,0.00244949,0.032999992,0.00244949,0.08000004,0.0033166248,0.381,0.0014142137,0.18200001,0.0017320508,0.24600002,0.00244949,-0.16499996,0.0014142137,-0.051,0.0014142137,0.2999696752481378,0.13083930948048003,1.995123,,574.45654,1.0
2M13221284-1532032,4114.341,0.668,1.887,0.005,-0.223,0.001,0.183,0.0017320508,0.08400001,0.0017320508,0.20300001,0.00244949,0.30900002,0.0014142137,0.08600001,0.0017320508,0.15400001,0.0017320508,-0.10899998,0.0014142137,0.136,0.0014142137,1.140604004602566,0.139693386365164,13.823054,,290.05582,1.0
2M08451422+2405282,4096.847,0.308,1.844,0.002,-0.17,0.001,0.102,0.0017320508,0.025000006,0.0017320508,0.12900001,0.00244949,0.242,0.0014142137,0.072000004,0.0017320508,0.098000005,0.0017320508,-0.004999995,0.0014142137,-0.3,0.0014142137,1.1780633934836826,0.11473400383164886,15.068270000000002,,622.85364,1.0
2M13534302-1210373,4626.893,2.123,2.868,0.005,-0.147,0.001,0.18,0.0017320508,0.146,0.0017320508,0.146,0.00244949,0.351,0.0014142137,0.114999995,0.0017320508,0.166,0.0017320508,-0.096,0.0014142137,0.176,0.0014142137,0.532311453023207,0.1286602840046032,3.406524,,322.91095,1.0
2M01142192+0635088,4740.195,2.76,2.826,0.005,-0.318,0.001,0.100999996,0.003,0.0069999993,0.003,0.12099999,0.0037416576,0.26999998,0.0014142137,0.077999994,0.003,0.17499998,0.003,-0.23300001,0.0014142137,0.10599999,0.0014142137,0.9284820368193474,0.12502936001291212,8.481683,,338.71133,1.0
2M01142192+0635088,4740.195,2.76,2.826,0.005,-0.318,0.001,0.100999996,0.003,0.0069999993,0.003,0.12099999,0.0037416576,0.26999998,0.0014142137,0.077999994,0.003,0.17499998,0.003,-0.23300001,0.0014142137,0.10599999,0.0014142137,0.9284820368193474,0.12502936001291212,8.481683,,338.71133,1.0
2M13372202-1325453,4570.072,1.221,2.964,0.002,0.197,0.001,0.042999998,0.0017320508,0.001000002,0.0017320508,0.38000003,0.00244949,0.20500001,0.0014142137,0.026000008,0.0017320508,0.024000004,0.0017320508,-0.092,0.0014142137,0.21000001,0.0014142137,0.9306993291689438,0.13189857301785313,8.525097,,457.96722,1.0
2M08331041+2204512,4511.106,2.757,2.734,0.007,0.143,0.001,-0.003000006,0.00244949,-0.050000004,0.00244949,0.25,0.003,,,0.030999988,0.00244949,0.003999993,0.00244949,-0.163,0.0014142137,0.070999995,0.0014142137,1.0822239062449512,0.08805922917241146,12.084367,,175.10904,1.0
2M04424242+2616562,4912.096,6.062,3.207,0.009,-0.574,0.002,0.263,0.0046904157,0.088,0.0069999998,-0.102,0.008774964,,,0.17199999,0.0046904157,0.297,0.0046904157,-0.872,0.0028284274,0.012000024,0.0028284274,1.1673459913297515,0.08971999917031992,14.700970000000002,,234.24509,1.0
2M13363277-1451437,4695.133,2.594,2.791,0.006,-0.481,0.002,0.297,0.0034641016,0.092999995,0.0041231057,0.0150000155,0.00489898,0.386,0.0022360682,0.225,0.0034641016,0.32700002,0.0034641016,-0.37800002,0.0028284274,-0.004999995,0.0028284274,1.1232013780121095,0.11114216011050887,13.280101,,332.13828,1.0
2M13354882-1453240,4554.419,1.042,2.088,0.003,-0.864,0.002,0.15800005,0.0030000003,-0.010999978,0.0045825755,0.05400002,0.0054772254,,,0.14600003,0.0030000003,0.23900002,0.0037416574,-0.038999975,0.0028284274,0.10699999,0.0028284274,1.1280555748004368,0.1362952336079199,13.429367999999998,,709.1543,1.0
2M22324760-1737105,4019.157,0.242,1.635,0.002,-0.208,0.001,0.207,0.0017320508,0.111,0.0017320508,0.224,0.00244949,0.37800002,0.0014142137,0.082,,0.187,0.0017320508,-0.116,0.0014142137,0.224,0.0014142137,1.1568956309607452,0.13310707075578554,14.351445000000002,,725.6626,1.0
2M04584100+2114260,4881.886,5.271,2.962,0.008,-0.198,0.001,-0.023000002,0.0037416576,-0.12500001,0.0037416576,0.152,0.004358899,0.151,0.0014142137,0.023000002,0.0037416576,0.11,0.0037416576,0.139,0.0014142137,0.223,0.0014142137,0.13818455399886848,0.09301659290366017,1.374626,,215.98943,1.0
2M08500587+1157508,4509.087,0.222,2.604,0.001,-0.204,0.001,0.105,,0.029,,0.106,,0.299,0.0014142137,0.06099999,,0.096999995,,-0.09099999,0.0014142137,0.08499999,0.0014142137,0.8741836815266211,0.14661121777976996,7.48486,,2248.97,1.0
2M08500587+1157508,4509.087,0.222,2.604,0.001,-0.204,0.001,0.105,,0.029,,0.106,,0.299,0.0014142137,0.06099999,,0.096999995,,-0.09099999,0.0014142137,0.08499999,0.0014142137,0.8741836815266211,0.14661121777976996,7.48486,,2248.97,1.0
2M03400725+2234519,4453.104,1.15,2.227,0.004,-0.089,0.001,0.031000003,0.0017320508,-0.047999993,0.0017320508,0.243,0.0017320508,0.20899999,0.0014142137,0.019000001,0.0017320508,0.060000002,0.0017320508,-0.137,0.0014142137,-0.17400001,0.0014142137,1.1204605063137718,0.13012605372062566,13.196553,,385.98672,1.0
2M22330032-1417449,4710.833,1.944,2.973,0.003,-0.09,0.001,0.059000004,0.0017320508,-0.004999995,0.0017320508,0.18200001,0.00244949,0.227,0.0014142137,0.054000005,0.0017320508,0.049000002,0.0017320508,-0.144,0.0014142137,0.178,0.0014142137,0.7644796586890201,0.11410080663949512,5.814062,,424.99875,1.0
2M00542539-0116336,4658.6,11.09,1.849,0.028,-1.112,0.003,0.036000013,0.0096953595,-0.22099996,0.021400936,0.0069999695,0.02613427,0.0019999743,0.004242641,0.10399997,0.0096953595,0.42299998,0.0096953595,-0.11899996,0.005,-0.413,0.005,1.0265378811757535,0.13768420700985148,10.630113,,118.72124,1.0
2M05030686+2052111,4505.734,3.199,2.315,0.01,-0.281,0.001,0.037999988,0.0033166248,-0.076000005,0.0033166248,0.234,0.0037416576,0.234,0.0014142137,0.050999984,0.0033166248,0.107999995,0.0033166248,0.049999982,0.0014142137,0.107999995,0.0014142137,1.2569227249916568,0.04109508475831913,18.068526,,162.78404,1.0
2M08310376+1209016,4204.561,0.611,1.771,0.005,-0.621,0.001,0.274,0.0017320508,0.07499999,0.0017320508,0.04399997,0.0033166248,0.422,0.0014142137,0.16799998,0.0017320508,0.24599999,0.0017320508,-0.31700003,0.0014142137,-0.062000036,0.0014142137,1.1733579702436236,0.11729562854928835,14.905892,,388.86108,1.0
2M16224699-2733220,4347.487,3.245,2.184,0.016,-0.445,0.002,0.31199998,0.00489898,0.10699999,0.0053851646,0.15599999,0.0067082043,0.428,0.0028284274,0.188,0.00489898,0.282,0.00489898,-0.20700002,0.0028284274,0.025999993,0.0028284274,0.38675304711995334,0.10147973247600825,2.436425,,104.12997,1.0
2M23220524-0814261,4371.483,0.866,2.156,0.004,-0.487,0.001,0.12599999,0.00244949,0.0019999743,0.0017320508,0.192,0.0033166248,0.21399999,0.0014142137,0.085999995,0.0017320508,0.075999975,0.0017320508,0.0059999824,0.0014142137,0.17899999,0.0014142137,1.1602010590308556,0.11964350272977604,14.461091,,521.32434,1.0
2M08242629+1849474,4686.731,5.695,3.261,0.009,0.076,0.002,0.12900001,0.0045825755,0.039000005,0.00489898,0.24399999,0.0053851646,0.284,0.0028284274,,,0.11800001,0.0045825755,-0.302,0.0028284274,0.176,0.0028284274,0.6326732721364431,0.0415390917315778,4.292134,,139.2013,1.0
2M13221706-1541233,4107.745,0.957,1.811,0.007,-0.397,0.001,0.30400002,0.00244949,0.14500001,0.00244949,0.110000014,0.003,0.363,0.0014142137,0.16300002,0.00244949,0.26500002,0.00244949,-0.095999986,0.0014142137,-0.18900001,0.0014142137,1.1510715343136506,0.1353828498772122,14.16027,,211.87332,1.0
2M23155076-0058199,4847.435,4.822,3.395,0.006,-0.083,0.001,0.100999996,0.003,0.034999996,0.003,-0.019000001,0.0037416576,0.21700001,0.0014142137,0.103999995,0.003,0.147,0.003,-0.47399998,0.0022360682,0.16,0.0014142137,0.06735322311055891,0.10111889367333897,1.167759,,212.79095,1.0
2M16102548-2021347,4586.78,4.146,2.584,0.012,-0.545,0.002,0.28300002,0.0041231057,0.08200002,0.0046904157,0.10500002,0.0061644143,0.403,0.0028284274,0.18100002,0.0041231057,0.367,0.0046904157,-0.089999974,0.0028284274,0.043000042,0.0028284274,1.2022361678065248,0.08727976876714565,15.930748,,151.54509,1.0
2M03422144+1939470,4312.281,0.929,2.019,0.005,-0.495,0.001,0.20500001,0.0017320508,0.038000017,0.0017320508,0.08399999,0.0033166248,0.377,0.0014142137,0.125,0.0017320508,0.19600001,0.0017320508,-0.15200001,0.0014142137,-0.356,0.0014142137,1.135635378297602,0.13740590276430206,13.66581,,369.26852,1.0
2M03465031+1808497,4459.653,3.015,2.245,0.011,-0.435,0.002,0.214,0.0041231057,0.032000005,0.0041231057,0.097,0.0046904157,0.394,0.0028284274,0.136,0.0041231057,0.189,0.0041231057,-0.032999992,0.0028284274,0.067,0.0028284274,1.1377592216792825,0.12201091451719673,13.732804000000002,,160.86429,1.0
2M22210735-1453225,4670.483,4.737,2.423,0.012,-0.755,0.002,0.304,0.0046904157,-0.075999975,0.0061644143,0.213,0.007874008,0.39,0.0022360682,0.17799997,0.0041231057,0.35999998,0.0046904157,-0.007000029,0.0028284274,0.359,0.0022360682,0.48566720725015,0.14716692231256417,3.059618,,190.38176,1.0
2M22135874-1023366,4544.319,3.628,2.698,0.01,-0.285,0.002,0.251,0.0041231057,0.146,0.0041231057,0.119,0.0046904157,0.31599998,0.0028284274,0.146,0.0037416574,0.219,0.0041231057,-0.10800001,0.0028284274,-0.036000013,0.0028284274,1.1674795296952252,0.10709977817479746,14.705491,,152.08736,1.0
2M16124373-2600172,4635.753,1.506,2.507,0.004,-0.436,0.001,0.122999996,0.00244949,-0.04000002,0.00244949,0.067,0.0033166248,0.325,0.0014142137,0.083000004,0.00244949,0.162,0.00244949,-0.120000005,0.0014142137,0.407,0.0014142137,1.1815643211101003,0.10115793956283928,15.190229,,529.91956,1.0
2M16124373-2600172,4635.753,1.506,2.507,0.004,-0.436,0.001,0.122999996,0.00244949,-0.04000002,0.00244949,0.067,0.0033166248,0.325,0.0014142137,0.083000004,0.00244949,0.162,0.00244949,-0.120000005,0.0014142137,0.407,0.0014142137,1.1815643211101003,0.10115793956283928,15.190229,,529.91956,1.0
2M22113388-1613160,4199.04,0.951,2.005,0.006,-0.305,0.001,0.213,0.00244949,0.12300001,0.00244949,0.194,0.003,0.315,0.0014142137,0.09300001,0.00244949,0.21400002,0.00244949,-0.134,0.0014142137,0.206,0.0014142137,1.248012547379973,0.04968026723600713,17.701601,,225.3042,1.0
2M08505526+1117352,4850.359,4.496,3.081,0.007,-0.15,0.001,0.08400001,0.003,-0.054999992,0.003,0.125,0.0037416576,0.257,0.0014142137,0.098000005,0.003,0.094000004,0.003,-0.236,0.0014142137,-0.095,0.0014142137,0.5692872761994022,0.12084488722769204,3.70926,,231.14665,1.0
2M08505526+1117352,4850.359,4.496,3.081,0.007,-0.15,0.001,0.08400001,0.003,-0.054999992,0.003,0.125,0.0037416576,0.257,0.0014142137,0.098000005,0.003,0.094000004,0.003,-0.236,0.0014142137,-0.095,0.0014142137,0.5692872761994022,0.12084488722769204,3.70926,,231.14665,1.0
2M03592195+2543069,4038.08,0.432,1.785,0.004,-0.288,0.001,0.27699998,0.0017320508,0.15699999,0.0017320508,0.16099998,0.00244949,,,0.10699999,,0.258,0.0017320508,-0.20200002,0.0014142137,0.070999995,0.0014142137,1.1504058856901618,0.13771124255916414,14.138583,,408.8446,1.0
2M17171603-2451378,4237.21,1.254,1.903,0.01,-0.615,0.001,0.287,0.003,0.062000036,0.003,0.08399999,0.0037416576,0.32500002,0.0014142137,0.194,0.00244949,0.27,0.00244949,-0.04100001,0.0014142137,0.14400002,0.0014142137,1.2161159489476026,0.08070548723824206,16.448107999999998,,198.94391,1.0
2M05060084+2159519,4290.125,0.903,1.95,0.004,-0.23,0.001,0.013000011,0.0017320508,-0.126,0.0017320508,0.253,0.00244949,0.126,0.0014142137,0.018000007,0.0017320508,0.038000003,0.0017320508,0.044,0.0014142137,-0.17099999,0.0014142137,0.1324594958893808,0.011139843745407241,1.356624,,349.74243,1.0
2M08492247+1117282,4511.814,4.544,2.696,0.012,0.029,0.002,0.066,0.00489898,0.028,0.0045825755,0.211,0.0053851646,0.122999996,0.0028284274,0.024,0.0045825755,0.061000004,0.00489898,-0.80899996,0.0028284274,-0.266,0.0028284274,0.9394140108143434,0.12027557544548272,8.697892,,102.81228,1.0
2M08492247+1117282,4511.814,4.544,2.696,0.012,0.029,0.002,0.066,0.00489898,0.028,0.0045825755,0.211,0.0053851646,0.122999996,0.0028284274,0.024,0.0045825755,0.061000004,0.00489898,-0.80899996,0.0028284274,-0.266,0.0028284274,0.9394140108143434,0.12027557544548272,8.697892,,102.81228,1.0
2M18462895-2519587,4396.076,1.913,2.3,0.006,0.085,0.001,-0.052,0.00244949,-0.127,0.00244949,0.302,0.00244949,0.099,0.0014142137,-0.082,0.00244949,-0.054,0.00244949,-0.027000003,0.0014142137,0.304,0.0014142137,1.1574440141354456,0.11242148587335717,14.369578,,199.28331,1.0
2M04594723+2105573,4080.274,0.284,1.895,0.002,0.035,0.001,0.008000001,,0.029999997,,0.135,0.0017320508,0.11500001,0.0014142137,-0.036,,0.044999998,0.0017320508,-0.126,0.0014142137,-0.022,0.0014142137,1.192135815565133,0.10116309206058739,15.564523,,713.01575,1.0
2M16121449-2551491,4890.428,7.607,3.334,0.009,0.034,0.002,-0.0020000003,0.0041231057,-0.014000002,0.0041231057,0.19999999,0.0046904157,0.171,0.0028284274,0.056999996,0.0041231057,-0.085,0.0041231057,-0.22600001,0.0028284274,0.062,0.0028284274,1.2623176482713907,0.03147495736189829,18.294378,,145.0403,1.0
2M22023944-0838002,4659.674,5.463,2.48,0.014,-0.664,0.002,0.31899998,0.0053851646,0.025999963,0.0067082043,0.09399998,0.008306623,0.37799996,0.0028284274,0.25599998,0.0053851646,0.417,0.0053851646,-0.333,0.0028284274,-0.06400001,0.0028284274,1.0859107801722863,0.14588083592575488,12.187392,,146.8218,1.0
2M04225928+1808391,4575.918,1.664,2.99,0.003,0.291,0.001,0.0009999871,0.0017320508,-0.009000003,0.0017320508,0.32599998,0.0017320508,0.155,0.0014142137,0.002000004,0.0017320508,-0.022000015,0.0017320508,-0.315,0.0014142137,0.38300002,0.0014142137,1.0259113247997493,0.1181946116547259,10.614788,,319.3344,1.0
2M13285899-1023020,4763.971,3.867,2.952,0.007,-0.212,0.001,0.063999996,0.003,-0.003000006,0.003,0.110999994,0.003,0.275,0.0014142137,0.083000004,0.003,0.004999995,0.00244949,-0.18100001,0.0014142137,-0.032000005,0.0014142137,0.9796142422576951,0.12414473332161896,9.541447,,248.51248,1.0
2M19200241-2857145,4478.134,4.146,2.257,0.015,-0.494,0.002,0.13599998,0.0053851646,-0.023000032,0.0053851646,0.072999984,0.006,0.291,0.0028284274,0.13,0.0053851646,0.18599999,0.0053851646,0.028999984,0.0028284274,-0.29100004,0.0028284274,1.1641197317700027,0.1096239348630191,14.592165,,123.28863,1.0
2M03380358+1956584,4683.943,3.02,2.925,0.005,-0.114,0.001,0.048,0.00244949,-0.044999994,0.00244949,0.131,0.003,0.204,0.0014142137,0.06,0.00244949,0.038999997,0.00244949,-0.072000004,0.0014142137,0.19,0.0014142137,0.9722099222291517,0.13259342910986568,9.380153,,261.84274,1.0
2M04185446+1426386,4483.604,1.727,2.235,0.006,-0.187,0.001,-0.020999998,0.0017320508,-0.148,0.0017320508,0.23500001,0.00244949,0.141,0.0014142137,0.019000009,0.0017320508,0.009000003,0.0017320508,0.23200001,0.0014142137,-0.026999995,0.0014142137,0.021056922483710598,0.14241837050310682,1.04968,,292.559,1.0
2M04185446+1426386,4483.604,1.727,2.235,0.006,-0.187,0.001,-0.020999998,0.0017320508,-0.148,0.0017320508,0.23500001,0.00244949,0.141,0.0014142137,0.019000009,0.0017320508,0.009000003,0.0017320508,0.23200001,0.0014142137,-0.026999995,0.0014142137,0.021056922483710598,0.14241837050310682,1.04968,,292.559,1.0
2M16161488-2451278,4945.403,3.999,3.253,0.006,0.016,0.001,-0.009000001,0.00244949,-0.061000004,0.003,0.23099999,0.003,0.203,0.0014142137,0.021999998,0.00244949,0.025999999,0.00244949,-0.171,0.0014142137,0.189,0.0014142137,0.919755951999685,0.11464359449140349,8.312965,,320.91394,1.0
2M23400000-0911554,4823.344,4.982,2.999,0.009,-0.637,0.002,0.30500004,0.0046904157,0.12900001,0.0061644143,-0.06699997,0.007874008,0.40000004,0.0022360682,0.26700002,0.0046904157,0.37900004,0.0046904157,-0.20499998,0.0028284274,-0.018999994,0.0028284274,0.6309357127065913,0.08949116023813673,4.274996,,239.99911,1.0
2M13441968-1110207,4830.094,1.682,3.029,0.003,-0.305,0.001,0.07100001,0.00244949,-0.0069999993,0.00244949,0.11500001,0.0033166248,0.24800001,0.0014142137,0.051,0.00244949,0.141,0.00244949,-0.171,0.0014142137,0.016000003,0.0014142137,0.881795871872953,0.1184687718283118,7.617209,,636.72736,1.0
2M00494677+0218180,4688.043,8.609,2.645,0.019,-0.428,0.003,0.09900001,0.0065574385,0.044,0.007071068,0.092999995,0.0076811453,0.305,0.0036055513,0.062000006,0.0065574385,0.136,0.0065574385,-0.09800002,0.004242641,-0.19500002,0.004242641,1.0292453902288774,0.14075501848023309,10.696591,,107.23661,1.0
2M08191712+1559291,4865.494,6.674,3.033,0.011,-0.315,0.002,0.072,0.0041231057,-0.037,0.0046904157,0.18699999,0.0046904157,0.274,0.0022360682,0.07699999,0.0041231057,0.16499999,0.0041231057,-0.36299998,0.0028284274,-0.15400001,0.0028284274,0.6075076715271908,0.11482941023568789,4.050491,,171.70325,1.0
2M08463834+2408027,4487.836,1.902,2.836,0.004,0.196,0.001,0.054000005,0.00244949,0.03500001,0.00244949,0.23,0.00244949,0.20800002,0.0014142137,0.047000006,0.00244949,0.026000008,0.00244949,-0.159,0.0014142137,0.13700001,0.0014142137,0.8747081832550713,0.11982866344163787,7.493905000000001,,222.4073,1.0
2M13260492-1544050,4652.071,5.833,2.921,0.01,-0.172,0.002,0.18100001,0.0041231057,0.051000006,0.0041231057,0.261,0.0046904157,0.36900002,0.0028284274,0.157,0.0041231057,0.156,0.0041231057,0.141,0.0028284274,0.132,0.0028284274,0.7479791276588278,0.12278861360955182,5.597307,,129.45679,1.0
2M22064851-1040101,4591.236,1.744,2.747,0.004,-0.063,0.001,0.017,0.0017320508,-0.019000001,0.0017320508,0.22600001,0.00244949,0.181,0.0014142137,0.032,0.0017320508,0.014000002,0.0017320508,-0.001000002,0.0014142137,0.051,0.0014142137,0.9495926138698738,0.10133975904947666,8.904152999999999,,355.5119,1.0
2M08391972+2003107,5010.299,1.684,3.418,0.002,-0.111,0.001,-0.009999998,0.00244949,-0.052,0.00244949,0.139,0.0033166248,0.118,0.0014142137,-0.09199999,0.00244949,0.031000003,0.00244949,0.042999998,0.0014142137,0.174,0.0014142137,0.2540760662048191,0.06943493541697938,1.795048,,788.2117,1.0
2M08245588+1715005,4198.861,0.22,2.152,0.001,0.003,0.001,0.0,,0.0,,0.093,,0.119,0.0014142137,-0.01,,0.0069999998,,-0.081,0.0014142137,-0.1,0.0014142137,1.2626686096638693,0.034372732487134426,18.309168,,1106.4337,1.0
2M08423518+1858326,4675.782,3.2,2.602,0.007,-0.312,0.001,0.058,0.00244949,-0.018999994,0.003,0.17500001,0.003,0.277,0.0014142137,0.032999992,0.00244949,0.09,0.003,-0.19799998,0.0014142137,-0.03999999,0.0014142137,0.8560590532005619,0.1468562580138581,7.1789190000000005,,263.59415,1.0
2M19182754-2931493,4295.144,0.797,2.345,0.003,0.182,0.001,-0.027999997,0.0017320508,-0.098,0.0017320508,0.28899997,0.0017320508,0.10700001,0.0014142137,-0.008000001,0.0017320508,-0.0119999945,0.0017320508,-0.04699999,0.0014142137,0.075,0.0014142137,1.22941304423898,0.06889524538894909,16.9595,,356.72998,1.0
2M08420144+1925402,4849.966,3.734,2.982,0.006,-0.298,0.001,0.069000006,0.003,-0.020999998,0.003,0.164,0.0037416576,0.186,0.0014142137,0.025999993,0.003,0.15300001,0.003,-0.243,0.0014142137,0.12100001,0.0014142137,0.6878547827684166,0.11636752604449281,4.873655,,291.76248,1.0
2M13240885-1034304,4758.937,3.819,3.03,0.006,-0.295,0.001,0.20599999,0.003,0.051999986,0.003,0.044999987,0.0037416576,0.29599997,0.0014142137,0.116999984,0.003,0.22099999,0.003,-0.04700002,0.0014142137,-0.08700001,0.0014142137,1.2177619879050083,0.06740968463419386,16.510567,,252.53618,1.0
2M05003641+2147395,4888.862,2.963,3.048,0.005,-0.26,0.001,0.078999996,0.00244949,-0.020999998,0.00244949,0.262,0.00244949,0.21499999,0.0014142137,0.03199999,0.00244949,0.16,0.00244949,-0.251,0.0014142137,0.233,0.0014142137,0.2717610107241854,0.08910438328496392,1.869653,,374.30707,1.0
2M03325981+1705443,4190.521,0.939,2.159,0.004,0.01,0.001,0.007999999,,0.058000006,0.00244949,0.177,0.00244949,0.166,0.0014142137,-0.009,,0.038999997,0.00244949,-0.011,0.0014142137,0.152,0.0014142137,0.17299268733195394,0.00737580010505411,1.489336,,265.92767,1.0
2M10195355+1031307,4342.072,0.863,2.207,0.004,-0.443,0.001,0.269,0.0017320508,0.109,0.0017320508,0.12599999,0.00244949,0.389,0.0014142137,0.17199999,0.0017320508,0.24199998,0.0017320508,-0.24100003,0.0014142137,0.0039999783,0.0014142137,1.2101392795075137,0.0824798773901018,16.223303,,412.55844,1.0
2M10195355+1031307,4342.072,0.863,2.207,0.004,-0.443,0.001,0.269,0.0017320508,0.109,0.0017320508,0.12599999,0.00244949,0.389,0.0014142137,0.17199999,0.0017320508,0.24199998,0.0017320508,-0.24100003,0.0014142137,0.0039999783,0.0014142137,1.2101392795075137,0.0824798773901018,16.223303,,412.55844,1.0
2M22234089-0432285,4319.864,1.459,2.062,0.008,-0.545,0.001,0.29900002,0.00244949,0.07800001,0.003,0.12400001,0.0037416576,0.44200003,0.0014142137,0.16200003,0.00244949,0.29200003,0.00244949,-0.222,0.0014142137,-0.139,0.0014142137,1.2471284908726286,0.05117450154922603,17.665604000000002,,230.8171,1.0
2M13553545-1131213,4723.593,5.791,3.048,0.01,-0.416,0.002,0.279,0.0041231057,0.07500002,0.0053851646,0.103000015,0.0061644143,0.368,0.0028284274,0.13500002,0.0041231057,0.272,0.0041231057,-0.21899998,0.0028284274,-0.19800001,0.0028284274,0.7365083685015734,0.0914500152110469,5.451404,,157.97185,1.0
2M11523821+0704548,4808.869,4.24,3.064,0.007,-0.628,0.002,0.298,0.0041231057,0.09800005,0.0066332496,-0.08899999,0.008485282,0.379,0.0022360682,0.23800004,0.0041231057,0.335,0.0041231057,-0.153,0.0028284274,-0.020999968,0.0028284274,0.6893386991916869,0.08246103884193151,4.8903360000000005,,272.80026,1.0
2M03393769+2224255,4755.244,8.186,2.154,0.019,-0.552,0.002,0.11899999,0.0061644143,-0.018000007,0.0067082043,0.13999999,0.007348469,0.31699997,0.0028284274,0.05699998,0.0061644143,0.239,0.0061644143,-0.18800002,0.0028284274,0.09399998,0.0028284274,0.019594374525315407,0.100484600292775,1.046151,,131.49503,1.0
2M13192515-1326480,4661.476,3.063,2.717,0.007,-0.259,0.001,0.088,0.003,-0.0119999945,0.003,0.08600001,0.003,0.269,0.0014142137,0.08500001,0.003,0.112,0.003,-0.37800002,0.0014142137,0.112,0.0014142137,0.8332891750340761,0.13452892376693987,6.812228,,266.42197,1.0
2M15585742-2204456,4318.552,0.495,2.273,0.002,0.083,0.001,-0.056999996,0.0017320508,-0.148,0.0017320508,0.40399998,0.0017320508,0.148,0.0014142137,-0.023999996,0.0017320508,-0.039999995,0.0017320508,0.002000004,0.0014142137,0.354,0.0014142137,1.2342233772882394,0.06469644863943266,17.148391,,658.06525,1.0
2M13534302-1210373,4626.893,2.123,2.868,0.005,-0.147,0.001,0.18,0.0017320508,0.146,0.0017320508,0.146,0.00244949,0.351,0.0014142137,0.114999995,0.0017320508,0.166,0.0017320508,-0.096,0.0014142137,0.176,0.0014142137,0.4073725464294843,0.12318038572565729,2.554892,,322.91095,1.0
2M18455988-2533427,4592.233,3.146,3.079,0.006,0.184,0.001,0.034999996,0.00244949,0.07599999,0.00244949,0.21,0.003,0.16399999,0.0014142137,0.010000005,0.00244949,0.036,0.00244949,0.13000001,0.0014142137,0.291,0.0014142137,0.7463436381394838,0.12436802547818636,5.576268,,186.28076,1.0
2M04032597+1610498,4889.32,6.592,3.407,0.009,-0.095,0.001,0.04,0.0037416576,0.008000001,0.004358899,-0.10700001,0.0050990195,0.226,0.0014142137,0.0029999986,0.0037416576,0.053,0.0037416576,-0.18,0.0022360682,0.237,0.0014142137,0.9650821712541019,0.04389490187734004,9.22746,,165.42574,1.0
2M04032597+1610498,4889.32,6.592,3.407,0.009,-0.095,0.001,0.04,0.0037416576,0.008000001,0.004358899,-0.10700001,0.0050990195,0.226,0.0014142137,0.0029999986,0.0037416576,0.053,0.0037416576,-0.18,0.0022360682,0.237,0.0014142137,0.9650821712541019,0.04389490187734004,9.22746,,165.42574,1.0
2M11475057+0130476,4633.131,11.379,1.461,0.03,-1.781,0.004,0.265,0.012328829,-0.62399995,0.04529901,0.926,0.058991525,-0.23599994,0.006403124,-0.8089999,0.015394805,0.42799997,0.012328829,-0.719,0.006403124,0.958,0.0044721365,-0.1452465313671913,0.06731883938865159,0.715737,,156.0326,1.0
2M23461680-0807364,4708.026,4.347,3.081,0.008,-0.036,0.001,0.008999998,0.00244949,0.0,0.00244949,0.055999998,0.003,0.141,0.0014142137,0.012999998,0.00244949,0.044,0.00244949,-0.668,0.0022360682,0.009999998,0.0014142137,0.530466086258275,0.09346047773365362,3.3920800000000004,,180.611,1.0
2M16411045-2729509,3879.662,0.48,1.628,0.002,0.182,0.001,-0.0019999892,,0.052,,0.22200002,0.0017320508,-0.055999994,0.0014142137,-0.063999996,,0.011000007,,-0.235,0.0014142137,0.161,0.0014142137,1.2876806254768842,0.007567038368526525,19.394591,,380.9118,1.0
2M08212491+1927198,4722.244,3.979,3.334,0.005,0.265,0.001,0.048000008,0.00244949,0.030000001,0.00244949,0.30700004,0.003,0.19300002,0.0014142137,0.062000006,0.00244949,0.028000027,0.00244949,-0.574,0.0014142137,0.362,0.0014142137,0.5075197703844648,0.046503259178449864,3.217509,,182.82544,1.0
2M03584560+2411350,4913.823,4.825,3.267,0.006,-0.152,0.001,0.024999991,0.003,-0.061000004,0.003,0.148,0.0037416576,0.183,0.0014142137,0.055999994,0.003,0.102,0.003,-0.08600001,0.0014142137,-0.20099999,0.0014142137,0.36235522139814114,0.0809593207479147,2.303325,,257.14755,1.0
2M23205211-0006381,4864.302,2.694,3.226,0.004,-0.29,0.001,0.077999994,0.00244949,0.0039999783,0.0033166248,0.059999987,0.0033166248,0.278,0.0014142137,0.08899999,0.00244949,0.09199999,0.00244949,-0.256,0.0014142137,-0.08900002,0.0014142137,1.2054719790805037,0.07746949451710239,16.049887,,434.59048,1.0
2M08142334+1318303,4643.992,5.971,3.107,0.011,,,,,,,,,,,,,,,,,,,0.7922925609776104,0.10723644130334953,6.198585,,115.76622,1.0
2M13240830-1000255,4817.073,2.754,2.914,0.005,-0.313,0.001,0.06899999,0.00244949,0.004000008,0.00244949,0.21399999,0.00244949,0.25,0.0014142137,0.095,0.00244949,0.09799999,0.00244949,-0.038000017,0.0014142137,0.032000005,0.0014142137,0.6830234307187517,0.12288539272581772,4.819738,,384.85696,1.0
2M23242981-0830362,4639.418,5.957,2.45,0.016,-0.681,0.002,0.288,0.0053851646,0.07199997,0.007483315,-0.05400002,0.009165152,0.393,0.0028284274,0.195,0.0053851646,0.359,0.0053851646,-0.148,0.0028284274,-0.315,0.0036055513,1.2010383691238709,0.09294361458905644,15.886871,,136.81387,1.0
2M08310400+2032488,4613.697,5.959,2.074,0.017,-0.989,0.002,0.078999996,0.006,-0.34199995,0.0137477275,-0.13299996,0.018547237,-0.10699993,0.0028284274,0.13800001,0.006,0.31,0.006,-0.06099993,0.0028284274,0.046000004,0.0028284274,1.220027919298197,0.07626485957757739,16.596936,,170.93,1.0
2M08534794+1202435,4654.191,1.05,3.233,0.002,-0.015,0.001,0.17300001,0.0017320508,0.04,0.0017320508,0.154,0.00244949,0.32299998,0.0014142137,0.093,0.0017320508,0.137,0.0017320508,-0.076,0.0014142137,0.144,0.0014142137,1.0201463614532593,0.10851042381181066,10.474815,,644.94073,1.0
2M08534794+1202435,4654.191,1.05,3.233,0.002,-0.015,0.001,0.17300001,0.0017320508,0.04,0.0017320508,0.154,0.00244949,0.32299998,0.0014142137,0.093,0.0017320508,0.137,0.0017320508,-0.076,0.0014142137,0.144,0.0014142137,1.0201463614532593,0.10851042381181066,10.474815,,644.94073,1.0
2M12083487-0029123,4549.75,0.576,2.999,0.001,0.103,0.001,0.141,0.0017320508,0.008000001,0.0017320508,0.17799999,0.00244949,0.265,0.0014142137,,,0.077999994,0.0017320508,-0.138,0.0014142137,0.207,0.0014142137,1.0035772330705286,0.12398433709589242,10.082709,,825.8372,1.0
2M08260459+2309312,4704.197,3.252,2.746,0.006,-0.222,0.001,0.068,0.00244949,-0.035999984,0.003,0.181,0.003,0.228,0.0014142137,0.07100001,0.00244949,0.075,0.00244949,-0.009000003,0.0014142137,-0.17699999,0.0014142137,0.5848216774714997,0.1289150602219854,3.844339,,268.6149,1.0
2M19232261-2838240,4649.386,3.568,3.187,0.005,0.339,0.001,-0.01699999,0.00244949,0.019000024,0.00244949,0.38,0.00244949,0.18800002,0.0014142137,-0.012999982,0.00244949,-0.041999996,0.00244949,-1.086,0.0014142137,0.35900003,0.0014142137,0.4548349549336892,0.006801282895597603,2.849935,,177.26839,1.0
2M22122728-0719011,4279.818,1.106,2.198,0.005,-0.159,0.001,0.12699999,0.00244949,0.088999994,0.00244949,0.206,0.003,0.25,0.0014142137,0.041999996,0.00244949,0.12599999,0.00244949,-0.18100001,0.0014142137,0.030000001,0.0014142137,0.4384336429022869,0.10539325889563274,2.744313,,266.4944,1.0
2M04053188+1911211,4102.426,1.501,0.501,0.007,-0.647,0.001,0.19000003,0.00244949,0.055999994,,0.544,0.00244949,0.27,0.0014142137,0.111,0.00244949,0.012000024,,0.898,0.0014142137,1.087,0.0014142137,1.203068722994347,0.09564708603702095,15.961317,,209.3199,1.0
2M01032063+0543360,4758.921,2.017,3.256,0.003,-0.143,0.001,0.09600001,0.0017320508,0.0140000135,0.00244949,0.10100001,0.0033166248,0.255,0.0014142137,0.079,0.0017320508,0.076000005,0.0017320508,0.0140000135,0.0014142137,0.23500001,0.0014142137,0.8144168842934563,0.1003239095030338,6.522542,,451.67545,1.0
2M01032063+0543360,4758.921,2.017,3.256,0.003,-0.143,0.001,0.09600001,0.0017320508,0.0140000135,0.00244949,0.10100001,0.0033166248,0.255,0.0014142137,0.079,0.0017320508,0.076000005,0.0017320508,0.0140000135,0.0014142137,0.23500001,0.0014142137,0.8144168842934563,0.1003239095030338,6.522542,,451.67545,1.0
2M04051057+2002562,4825.749,4.481,2.965,0.007,-0.197,0.001,0.066,0.003,-0.069000006,0.003,0.13,0.0037416576,0.239,0.0014142137,0.098,0.003,0.03199999,0.003,-0.28,0.0014142137,0.228,0.0014142137,0.7342424073596326,0.12009694514851048,5.423035,,242.10956,1.0
2M23211552-0011164,4567.495,2.011,2.771,0.004,0.006,0.001,0.031,0.00244949,0.007,0.00244949,0.214,0.003,0.207,0.0014142137,0.011999999,0.00244949,0.044999998,0.00244949,-0.218,0.0014142137,-0.021,0.0014142137,1.2070789339315902,0.07470893448968145,16.109384,,285.31995,1.0
2M04252269+1751379,4509.015,1.881,2.112,0.007,-0.499,0.001,0.07500002,0.00244949,-0.09200001,0.003,0.227,0.003,0.23900002,0.0014142137,0.08200002,0.00244949,0.125,0.003,-0.085999966,0.0014142137,0.036000013,0.0014142137,1.1287536686494914,0.13756933529053905,13.450972,,311.06403,1.0
2M16122166-2551537,4589.906,3.763,2.408,0.009,-0.138,0.001,0.16,0.0033166248,0.105,0.0033166248,0.19999999,0.0037416576,0.32599998,0.0014142137,0.051999994,0.0033166248,0.183,0.0033166248,-0.179,0.0014142137,0.411,0.0014142137,1.2074918857361672,0.07059547170674665,16.124709,,157.15063,1.0
2M18544866-2152366,4192.878,1.777,1.658,0.017,-0.713,0.002,0.346,0.0053851646,0.018000007,0.0053851646,0.08399999,0.007483315,0.409,0.0028284274,0.28,0.00489898,0.286,0.00489898,0.17199999,0.0028284274,0.18900001,0.0028284274,1.254059783316253,0.045381370039326026,17.949807,,122.23178,1.0
2M05000351+1514120,4945.48,6.976,3.123,0.011,-0.298,0.001,0.044,0.0037416576,-0.06099999,0.004358899,0.165,0.004358899,0.21900001,0.0014142137,0.06300001,0.0037416576,0.10900001,0.0037416576,-0.016000003,0.0014142137,0.319,0.0014142137,0.1576567937039116,0.07956662228305558,1.437662,,192.87979,1.0
2M13362619-1337150,4926.238,6.655,2.764,0.012,-0.947,0.002,0.29800004,0.0046904157,0.12400001,0.012529965,-0.19299996,0.021307277,0.42400002,0.0028284274,0.22900003,0.0046904157,0.35900003,0.0046904157,0.021000028,0.0028284274,0.17500001,0.0028284274,0.8575153441661874,0.1313226397483899,7.203032,,267.8676,1.0
2M08415340+1132315,4449.815,1.03,1.947,0.004,-0.86,0.002,0.28400004,0.0030000003,0.016000032,0.0037416574,0.06700003,0.0054772254,,,,,0.27600002,0.0030000003,-0.23300004,0.0028284274,0.12099999,0.0022360682,1.160956395589154,0.12052314158844284,14.486264000000002,,481.8314,1.0
2M08434522+1301497,4393.644,2.577,2.048,0.012,-0.626,0.002,0.27899998,0.0041231057,0.029999971,0.0041231057,0.13099998,0.0053851646,0.40399998,0.0028284274,0.22099999,0.0041231057,0.28599998,0.0041231057,-0.16000003,0.0028284274,-0.296,0.0028284274,1.203323353546654,0.08859232675345449,15.970678,,169.84084,1.0
2M13253031-1248273,4609.747,2.395,2.873,0.005,-0.162,0.001,0.153,0.00244949,0.098,0.00244949,0.145,0.003,0.319,0.0014142137,0.127,0.00244949,0.136,0.00244949,-0.328,0.0014142137,0.136,0.0014142137,1.0158243193215877,0.12807547990602935,10.371088,,283.89987,1.0
2M08204953+1728358,4774.482,2.994,3.021,0.004,0.065,0.001,-0.012999997,0.00244949,-0.154,0.00244949,0.274,0.003,0.163,0.0014142137,0.026,0.00244949,-0.034999996,0.00244949,-0.117,0.0014142137,0.013000004,0.0014142137,0.37814324614802597,0.10129833030561014,2.388599,,304.57693,1.0
2M04142246+1441562,4192.238,0.491,1.819,0.003,-0.402,0.001,0.07500002,0.0017320508,-0.028999984,0.0017320508,0.21700001,0.00244949,0.24900001,0.0014142137,0.043000013,0.0017320508,0.078999996,0.0017320508,-0.051999986,0.0014142137,-0.09,0.0014142137,1.137852662329889,0.14374248681427962,13.735759,,484.4867,1.0
2M18502470-2527336,4664.123,4.927,1.33,0.012,-1.458,0.002,0.227,0.0053851646,0.17299998,0.0061644143,0.47199994,0.0061644143,0.095999956,0.0028284274,0.29999995,0.0053851646,0.301,0.0053851646,0.91999996,0.0022360682,-1.042,0.0036055513,-0.15128327402091898,0.12738604212078264,0.705857,,271.87595,1.0
2M08242265+2025516,4782.567,3.298,3.09,0.006,-0.46,0.002,0.284,0.0034641016,0.081,0.00489898,0.02700001,0.0057445625,0.393,0.0022360682,0.22700001,0.0034641016,0.284,0.0034641016,-0.22300002,0.0028284274,0.146,0.0022360682,1.0408716141248657,0.1065289976893585,10.98681,,314.27548,1.0
2M08423518+1858326,4675.782,3.2,2.602,0.007,-0.312,0.001,0.058,0.00244949,-0.018999994,0.003,0.17500001,0.003,0.277,0.0014142137,0.032999992,0.00244949,0.09,0.003,-0.19799998,0.0014142137,-0.03999999,0.0014142137,0.9217663055149853,0.1226407323854479,8.351535,,263.59415,1.0
2M22115567-0623189,4819.306,8.624,3.14,0.014,-0.562,0.002,0.26899996,0.0067082043,0.021999955,0.009643651,0.012999952,0.010488089,0.38799998,0.0028284274,0.20899999,0.0067082043,0.27099997,0.0067082043,0.12899998,0.0028284274,0.04699999,0.0028284274,0.721499410442463,0.09591180937827758,5.266225,,124.98368,1.0
2M23303514-0315349,4362.962,2.387,2.053,0.012,-0.597,0.002,0.28800002,0.0041231057,0.06099999,0.0041231057,0.07800001,0.0053851646,0.411,0.0022360682,0.19600001,0.0041231057,0.268,0.0041231057,-0.17400002,0.0028284274,-0.028999984,0.0028284274,1.1732215934797483,0.10896841742601143,14.901212,,166.42065,1.0
2M16152571-2827530,3941.053,0.467,1.833,0.002,0.132,0.001,0.042999998,,0.065,,0.18400002,0.0017320508,0.125,0.0014142137,-0.030000001,,0.030000001,,-0.379,0.0014142137,-0.041,0.0014142137,1.197981839077858,0.0998028375829615,15.775453,,399.88388,1.0
2M08410062+1838305,4906.566,2.364,3.184,0.003,0.009,0.001,0.01,0.0017320508,-0.15,0.00244949,0.359,0.00244949,0.169,0.0014142137,0.033,0.0017320508,-0.063,0.0017320508,-0.304,0.0014142137,0.254,0.0014142137,0.060493485051738675,0.041849421330845,1.149459,,452.67957,1.0
2M08381718+1212219,4130.674,0.793,1.678,0.007,-0.399,0.001,0.254,0.00244949,0.10499999,0.00244949,0.21599999,0.003,0.27999997,0.0014142137,0.12199998,0.00244949,0.22099999,0.00244949,-0.21100003,0.0014142137,0.021999985,0.0014142137,1.144536006694498,0.13979101752698808,13.948773,,250.83034,1.0
2M13285019-1709077,4470.426,0.893,2.859,0.002,0.221,0.001,0.03899999,0.0017320508,0.056999996,0.0017320508,0.22000001,0.0017320508,0.117999986,0.0014142137,0.0,0.0017320508,0.015000001,0.0017320508,0.017999992,0.0014142137,0.207,0.0014142137,1.0922603574084555,0.13642118912394346,12.366886,,448.69754,1.0
2M08381401+2428048,4946.854,3.092,3.238,0.004,-0.016,0.001,-0.033,0.0017320508,-0.155,0.00244949,0.254,0.00244949,,,0.031,0.00244949,-0.041,0.0017320508,-0.037,0.0014142137,0.369,0.0014142137,0.09720523289236191,0.059303408867158264,1.25085,,372.26212,1.0
2M13115455-1257119,4916.386,3.172,3.357,0.004,-0.006,0.001,0.026999999,0.0017320508,-0.022,0.0017320508,0.27400002,0.00244949,0.185,0.0014142137,0.070999995,0.0017320508,0.023000002,0.0017320508,-0.019000001,0.0014142137,0.13,0.0014142137,0.1442680700038661,0.01054054746353427,1.394017,,358.90225,1.0
2M01285198+0159135,4227.881,0.48,1.871,0.004,-0.598,0.001,0.295,0.0017320508,0.05699998,0.00244949,0.05699998,0.0033166248,0.383,0.0014142137,0.21399999,0.0017320508,0.281,0.0017320508,-0.21000004,0.0014142137,0.21899998,0.0014142137,1.1487751045649846,0.13464528674339538,14.085592000000002,,486.89914,1.0
2M16100407-1934049,4979.639,10.668,3.487,0.012,-0.043,0.002,0.030000001,0.0053851646,-0.08500001,0.006,0.125,0.0067082043,0.196,0.0028284274,0.060000002,0.0053851646,0.010000002,0.0053851646,-0.44,0.0028284274,0.088,0.0028284274,0.6698561123854291,0.1119990356977045,4.675802,,123.919304,1.0
2M16100407-1934049,4979.639,10.668,3.487,0.012,-0.043,0.002,0.030000001,0.0053851646,-0.08500001,0.006,0.125,0.0067082043,0.196,0.0028284274,0.060000002,0.0053851646,0.010000002,0.0053851646,-0.44,0.0028284274,0.088,0.0028284274,0.6698561123854291,0.1119990356977045,4.675802,,123.919304,1.0
2M10185985+0521322,4110.314,0.864,2.011,0.005,-0.032,0.001,0.107999995,0.00244949,0.100999996,0.00244949,0.237,0.00244949,0.243,0.0014142137,-0.007999998,,0.107999995,0.00244949,-0.14,0.0014142137,-0.23299998,0.0014142137,1.195783622193737,0.09562521228574866,15.695806,,232.21373,1.0
2M10185985+0521322,4110.314,0.864,2.011,0.005,-0.032,0.001,0.107999995,0.00244949,0.100999996,0.00244949,0.237,0.00244949,0.243,0.0014142137,-0.007999998,,0.107999995,0.00244949,-0.14,0.0014142137,-0.23299998,0.0014142137,1.195783622193737,0.09562521228574866,15.695806,,232.21373,1.0
2M08361412+2225561,5072.414,9.967,3.327,0.013,-0.471,0.002,0.07699999,0.0053851646,0.09399998,0.0067082043,0.11199999,0.007483315,0.268,0.0028284274,0.09099999,0.0053851646,0.22499998,0.0053851646,0.054999977,0.0028284274,-0.23499998,0.0028284274,0.14836107301108523,0.07325529221841727,1.407217,,176.08524,1.0
2M13191487-0657577,4167.016,0.491,2.079,0.003,-0.074,0.001,0.112,0.0017320508,0.049000002,0.0017320508,0.147,0.00244949,0.24,0.0014142137,0.057,0.0017320508,0.096,0.0017320508,-0.056999996,0.0014142137,0.122999996,0.0014142137,0.18000021565029292,0.0033993234020858387,1.513562,,411.98743,1.0
2M04513162+2135096,4662.623,2.952,2.999,0.005,0.087,0.001,0.023000002,0.00244949,-0.029999997,0.00244949,0.233,0.003,0.182,0.0014142137,0.012000002,0.00244949,-0.0119999945,0.00244949,-0.089999996,0.0014142137,0.467,0.0014142137,0.6099901091308715,0.10868833184764054,4.07371,,254.4378,1.0
2M22501585-1354496,4758.817,6.844,3.185,0.009,0.082,0.002,0.047999993,0.0045825755,0.036,0.00489898,0.203,0.00489898,0.179,0.0028284274,0.087,0.00489898,-0.05,0.0045825755,-0.551,0.0028284274,-0.043,0.0028284274,0.47265524837500267,0.08865496900374091,2.9693080000000003,,121.5708,1.0
2M22474711-1341363,4257.241,0.629,1.729,0.004,-0.543,0.001,0.19399998,0.0017320508,0.010999978,0.0017320508,0.17999998,0.00244949,0.31699997,0.0014142137,0.058999985,0.0017320508,0.21699998,0.0017320508,-0.24800003,0.0014142137,-0.13499999,0.0014142137,1.1917600528477936,0.1035222269153643,15.551062,,439.0118,1.0
2M22474711-1341363,4257.241,0.629,1.729,0.004,-0.543,0.001,0.19399998,0.0017320508,0.010999978,0.0017320508,0.17999998,0.00244949,0.31699997,0.0014142137,0.058999985,0.0017320508,0.21699998,0.0017320508,-0.24800003,0.0014142137,-0.13499999,0.0014142137,1.1917600528477936,0.1035222269153643,15.551062,,439.0118,1.0
2M08185712+1629371,4704.64,1.192,3.176,0.002,-0.201,0.001,0.201,0.0017320508,0.13800001,0.0017320508,0.104,0.00244949,0.298,0.0014142137,0.123,0.0017320508,0.141,0.0017320508,-0.36599997,0.0014142137,0.08100001,0.0014142137,0.8328132592459394,0.05607989995808089,6.804767,,655.91583,1.0
2M16251412-2848294,4090.888,1.385,1.882,0.011,-0.173,0.002,0.206,0.0037416574,0.09799999,0.0037416574,0.195,0.0046904157,0.389,0.0028284274,0.081999995,0.0037416574,0.19999999,0.0037416574,-0.074,0.0028284274,-0.25200003,0.0028284274,1.1819047848684483,0.1113604268817564,15.202142000000002,,125.58915,1.0
2M16232774-2817029,4142.514,1.735,1.873,0.014,-0.358,0.002,0.289,0.00489898,0.15,0.0045825755,0.19500001,0.0053851646,0.402,0.0028284274,0.13200001,0.0045825755,0.26500002,0.0045825755,-0.34799996,0.0028284274,-0.14500001,0.0028284274,0.15909564962252704,0.004014512614767554,1.442433,,109.560074,1.0
2M00515652+0033243,5018.61,7.074,3.305,0.009,-0.257,0.001,0.059,0.0037416576,-0.022000015,0.004358899,0.105000004,0.0050990195,0.234,0.0014142137,0.056999996,0.0037416576,0.082,0.0037416576,-0.066000015,0.0014142137,0.207,0.0014142137,1.0868425191604179,0.10038608453330444,12.213567,,213.98969,1.0
2M13125742-1400097,4782.113,5.944,2.858,0.011,-0.34,0.002,0.096,0.0041231057,0.020999998,0.0046904157,0.097,0.0046904157,0.26,0.0022360682,0.11400001,0.0041231057,0.229,0.0041231057,-0.41199997,0.0028284274,-0.19399998,0.0028284274,0.7474746556171148,0.1415943925778803,5.590808999999999,,169.06058,1.0
2M19194044-2810090,4308.674,2.797,2.017,0.017,-0.588,0.002,0.304,0.0053851646,0.02700001,0.0053851646,0.06099999,0.007483315,0.36699998,0.0028284274,0.234,0.0053851646,0.3,0.0053851646,-0.008000016,0.0028284274,-0.07099998,0.0028284274,1.214860928196022,0.08117317245443545,16.400645,,109.89711,1.0
2M04271411+1811485,4532.196,1.83,2.735,0.004,-0.035,0.001,0.023,0.00244949,-0.013999999,0.00244949,0.13,0.003,0.161,0.0014142137,0.058,0.00244949,0.039,0.00244949,-0.21599999,0.0014142137,-0.072,0.0014142137,0.696948966639689,0.1304341366124489,4.976786,,290.18146,1.0
2M13290594-1026287,4649.026,4.726,2.776,0.01,-0.233,0.002,0.113,0.0041231057,-0.009000003,0.0041231057,0.12099999,0.0046904157,0.257,0.0022360682,0.08,0.0041231057,0.14199999,0.0041231057,-0.149,0.0028284274,0.042999998,0.0028284274,1.1434154473298368,0.10595013023109429,13.912829,,166.2936,1.0
2M13200865-1727456,4032.225,0.567,1.981,0.003,0.08,0.001,0.026,,0.051,,0.145,0.0017320508,0.148,0.0014142137,-0.018,,0.046000004,,-0.099,0.0014142137,0.114999995,0.0014142137,1.1804885918966885,0.1114463414798065,15.15265,,361.9144,1.0
2M08434687+1155310,4703.59,1.358,3.363,0.002,0.056,0.001,0.12,0.0017320508,0.045999996,0.0017320508,0.19099998,0.00244949,,,0.099,0.0017320508,0.077,0.0017320508,-0.185,0.0014142137,0.092,0.0014142137,1.2559623644949436,0.039789115984510307,18.028615,,601.95575,1.0
2M04010350+2416404,4461.229,1.229,2.785,0.003,0.138,0.001,0.097,0.0017320508,0.081,0.0017320508,0.21,0.0017320508,0.19500001,0.0014142137,0.042999998,0.0017320508,0.075,0.0017320508,-0.253,0.0014142137,0.19900002,0.0014142137,1.1935615404168964,0.08269028534340125,15.615703,,324.68106,1.0
2M03493639+1712330,5066.706,8.355,3.203,0.011,-0.15,0.002,0.009000003,0.00489898,0.009000003,0.0053851646,0.111,0.006,0.111,0.0022360682,0.07800001,0.00489898,0.215,0.00489898,0.24000001,0.0022360682,-0.707,0.0028284274,0.20585721003503246,0.06913307155856736,1.606413,,174.40623,1.0
2M16231439-2819251,4306.214,2.576,1.921,0.015,-0.577,0.002,0.24000001,0.00489898,0.05400002,0.00489898,0.10400003,0.006,0.441,0.0028284274,0.15300003,0.00489898,0.23800004,0.00489898,-0.10399997,0.0028284274,0.21600002,0.0028284274,1.175682076765034,0.1104355875065676,14.985874,,127.45992,1.0
2M13293307-1018418,4097.887,0.681,1.58,0.007,-0.582,0.001,0.31700003,0.00244949,0.096000016,0.00244949,0.11200002,0.003,0.426,0.0014142137,0.20200002,0.00244949,0.27800003,0.00244949,-0.14699996,0.0014142137,-0.194,0.0014142137,1.168447480798208,0.12495439683508035,14.738303,,280.92694,1.0
2M08404705+2226206,4977.894,9.496,3.223,0.014,-0.392,0.002,0.08199999,0.0053851646,-0.019000024,0.0067082043,0.08399999,0.0067082043,0.16499999,0.0028284274,0.07099998,0.0053851646,0.09,0.0053851646,-0.155,0.0028284274,0.51199996,0.0028284274,0.31755357507595,0.09489974930121559,2.07756,,155.87471,1.0
2M13265886-1016270,4722.867,3.828,2.162,0.009,-0.886,0.002,-0.018000007,0.00489898,-0.21100003,0.011357817,-0.26800007,0.019209372,-0.10699999,0.0028284274,0.16399997,0.0041231057,0.33699995,0.0041231057,0.0059999824,0.0028284274,-0.17900008,0.0028284274,1.1637210929511428,0.11375616687043116,14.578777,,336.9541,1.0
2M13192462-1338405,4807.124,1.502,3.029,0.002,-0.24,0.001,0.10599999,0.00244949,0.037,0.00244949,0.06899999,0.00244949,0.24499999,0.0014142137,0.0109999925,0.0017320508,0.013999999,0.0017320508,0.0059999973,0.0014142137,-0.205,0.0014142137,0.6473322016437228,0.12264007248247115,4.439481,,655.6115,1.0
2M08253330+2334276,4712.859,2.412,2.84,0.004,-0.186,0.001,0.044,0.0017320508,-0.051,0.00244949,0.16,0.00244949,0.255,0.0014142137,0.067,0.0017320508,0.05600001,0.0017320508,-0.034999996,0.0014142137,0.067,0.0014142137,1.1461753711970266,0.10705741553755159,14.001526,,363.34485,1.0
2M08154632+1540336,4049.951,0.356,1.795,0.002,-0.226,0.001,0.026999995,0.0017320508,-0.06300001,0.0017320508,0.315,0.00244949,,,-0.023000002,0.0017320508,0.008000001,0.0017320508,0.016000003,0.0014142137,0.11799999,0.0014142137,1.2332124672090319,0.06448681926822239,17.108521,,590.8526,1.0
2M16100760-1923216,4078.616,0.254,1.829,0.002,-0.134,0.001,0.045,,0.014000006,,0.16600001,,0.162,0.0014142137,0.015000001,,0.049000002,,0.043000005,0.0014142137,-0.09199999,0.0014142137,1.160003674366239,0.12958530797190101,14.45452,,824.4821,1.0
2M16100760-1923216,4078.616,0.254,1.829,0.002,-0.134,0.001,0.045,,0.014000006,,0.16600001,,0.162,0.0014142137,0.015000001,,0.049000002,,0.043000005,0.0014142137,-0.09199999,0.0014142137,1.160003674366239,0.12958530797190101,14.45452,,824.4821,1.0
2M09032722+1402014,4917.227,11.519,3.301,0.014,-0.032,0.002,0.008000001,0.0061644143,-0.047999997,0.0067082043,0.179,0.0067082043,0.274,0.0028284274,0.091000006,0.0061644143,-0.146,0.0061644143,-0.15699999,0.0028284274,0.273,0.0028284274,0.48938944807351253,0.09623038200748563,3.085954,,102.76384,1.0
2M16230904-2823177,4286.081,2.492,2.058,0.012,-0.203,0.002,0.06199999,0.0045825755,-0.004000008,0.0045825755,0.203,0.0053851646,0.24399999,0.0028284274,-0.001000002,0.0045825755,0.083,0.0045825755,-0.13599999,0.0028284274,-0.046000004,0.0028284274,1.1896867825929707,0.09869501345367492,15.477,,120.31988,1.0
2M08192126+1641209,4668.639,2.689,3.126,0.004,0.137,0.001,0.043000013,0.00244949,0.026000008,0.00244949,0.259,0.00244949,0.148,0.0014142137,0.0069999993,0.00244949,0.0,0.00244949,-0.327,0.0014142137,0.222,0.0014142137,0.7288255672446089,0.10979580514889556,5.355815,,254.01207,1.0
2M17040873-2141163,4445.103,4.348,2.018,0.018,-0.663,0.002,0.25199997,0.0061644143,0.028999984,0.0067082043,0.089999974,0.008062257,0.33499998,0.0028284274,0.211,0.0061644143,0.27199998,0.0061644143,0.07999998,0.0028284274,-0.15000004,0.0036055513,1.1892614276470703,0.09914404778214303,15.461849,,114.012085,1.0
2M08141118+1300374,5049.0,7.99,3.236,0.01,-0.293,0.002,0.05700001,0.0041231057,-0.05399999,0.0053851646,0.185,0.0053851646,0.18400002,0.0028284274,0.06300001,0.0041231057,0.09300001,0.0041231057,-2.13,0.0036055513,0.020999998,0.0028284274,-0.29893394522800854,0.04526769603767072,0.502419,,194.93259,1.0
2M09074977+1536324,4961.015,4.433,3.246,0.005,-0.065,0.001,0.009999998,0.003,-0.082,0.003,0.23,0.003,,,0.060999997,0.003,0.04,0.003,-0.139,0.0014142137,-0.020000003,0.0014142137,-0.12732696206306537,0.0140948745194285,0.745887,,280.04636,1.0
2M17320329-1703400,4262.289,1.632,2.23,0.008,-0.111,0.001,0.054,0.0033166248,0.009999998,0.0033166248,0.11,0.0037416576,0.153,0.0014142137,-0.008000001,0.0033166248,0.064,0.0033166248,-0.068,0.0014142137,0.034,0.0014142137,1.136871339438107,0.1348090294199067,13.704757,,170.14493,1.0
2M08314954+2036075,4589.404,1.958,2.564,0.004,,,,,,,,,,,,,,,,,,,1.227241516731859,0.06665839968669715,16.874912,,323.26886,1.0
2M03351672+1532520,4837.029,7.652,3.151,0.01,-0.128,0.002,0.016000003,0.00489898,-0.030999988,0.00489898,0.148,0.0053851646,0.16000001,0.0028284274,0.09900001,0.00489898,-0.025999993,0.00489898,-0.073,0.0028284274,0.194,0.0028284274,0.49140638183818,0.11385203180903929,3.100319,,140.07593,1.0
2M17195692-2321522,3983.049,1.299,1.902,0.006,0.187,0.001,0.044999987,,0.08699998,0.00244949,0.252,0.003,0.17499998,0.0014142137,-0.012000009,,0.065,0.00244949,-0.12100001,0.0014142137,-0.333,0.0014142137,0.36624714912672,0.13906414060174974,2.324059,,155.21695,1.0
2M23192274+0142292,4559.455,0.839,2.737,0.002,-0.157,0.001,0.206,0.0017320508,0.026000008,0.0017320508,0.40600002,0.00244949,0.34600002,0.0014142137,0.120000005,0.0017320508,0.169,0.0017320508,-0.095999986,0.0014142137,-0.052,0.0014142137,0.7752866997092867,0.14858413776201798,5.960555,,658.90125,1.0
2M08484748+1147431,5025.173,4.447,3.258,0.006,-0.355,0.001,0.097,0.003,-0.01000002,0.004582576,0.19199999,0.004582576,0.25199997,0.0014142137,0.12399998,0.003,0.15499999,0.003,-0.065,0.0014142137,-0.086000025,0.0014142137,0.5322218189774088,0.09798675356790558,3.405821,,339.13977,1.0
2M08484748+1147431,5025.173,4.447,3.258,0.006,-0.355,0.001,0.097,0.003,-0.01000002,0.004582576,0.19199999,0.004582576,0.25199997,0.0014142137,0.12399998,0.003,0.15499999,0.003,-0.065,0.0014142137,-0.086000025,0.0014142137,0.5322218189774088,0.09798675356790558,3.405821,,339.13977,1.0
2M04255591+1932510,4411.905,1.228,2.189,0.004,-0.066,0.001,0.022999998,0.0017320508,0.038999997,0.0017320508,0.051,0.0017320508,0.33499998,0.0014142137,0.069,0.0017320508,-0.075,0.0017320508,0.161,0.0014142137,-0.96000004,0.0014142137,1.1158914642187796,0.14733638294417337,13.058445,,354.70676,1.0
2M23253804-0845416,4831.428,5.553,3.463,0.006,0.022,0.001,0.052,0.0033166248,0.021000002,0.0037416576,-0.034,0.004358899,0.206,0.0014142137,0.07,0.0037416576,0.005000001,0.0033166248,-0.133,0.0014142137,0.137,0.0014142137,0.29983904877596135,0.026275329703266032,1.994523,,186.2847,1.0
2M13265692-1311033,4565.981,1.975,2.969,0.004,-0.267,0.001,0.259,0.0017320508,0.18699999,0.0017320508,0.078999996,0.0033166248,0.341,0.0014142137,0.13299999,0.0017320508,0.211,0.0017320508,-0.20300001,0.0014142137,0.23799999,0.0014142137,1.2215909975420596,0.06652406185965097,16.656778,,304.2667,1.0
2M18454611-2548248,4674.824,15.406,1.475,0.036,-1.93,0.006,0.120000005,0.01640122,0.171,0.053935148,-0.528,8.180013,-0.35099995,0.008485282,0.54699993,0.015524174,0.398,0.015937379,-0.57000005,0.009219545,-0.57000005,0.009219545,1.1907472731993094,0.09655888521412646,15.514839000000002,,120.54652,1.0
2M13304267-1115500,4786.366,4.869,2.853,0.01,-0.584,0.002,0.265,0.0046904157,-0.004000008,0.0069999998,-0.078999996,0.007874008,0.39,0.0022360682,0.20499998,0.0046904157,0.32,0.0046904157,-0.48800004,0.0028284274,-0.10699999,0.0028284274,1.0982427440535412,0.11421164035976637,12.538418,,219.42783,1.0
2M08411863+1558122,4860.79,2.954,3.203,0.004,-0.145,0.001,0.07399999,0.00244949,-0.059,0.00244949,0.173,0.0033166248,,,0.059999995,0.00244949,0.102,0.00244949,-0.09900001,0.0014142137,0.191,0.0014142137,0.8706751083081398,0.10716870381122638,7.424635,,392.03406,1.0
2M08470383+1213279,4649.761,4.493,2.56,0.011,-0.473,0.001,0.10499999,0.0037416576,0.044,0.0037416576,0.19399998,0.0037416576,0.251,0.0014142137,0.030999988,0.0037416576,0.14999998,0.0037416576,-0.006000012,0.0014142137,-0.02000001,0.0014142137,0.7575712297538489,0.14243921521209463,5.722308,,194.63103,1.0
2M03331233+1523297,4235.472,0.804,2.16,0.004,0.005,0.001,0.0039999997,0.0017320508,-0.015,0.0017320508,0.221,0.0017320508,0.154,0.0014142137,0.015999999,0.0017320508,0.027000003,0.0017320508,-0.174,0.0014142137,0.146,0.0014142137,1.1785373684471314,0.10707951647809635,15.084724,,310.71573,1.0
2M08212745+1735316,4213.433,1.849,1.637,0.013,-0.57,0.002,0.08499998,0.0037416574,-0.086000025,0.0037416574,0.27199998,0.0041231057,0.267,0.0028284274,0.05699998,0.0037416574,0.10499999,0.0041231057,-0.013999999,0.0028284274,0.078999996,0.0028284274,1.1892995696576656,0.1061737353413431,15.463207,,153.89037,1.0
2M03392204+2212346,4105.027,0.409,1.716,0.004,-0.411,0.001,0.255,0.0017320508,0.09400001,0.0017320508,0.14700001,0.00244949,0.303,0.0014142137,0.14000002,0.0017320508,0.23200001,0.0017320508,-0.24599999,0.0014142137,0.08200002,0.0014142137,1.1879081698823146,0.10545004506714911,15.413745,,444.0721,1.0
2M13170788-0817179,4751.352,7.937,3.156,0.012,0.119,0.002,0.032999992,0.00489898,-0.075,0.00489898,0.24999999,0.0053851646,0.17999999,0.0028284274,0.060000002,0.00489898,-0.009000003,0.00489898,-0.14500001,0.0028284274,0.14599998,0.0028284274,0.8263835605631884,0.12780034265037954,6.704764999999999,,114.62897,1.0
2M08381286+1840267,4661.917,2.002,2.922,0.003,-0.015,0.001,0.019,0.0017320508,-0.041,0.0017320508,0.182,0.00244949,0.204,0.0014142137,0.011,0.0017320508,-0.008,0.0017320508,-0.183,0.0014142137,0.0029999996,0.0014142137,0.8971423901556345,0.12754731327863486,7.891188,,380.06973,1.0
2M13491702-1208282,4816.553,3.752,2.974,0.007,-0.54,0.002,0.30600002,0.0034641016,0.07000002,0.00489898,0.076000035,0.0057445625,0.39500004,0.0022360682,0.23000002,0.0034641016,0.43800002,0.0034641016,-0.44799995,0.0028284274,0.086000025,0.0028284274,1.0855770039215733,0.12058550928749522,12.178029,,284.124,1.0
2M13173498-1241382,4794.276,7.006,3.045,0.011,-0.207,0.002,0.113000005,0.00489898,-0.0029999912,0.0053851646,0.05600001,0.006,0.225,0.0028284274,0.088,0.00489898,0.089,0.00489898,-0.37799996,0.0028284274,0.215,0.0028284274,0.5467366954739358,0.11232985381342366,3.5215730000000005,,149.1115,1.0
2M09041428+2008579,4814.519,7.033,3.231,0.009,-0.076,0.002,0.081999995,0.0041231057,-0.019000001,0.0041231057,0.091,0.0046904157,,,0.053999998,0.0041231057,0.022999998,0.0041231057,-0.137,0.0028284274,0.183,0.0028284274,1.191850666503519,0.0776058646363517,15.554307,,149.29817,1.0
2M23000095-0617009,4734.439,2.269,3.181,0.003,0.075,0.001,0.051,0.0017320508,-0.032,0.0017320508,0.17799999,0.00244949,0.244,0.0014142137,0.026999995,0.0017320508,0.019999996,0.0017320508,-0.119,0.0014142137,0.268,0.0014142137,1.0733899949080754,0.10993947356326683,11.841044,,387.58508,1.0
2M04590954+1744417,4058.372,0.704,1.742,0.006,-0.275,0.001,0.275,0.00244949,0.082,0.00244949,0.103,0.003,0.31800002,0.0014142137,0.147,0.00244949,0.24900001,0.00244949,-0.032000005,0.0014142137,0.024000019,0.0014142137,1.1415557784870383,0.14383910713655984,13.853381,,226.64221,1.0
2M04081728+2054335,4586.378,1.988,2.535,0.005,-0.147,0.001,0.015000001,0.0017320508,-0.096,0.0017320508,0.231,0.00244949,0.192,0.0014142137,0.038999997,0.0017320508,0.038999997,0.0017320508,0.060000002,0.0014142137,-0.076000005,0.0014142137,0.43377879165605215,0.0982896112949622,2.715056,,335.2363,1.0
2M08490674+1129529,4526.201,0.537,2.63,0.001,-0.075,0.001,0.052,,-0.0059999973,,0.179,,0.21100001,0.0014142137,0.029000003,,0.063,,-0.077999994,0.0014142137,0.013000004,0.0014142137,1.08451271973734,0.10201608311205121,12.148222,,946.45416,1.0
2M08490674+1129529,4526.201,0.537,2.63,0.001,-0.075,0.001,0.052,,-0.0059999973,,0.179,,0.21100001,0.0014142137,0.029000003,,0.063,,-0.077999994,0.0014142137,0.013000004,0.0014142137,1.08451271973734,0.10201608311205121,12.148222,,946.45416,1.0
2M08530795+1139559,4758.246,4.916,2.86,0.009,-0.258,0.001,0.08199999,0.0037416576,-0.103000015,0.0037416576,0.285,0.0037416576,0.28399998,0.0014142137,0.07999998,0.0037416576,0.04899998,0.0037416576,-0.09800002,0.0014142137,0.047999993,0.0014142137,0.9632177250480459,0.1226661639276498,9.187931,,196.14017,1.0
2M08530795+1139559,4758.246,4.916,2.86,0.009,-0.258,0.001,0.08199999,0.0037416576,-0.103000015,0.0037416576,0.285,0.0037416576,0.28399998,0.0014142137,0.07999998,0.0037416576,0.04899998,0.0037416576,-0.09800002,0.0014142137,0.047999993,0.0014142137,0.9632177250480459,0.1226661639276498,9.187931,,196.14017,1.0
2M08532742+1111047,5019.735,2.128,3.191,0.003,-0.375,0.001,0.074,0.00244949,-0.07800001,0.004242641,0.196,0.004242641,0.228,0.0014142137,0.08899999,0.00244949,0.151,0.00244949,-0.12099999,0.0014142137,-0.013000011,0.0014142137,0.2335270979689461,0.0737548153158286,1.7120919999999995,,718.4394,1.0
2M19171114-2846555,4661.054,1.811,2.593,0.004,-0.133,0.001,0.0059999973,0.0017320508,-0.12699999,0.0017320508,0.193,0.00244949,0.164,0.0014142137,0.026,0.0017320508,0.001000002,0.0017320508,0.112,0.0014142137,0.23,0.0014142137,0.2308071942395996,0.14348628913144412,1.7014029999999998,,410.64505,1.0
2M08254389+2250429,4974.416,1.342,3.29,0.002,-0.149,0.001,0.019000009,0.00244949,-0.019999996,0.00244949,0.179,0.0033166248,0.163,0.0014142137,0.072000004,0.00244949,0.035000004,0.00244949,-0.070999995,0.0014142137,0.108,0.0014142137,1.2690744357214705,0.025129729938578507,18.581229,,972.3806,1.0
2M04545696+2435356,4555.573,1.881,2.7,0.004,0.138,0.001,-0.037999995,0.0017320508,-0.09199999,0.0017320508,0.333,0.0017320508,0.13400002,0.0014142137,0.0069999993,0.0017320508,-0.077999994,0.0017320508,-0.14999999,0.0014142137,0.13000001,0.0014142137,0.5807818971030412,0.1325224483988586,3.808745,,308.04782,1.0
2M16130944-2729049,4618.522,6.168,2.739,0.013,-0.188,0.002,0.11799999,0.00489898,0.029,0.00489898,0.051999986,0.006,0.22299999,0.0028284274,0.081999995,0.00489898,0.141,0.00489898,0.013999999,0.0028284274,0.032999992,0.0028284274,0.4765577541262387,0.1333073486535493,2.99611,,119.35473,1.0
2M08492491+1144057,4828.181,0.641,3.198,0.001,0.047,0.001,0.008000001,,-0.105,,0.31800002,,0.178,0.0014142137,0.011,,0.009000003,,-0.092,0.0014142137,0.141,0.0014142137,0.5583009582971471,0.10353731830642351,3.616604,,1480.9728,1.0
2M08492491+1144057,4828.181,0.641,3.198,0.001,0.047,0.001,0.008000001,,-0.105,,0.31800002,,0.178,0.0014142137,0.011,,0.009000003,,-0.092,0.0014142137,0.141,0.0014142137,0.5583009582971471,0.10353731830642351,3.616604,,1480.9728,1.0
2M08181066+1427548,4438.975,2.878,2.12,0.01,-0.496,0.001,0.08499998,0.0033166248,-0.04100001,0.0033166248,0.21899998,0.0037416576,0.302,0.0014142137,0.07999998,0.0033166248,0.13299999,0.0037416576,-0.065999985,0.0014142137,-0.48000002,0.0022360682,1.1496782364015194,0.12749239104432383,14.114914,,192.5744,1.0
2M08322722+1100245,4126.272,0.277,2.062,0.002,-0.001,0.001,0.126,0.0017320508,0.088,0.0017320508,0.189,0.0017320508,,,0.053,,0.118,0.0017320508,-0.055000003,0.0014142137,-0.25100002,0.0014142137,1.1830864045235174,0.10675369914101601,15.24356,,677.69354,1.0
2M23412172-0822495,4818.968,11.455,2.952,0.02,-0.518,0.003,0.236,0.00781025,-0.02700001,0.012041595,0.004000008,0.013747727,0.328,0.004242641,0.192,0.00781025,0.34600002,0.00781025,0.11900002,0.004242641,-0.32,0.004242641,0.3706855148701197,0.08013510911499831,2.347932,,104.42975,1.0
2M04150657+2350118,4935.721,5.246,2.994,0.008,-0.344,0.002,0.0069999993,0.0034641016,-0.075999975,0.0041231057,0.16300002,0.00489898,0.16200002,0.0028284274,0.043000013,0.0034641016,0.025000006,0.0034641016,0.11400001,0.0028284274,0.45200002,0.0022360682,0.44379617709942576,0.13172590091749178,2.778409,,252.28146,1.0
2M08505440+1625401,4705.13,5.923,3.245,0.008,0.079,0.002,0.118999995,0.0037416574,0.12599999,0.0037416574,0.15799999,0.0041231057,0.241,0.0028284274,0.059999995,0.0037416574,0.083,0.0037416574,-0.563,0.0028284274,0.174,0.0028284274,0.6195469105374407,0.08275175569230074,4.164347,,125.5227,1.0
2M08513465+1637403,4252.896,0.889,2.163,0.004,-0.089,0.001,0.027000003,0.0017320508,0.012000002,0.0017320508,0.171,0.0017320508,,,,,0.034,0.0017320508,-0.17999999,0.0014142137,0.088,0.0014142137,0.15967094233351606,0.010595577201642808,1.444345,,308.04715,1.0
2M13335599-1355495,4591.122,2.555,2.932,0.005,0.176,0.001,-0.03999999,0.00244949,-0.017999992,0.00244949,0.28,0.00244949,0.17300001,0.0014142137,0.004000008,0.00244949,-0.018999994,0.00244949,-0.159,0.0014142137,0.18900001,0.0014142137,1.0070161993320768,0.12693578456183446,10.162866,,240.11801,1.0
2M23442163-1008498,4412.427,1.148,1.93,0.005,-0.869,0.002,0.292,0.0030000003,0.02000004,0.0037416574,0.15100002,0.0045825755,0.41200003,0.0022360682,0.18300003,0.0030000003,0.31600004,0.0030000003,-0.14500004,0.0028284274,-0.22299999,0.0028284274,1.1521387010975659,0.12550410790450053,14.195108,,428.02414,1.0
2M23442163-1008498,4412.427,1.148,1.93,0.005,-0.869,0.002,0.292,0.0030000003,0.02000004,0.0037416574,0.15100002,0.0045825755,0.41200003,0.0022360682,0.18300003,0.0030000003,0.31600004,0.0030000003,-0.14500004,0.0028284274,-0.22299999,0.0028284274,1.1521387010975659,0.12550410790450053,14.195108,,428.02414,1.0
2M08470383+1213279,4649.761,4.493,2.56,0.011,-0.473,0.001,0.10499999,0.0037416576,0.044,0.0037416576,0.19399998,0.0037416576,0.251,0.0014142137,0.030999988,0.0037416576,0.14999998,0.0037416576,-0.006000012,0.0014142137,-0.02000001,0.0014142137,0.9176244909910205,0.12410101270672823,8.272266,,194.63103,1.0
2M13334430-0125292,4868.777,1.408,3.011,0.002,-0.343,0.001,0.102,0.00244949,-0.025999993,0.0033166248,0.15599999,0.0033166248,0.295,0.0014142137,0.065999985,0.00244949,0.04699999,0.00244949,-0.311,0.0022360682,-0.08200002,0.0014142137,0.6194972662621321,0.11544059322140636,4.163871,,861.4838,1.0
2M16580091-2742427,4649.744,2.236,2.975,0.004,-0.228,0.001,0.262,0.0017320508,0.102,0.00244949,0.109,0.0033166248,0.37,0.0014142137,0.179,0.0017320508,0.178,0.0017320508,-0.073999986,0.0014142137,0.024000004,0.0014142137,1.083435069602039,0.11601593195922885,12.118115,,336.5132,1.0
2M13285899-1023020,4763.971,3.867,2.952,0.007,-0.212,0.001,0.063999996,0.003,-0.003000006,0.003,0.110999994,0.003,0.275,0.0014142137,0.083000004,0.003,0.004999995,0.00244949,-0.18100001,0.0014142137,-0.032000005,0.0014142137,0.9343881466381951,0.12586495202386203,8.597816,,248.51248,1.0
2M09070868+1443589,4707.771,5.824,3.233,0.008,0.24,0.002,0.029,0.0037416574,-0.008999988,0.0037416574,0.374,0.0041231057,0.2,0.0028284274,0.024999991,0.0037416574,-0.008999988,0.0037416574,-0.431,0.0028284274,0.165,0.0028284274,0.36882964619580383,0.049738450846053446,2.33792,,128.3254,1.0
2M08310308+1050513,4675.483,3.475,3.288,0.005,0.352,0.001,-0.013000011,0.00244949,0.0,0.00244949,0.29799998,0.003,0.185,0.0014142137,0.04100001,0.00244949,-0.058999985,0.00244949,-0.395,0.0014142137,0.36699998,0.0014142137,0.7000866153644205,0.09457166257154553,5.012872,,184.95891,1.0
2M08142334+1318303,4643.992,5.971,3.107,0.011,,,,,,,,,,,,,,,,,,,0.9474439664103204,0.11397755501813012,8.860209,,115.76622,1.0
2M13545005-1113072,4873.143,5.044,3.413,0.006,0.05,0.001,0.015999999,0.00244949,-0.006000001,0.003,0.161,0.003,0.164,0.0014142137,0.057,0.00244949,0.02,0.00244949,-0.015999999,0.0014142137,0.104,0.0014142137,0.5058746451761376,0.10506562931138344,3.205344,,212.90472,1.0
2M08415813+1257200,4939.201,3.258,3.156,0.005,-0.441,0.001,0.09500003,0.003,0.08900002,0.0037416576,0.079000026,0.004582576,0.263,0.0014142137,0.086000025,0.003,0.17900002,0.003,-0.6240001,0.0022360682,-0.072,0.0022360682,0.6346216415194833,0.12484944062101805,4.311433,,437.95053,1.0
2M16250778-2453592,4654.244,6.122,2.516,0.014,-0.202,0.002,0.244,0.00489898,0.011000007,0.00489898,0.363,0.0053851646,0.453,0.0028284274,0.113000005,0.00489898,0.22700001,0.00489898,-0.216,0.0028284274,-0.46599996,0.0028284274,0.4817057054622085,0.13945775387757633,3.031836,,115.40149,1.0
2M04024423+1932307,4978.662,6.215,3.463,0.008,-0.244,0.001,0.081,0.0037416576,0.008000001,0.0050990195,-0.017000005,0.0050990195,0.207,0.0014142137,0.069000006,0.0037416576,0.11,0.0037416576,-0.054000005,0.0014142137,-0.11400001,0.0014142137,1.057663936234939,0.10966982971385222,11.419943,,205.83835,1.0
2M10470719+1009102,4373.016,2.061,2.112,0.009,-0.556,0.001,0.29999998,0.003,0.09200001,0.003,0.08899999,0.0037416576,0.44,0.0014142137,0.167,0.00244949,0.283,0.003,-0.171,0.0014142137,-0.10500002,0.0014142137,1.1954116684194946,0.09307554738790466,15.682369,,194.93468,1.0
2M16565676-2140538,4689.306,6.749,2.163,0.017,-0.656,0.002,0.29500002,0.0053851646,0.08100003,0.006,0.15900001,0.007483315,0.48800004,0.0028284274,0.15000004,0.0053851646,0.48700002,0.0053851646,-0.10399997,0.0028284274,0.036000013,0.0028284274,1.0919504048680901,0.12948491793236533,12.358063,,133.45901,1.0
2M03500001+2036083,4948.985,4.298,3.136,0.006,-0.154,0.001,0.029,0.003,-0.089,0.003,0.163,0.0037416576,0.176,0.0014142137,0.095,0.003,-0.002000004,0.003,-0.56600004,0.0014142137,0.175,0.0014142137,1.0646543507643809,0.11116615949801838,11.605246,,280.4518,1.0
2M04175519+2313404,4368.098,2.685,2.147,0.012,-0.439,0.002,0.25800002,0.0041231057,0.078999996,0.0041231057,0.162,0.0046904157,0.38300002,0.0028284274,0.17400002,0.0037416574,0.25800002,0.0041231057,-0.24400002,0.0028284274,-0.28100002,0.0028284274,1.1678638472616139,0.1102020060646256,14.71851,,148.07182,1.0
2M01023517+0930533,4746.865,2.211,3.041,0.003,0.007,0.001,-0.019000001,0.0017320508,-0.032,0.0017320508,0.213,0.00244949,0.12100001,0.0014142137,0.007999999,0.0017320508,-0.005,0.0017320508,-0.383,0.0014142137,0.25,0.0014142137,0.7783527162867709,0.11948104068841045,6.002783999999999,,403.74863,1.0
2M08443917+1133391,4913.164,4.041,3.457,0.005,0.102,0.001,0.015000001,0.00244949,-0.058,0.003,0.15799999,0.003,0.134,0.0014142137,0.046000004,0.00244949,-0.033999994,0.00244949,-0.224,0.0014142137,0.169,0.0014142137,0.3602038126438304,0.08646606990528266,2.291943,,256.6685,1.0
2M08413360+2209357,4695.716,3.151,3.205,0.005,0.058,0.001,0.139,0.00244949,0.032000005,0.00244949,0.169,0.003,0.296,0.0014142137,0.100999996,0.00244949,0.082,0.00244949,-0.237,0.0014142137,0.075,0.0014142137,1.0017433156286293,0.11859662567589069,10.040222,,231.60947,1.0
2M08372554+1014469,4859.958,6.998,3.115,0.01,-0.159,0.002,0.008999988,0.0041231057,-0.048000008,0.0046904157,0.14,0.0046904157,0.184,0.0028284274,0.03599999,0.0041231057,0.0009999871,0.0041231057,-0.054000005,0.0028284274,0.08399999,0.0028284274,0.5533094521201091,0.11212092611842793,3.575275,,150.49469,1.0
2M22153725-1730124,4848.21,1.768,3.314,0.002,-0.243,0.001,0.122,0.00244949,0.018000007,0.0033166248,0.015000001,0.0033166248,0.28,0.0014142137,0.091000006,0.00244949,0.067,0.00244949,-0.257,0.0014142137,0.031000003,0.0014142137,0.7686452777751587,0.11088812396668211,5.870097,,630.9116,1.0
2M01330737+0639586,4702.658,1.346,3.007,0.002,-0.482,0.002,0.24499999,0.0030000003,0.02699998,0.0045825755,-0.01999998,0.0054772254,0.384,0.0022360682,0.199,0.0030000003,0.24499999,0.0030000003,-0.69799995,0.0028284274,0.09900001,0.0022360682,0.7115555182989184,0.0675165923886856,5.147016000000001,,658.6692,1.0
2M13290367-0231194,4945.781,4.464,3.272,0.006,-0.247,0.001,0.06799999,0.003,-0.003000006,0.0037416576,0.152,0.0037416576,0.227,0.0014142137,0.073,0.003,0.100999996,0.003,0.036,0.0014142137,-0.036,0.0014142137,0.6013651074040541,0.11500780109455422,3.993605,,287.9819,1.0
2M04155219+2443239,4527.568,1.752,2.017,0.005,-0.285,0.001,0.023999989,0.0017320508,0.173,0.0017320508,0.41,0.0017320508,0.16999999,0.0014142137,0.06099999,0.0017320508,-0.03400001,0.0017320508,1.231,0.0014142137,-2.102,0.0022360682,0.06683150016546636,0.13571439586409326,1.166357,,320.75812,1.0
2M04242598+1830108,4792.522,4.325,3.271,0.006,0.09,0.001,0.011,0.00244949,-0.033000004,0.00244949,0.23499998,0.003,0.156,0.0014142137,0.054999992,0.00244949,-0.020000003,0.00244949,-0.24800001,0.0014142137,0.351,0.0014142137,0.3995524135319426,0.06646994529043904,2.509299,,209.59784,1.0
2M16261658-2845504,4166.565,2.146,1.649,0.02,-0.699,0.003,0.267,0.0065574385,-0.018000007,0.0065574385,0.16600001,0.009110434,0.421,0.0036055513,0.17699999,0.0065574385,0.266,0.0065574385,-0.088,0.004242641,-0.33099997,0.004242641,1.2348337273693357,0.0661294443180629,17.172507999999997,,102.71814,1.0
2M08363884+1416447,4268.473,0.553,2.12,0.003,-0.231,0.001,0.021000013,0.0017320508,-0.004999995,0.0017320508,0.209,0.0017320508,,,-0.013999999,0.0017320508,0.037,0.0017320508,-0.0009999871,0.0014142137,-0.076000005,0.0014142137,1.202265745417519,0.08902574107390067,15.931833,,509.99786,1.0
2M23021866-0610311,4458.206,1.681,2.205,0.005,-0.381,0.001,0.100000024,0.0017320508,0.08500001,0.0017320508,0.118,0.00244949,0.312,0.0014142137,0.08700001,0.0017320508,0.09800002,0.0017320508,0.23000002,0.0014142137,-0.363,0.0014142137,1.1135044263368579,0.13788839467144276,12.986868,,317.83585,1.0
2M23320094-0328182,4545.09,1.441,2.757,0.003,-0.012,0.001,0.041,0.0017320508,0.018,0.0017320508,0.18699999,0.0017320508,0.152,0.0014142137,0.025,0.0017320508,0.014,0.0017320508,-0.23200001,0.0014142137,0.191,0.0014142137,1.0650835216012409,0.13010913816856562,11.61672,,363.54022,1.0
2M10580768+1000358,4560.153,1.884,2.737,0.004,0.004,0.001,-0.025,0.0017320508,-0.072000004,0.0017320508,0.216,0.00244949,0.222,0.0014142137,-0.01,0.0017320508,-0.016,0.0017320508,-0.129,0.0014142137,0.076,0.0014142137,0.9586391257475142,0.11638981768862151,9.091575,,303.88235,1.0
2M16542374-2751139,4782.22,4.915,3.112,0.007,0.148,0.001,-0.034,0.00244949,-0.059,0.00244949,0.24199998,0.003,0.141,0.0014142137,0.024000004,0.00244949,-0.015000001,0.00244949,-0.339,0.0014142137,0.16999999,0.0014142137,0.23721412231169195,0.06798272370945091,1.726689,,169.33176,1.0
2M19185397-2836099,4105.234,0.576,1.9,0.003,-0.095,0.001,0.051999997,0.0017320508,0.042999998,0.0017320508,0.126,0.0017320508,0.122999996,0.0014142137,0.012000002,,0.038999997,0.0017320508,-0.098000005,0.0014142137,-0.06300001,0.0014142137,1.2406129900475733,0.05764248429215736,17.402554000000002,,402.82135,1.0
2M04231717+1740104,4885.787,3.418,3.249,0.004,0.02,0.001,0.038,0.00244949,-0.119,0.003,0.32299998,0.003,0.19600001,0.0014142137,0.019000001,0.00244949,0.04,0.00244949,-0.374,0.0014142137,0.161,0.0014142137,1.2191476808453192,0.06394633610699205,16.563330999999998,,319.7466,1.0
2M04251959+1818550,4667.066,1.276,2.602,0.003,-0.105,0.001,0.016999997,0.0017320508,-0.02300001,0.0017320508,0.145,0.00244949,,,0.029999994,0.0017320508,0.013999999,0.0017320508,-0.010000005,0.0014142137,0.301,0.0014142137,0.913662935313868,0.10233830873709637,8.197151,,610.53864,1.0
2M08280737+2225575,4670.401,4.36,2.55,0.01,-0.404,0.001,0.08200002,0.0037416576,-0.029999971,0.0037416576,0.19300002,0.0037416576,0.23300001,0.0014142137,0.055000007,0.0037416576,0.15700002,0.0037416576,-0.18200001,0.0014142137,0.002000004,0.0014142137,1.1986684664202434,0.09183167703583504,15.800414000000002,,190.02824,1.0
2M17323660-1721148,4241.142,1.166,1.648,0.007,-0.554,0.001,0.28100002,0.00244949,0.19500002,0.00244949,0.45200002,0.00244949,0.34800002,0.0014142137,0.16100001,0.00244949,0.22600001,0.00244949,0.89100003,0.0014142137,-0.78400004,0.0014142137,0.33826360808993416,0.1401613534669409,2.179032,,252.05476,1.0
2M00385301+0737127,4872.116,3.63,3.3,0.005,-0.354,0.001,0.161,0.003,0.023999989,0.0037416576,0.01699999,0.004582576,0.213,0.0014142137,0.09799999,0.003,0.171,0.003,-0.11399999,0.0014142137,0.07699999,0.0014142137,0.9990291795750808,0.11240945993031351,9.977671,,322.70282,1.0
2M19182743-2857464,4219.146,2.379,1.531,0.013,-0.651,0.002,0.35000002,0.0037416574,0.29600003,0.0037416574,0.31000003,0.0041231057,0.40500003,0.0028284274,0.21900001,0.0037416574,0.277,0.0037416574,1.207,0.0022360682,-1.849,0.0028284274,1.2715301498644134,0.025788233150249463,18.686594,,117.44223,1.0
2M22381607-0453566,4923.295,8.923,2.84,0.016,-0.918,0.002,0.28999996,0.0067082043,0.004000008,0.017832555,-0.11100006,0.022649504,0.31299996,0.0028284274,0.26099998,0.0067082043,0.51199996,0.0061644143,0.05399996,0.0028284274,-0.013000011,0.0028284274,1.008685106347399,0.12466592679956372,10.201995,,190.43034,1.0
2M17322160-1706517,4197.595,1.649,2.237,0.007,0.127,0.001,0.016000003,0.0033166248,0.066,0.0033166248,0.294,0.0037416576,0.12099999,0.0014142137,-0.015000001,0.0033166248,0.040999994,0.0033166248,-0.209,0.0014142137,-0.102000006,0.0014142137,1.2878227277846648,0.007366442330097337,19.400938,,146.72083,1.0
2M05112572+1720285,4578.896,2.537,2.718,0.005,-0.075,0.001,0.015000004,0.00244949,-0.027999997,0.00244949,0.221,0.003,0.163,0.0014142137,0.032,0.00244949,0.017000005,0.00244949,-0.146,0.0014142137,0.212,0.0014142137,0.6556739585557427,0.13210950021607246,4.525576999999999,,242.40787,1.0
2M03453681+1611380,3933.914,0.215,1.322,0.002,-0.525,0.001,0.27199998,0.0017320508,0.116999984,0.0017320508,0.15799996,0.00244949,0.32599998,0.0014142137,0.15399998,0.0017320508,0.25899997,0.0017320508,-0.13600004,0.0014142137,0.047999978,0.0014142137,1.170077335860335,0.12553968394171267,14.793718,,718.8601,1.0
2M08450881+1125451,4835.049,4.784,3.195,0.007,-0.268,0.001,0.183,0.003,0.030000001,0.0037416576,0.04200001,0.004582576,0.29500002,0.0014142137,0.134,0.003,0.286,0.003,-0.33499998,0.0022360682,0.141,0.0014142137,0.5279464209735117,0.08508977251548654,3.372457,,215.0605,1.0
2M12360769-0938321,4463.521,4.049,1.746,0.017,-1.059,0.002,0.29000002,0.0053851646,-0.21299994,0.009165152,0.143,0.0137477275,0.19,0.0028284274,0.25200003,0.0053851646,0.35300004,0.0053851646,0.05700004,0.0028284274,-0.039000034,0.0028284274,1.2637138322886852,0.032769922145009435,18.353286,,158.90134,1.0
2M05012196+2224158,5049.9,15.434,3.426,0.018,-0.253,0.003,0.025999993,0.00781025,-0.085999995,0.0096953595,0.19999999,0.010440307,0.227,0.004242641,0.09199999,0.00781025,0.322,0.00781025,0.204,0.004242641,0.365,0.004242641,1.2029180395803498,0.07141041820573014,15.95578,,105.18982,1.0
2M15580490-2156543,4239.258,1.585,1.862,0.012,-0.651,0.002,0.314,0.0041231057,0.096000016,0.0041231057,0.089000046,0.0053851646,0.41300002,0.0028284274,0.15900001,0.0037416574,0.291,0.0041231057,-0.38300002,0.0028284274,-0.044999957,0.0028284274,1.1168737508840552,0.14396826765476062,13.088014,,167.83781,1.0
2M22105163-0645561,4086.121,0.647,1.933,0.005,-0.114,0.001,0.237,0.0017320508,0.129,0.0017320508,0.213,0.00244949,0.334,0.0014142137,0.117,0.0017320508,0.211,0.0017320508,-0.12599999,0.0014142137,0.068,0.0014142137,1.275709156535928,0.021360523843489618,18.867274,,251.46579,1.0
2M03592186+2419118,4959.186,4.157,3.177,0.006,-0.36,0.001,0.06800002,0.003,-0.0119999945,0.0037416576,0.15900001,0.004582576,0.22000001,0.0014142137,0.058000028,0.003,0.09200001,0.003,-0.72599995,0.0022360682,0.118000016,0.0014142137,0.3872890725718541,0.09740449972437458,2.439434,,336.59174,1.0
2M10190960+0716395,5016.193,9.265,3.319,0.012,-0.276,0.002,0.06299999,0.0053851646,-0.08500001,0.007483315,0.073,0.007483315,0.27899998,0.0028284274,0.04699999,0.0053851646,-0.037,0.0053851646,-0.0010000169,0.0028284274,-0.072,0.0028284274,-0.3389894653159717,0.06227959165502693,0.458153,,162.29819,1.0
2M10190960+0716395,5016.193,9.265,3.319,0.012,-0.276,0.002,0.06299999,0.0053851646,-0.08500001,0.007483315,0.073,0.007483315,0.27899998,0.0028284274,0.04699999,0.0053851646,-0.037,0.0053851646,-0.0010000169,0.0028284274,-0.072,0.0028284274,-0.3389894653159717,0.06227959165502693,0.458153,,162.29819,1.0
2M08175695+1256030,4179.081,0.958,1.914,0.007,-0.108,0.001,0.04,0.00244949,-0.047,0.00244949,0.103,0.003,0.156,0.0014142137,-0.007999994,0.00244949,0.063,0.00244949,0.0050000027,0.0014142137,0.087000005,0.0014142137,1.1453189985047192,0.13623921288025542,13.973944,,226.65361,1.0
2M23100997-0813179,4856.537,2.305,3.179,0.003,0.011,0.001,0.01,0.0017320508,-0.127,0.00244949,0.29799998,0.00244949,0.181,0.0014142137,0.051,0.0017320508,-0.013,0.0017320508,-0.063,0.0014142137,0.036,0.0014142137,0.465147941700168,0.10221524173294423,2.918421,,461.7387,1.0
2M04193106+1358335,4617.531,2.772,2.791,0.005,-0.254,0.001,0.047000006,0.00244949,0.029000014,0.00244949,0.142,0.003,0.134,0.0014142137,0.013000011,0.00244949,0.061000004,0.00244949,-0.041999996,0.0014142137,0.08400001,0.0014142137,1.2100906360674564,0.07266490677267652,16.221486,,268.7788,1.0
2M08424236+1342390,4632.922,6.275,1.839,0.017,-1.146,0.002,0.148,0.006,-0.34899998,0.017578395,-0.14399993,0.027367864,-0.08700001,0.0028284274,0.259,0.006,0.49100006,0.006,-0.06099999,0.0028284274,0.27400005,0.0028284274,1.1425800382761429,0.1271822619915179,13.886092,,183.82977,1.0
2M13355333-1349461,4252.178,0.444,2.249,0.002,0.072,0.001,0.068,0.0017320508,-0.015999995,0.0017320508,0.257,0.0017320508,0.15100001,0.0014142137,0.033,0.0017320508,0.052,0.0017320508,0.081,0.0014142137,-0.124,0.0014142137,0.16898924827113807,0.006716294545199165,1.47567,,563.22034,1.0
2M16161126-2748338,4190.017,0.846,2.237,0.004,0.072,0.001,0.112,0.00244949,0.088,0.00244949,0.25800002,0.00244949,0.215,0.0014142137,0.040000007,,0.097,0.00244949,-0.181,0.0014142137,-0.0019999966,0.0014142137,1.2362794800947183,0.06188708403011262,17.229770000000002,,258.10895,1.0
2M04035872+1945354,4746.482,5.419,2.943,0.01,-0.371,0.002,0.152,0.0041231057,0.020999998,0.0046904157,0.072,0.0046904157,0.259,0.0022360682,0.09899998,0.0041231057,0.16499999,0.0041231057,0.06099999,0.0028284274,0.035999984,0.0028284274,1.013878829517205,0.11821622734135032,10.324733,,174.6971,1.0
2M16161278-2555175,4128.122,1.749,2.049,0.011,-0.081,0.002,0.205,0.0045825755,0.168,0.0045825755,0.249,0.0053851646,0.337,0.0028284274,0.09,0.0045825755,0.222,0.0045825755,0.082,0.0028284274,-0.083000004,0.0028284274,1.2200593972365332,0.0768926750486755,16.598139,,107.12787,1.0
2M23345661-0221252,4466.649,1.214,2.46,0.004,-0.205,0.001,0.105,0.0017320508,0.015000001,0.0017320508,0.103999995,0.00244949,0.26,0.0014142137,0.076000005,0.0017320508,0.107999995,0.0017320508,-0.17799999,0.0014142137,-0.088000014,0.0014142137,1.2303228299421642,0.06370344833598572,16.995065,,391.77365,1.0
2M05014355+2142008,4039.022,0.478,1.738,0.003,-0.159,0.001,0.017999992,0.0017320508,-0.09,0.0017320508,0.271,0.0017320508,0.07999999,0.0014142137,-0.030000001,0.0017320508,0.012999997,0.0017320508,0.14999999,0.0014142137,-0.156,0.0014142137,1.2121791848710393,0.08336636033952334,16.299684,,407.35474,1.0
2M19040092-2102512,4510.1,3.261,2.923,0.006,0.313,0.001,0.0069999993,0.0033166248,0.027999997,0.0033166248,0.331,0.0037416576,0.15,0.0014142137,0.006000012,0.0033166248,-0.0119999945,0.0033166248,-0.47899997,0.0022360682,0.367,0.0014142137,1.0152435367422168,0.03383904331905191,10.357228,,134.12498,1.0
2M08415255+2239270,4937.211,5.826,3.231,0.008,-0.049,0.001,0.007999998,0.0037416576,-0.097,0.0037416576,0.243,0.0037416576,0.162,0.0014142137,0.04,0.0037416576,0.011,0.0037416576,-0.39000002,0.0014142137,0.004999999,0.0014142137,0.3867550078733182,0.08827532358889545,2.436436,,198.18672,1.0
2M05034959+2122150,3993.063,0.615,1.443,0.005,-0.406,0.001,0.109999985,0.0017320508,-0.0069999993,0.0017320508,0.18499999,0.00244949,0.20699999,0.0014142137,0.030999988,0.0017320508,0.10499999,0.0017320508,-0.093000025,0.0014142137,-0.04000002,0.0014142137,1.1536006815012991,0.1377081465471103,14.242973999999998,,295.82727,1.0
2M18474391-2446379,4798.915,4.608,3.057,0.007,-0.017,0.001,0.011000001,0.00244949,-0.144,0.003,0.259,0.003,0.14400001,0.0014142137,0.043,0.00244949,0.020000001,0.00244949,0.09,0.0014142137,0.238,0.0014142137,0.4990023919304828,0.11146809386402405,3.155022,,210.77448,1.0
2M01004623+0000194,4258.15,1.905,1.02,0.012,-1.334,0.002,0.13999999,0.0046904157,-0.53700006,0.008774964,0.21899998,0.013490737,-0.08099997,0.0028284274,0.21500003,0.0046904157,0.21000004,0.0046904157,0.018999934,0.0028284274,-0.8460001,0.0036055513,1.1535129476169377,0.13196269698404417,14.240097,,228.19337,1.0
2M03291356+1731268,4820.988,4.033,3.182,0.006,,,,,,,,,,,,,,,,,,,0.21728701940911443,0.07397559286022508,1.649252,,233.02957,1.0
2M08115781+1904371,4897.661,5.654,2.976,0.009,-0.372,0.001,0.06800002,0.0037416576,-0.041999996,0.004358899,0.12400001,0.0050990195,0.20400001,0.0014142137,0.081,0.0037416576,0.141,0.0037416576,-0.47300002,0.0022360682,0.02000001,0.0014142137,0.7022772137725396,0.11979549847713794,5.038221,,226.84137,1.0
2M12380587-0038296,4419.734,1.194,2.404,0.004,-0.252,0.001,0.234,0.0017320508,0.076000005,0.0017320508,0.144,0.00244949,0.374,0.0014142137,,,0.207,0.0017320508,-0.22299999,0.0014142137,0.016000003,0.0014142137,1.0735444878085543,0.14327857880407688,11.845257,,324.2209,1.0
2M00425868+0149361,4775.184,1.809,3.251,0.002,0.109,0.001,0.018000007,0.0017320508,-0.018,0.0017320508,0.294,0.00244949,0.218,0.0014142137,0.026000008,0.0017320508,-0.009999998,0.0017320508,0.015000001,0.0014142137,0.178,0.0014142137,1.2605028193833125,0.03927915510949396,18.218089000000003,,480.46783,1.0
2M00425868+0149361,4775.184,1.809,3.251,0.002,0.109,0.001,0.018000007,0.0017320508,-0.018,0.0017320508,0.294,0.00244949,0.218,0.0014142137,0.026000008,0.0017320508,-0.009999998,0.0017320508,0.015000001,0.0014142137,0.178,0.0014142137,1.2605028193833125,0.03927915510949396,18.218089000000003,,480.46783,1.0
2M23030052-0246386,4590.782,1.547,2.935,0.003,0.173,0.001,-0.0019999892,0.0017320508,-0.110999994,0.0017320508,0.246,0.00244949,0.14400001,0.0014142137,-0.012999997,0.0017320508,-0.032999992,0.0017320508,-0.11799999,0.0014142137,0.00500001,0.0014142137,0.9051447060033263,0.12762257315780123,8.037939,,384.1789,1.0
2M13362619-1337150,4926.238,6.655,2.764,0.012,-0.947,0.002,0.29800004,0.0046904157,0.12400001,0.012529965,-0.19299996,0.021307277,0.42400002,0.0028284274,0.22900003,0.0046904157,0.35900003,0.0046904157,0.021000028,0.0028284274,0.17500001,0.0028284274,0.5441722625202522,0.10805984932465994,3.50084,,267.8676,1.0
2M04564665+2231006,4122.443,0.265,1.656,0.002,-0.164,0.001,-0.017999992,0.0017320508,-0.15599999,0.0017320508,0.29000002,0.0017320508,0.142,0.0014142137,0.031000003,0.0017320508,0.0,0.0017320508,0.25,0.0014142137,-0.277,0.0014142137,1.1547279337250598,0.131887045000259,14.279991,,765.8557,1.0
2M19190879-2920433,4606.444,2.121,3.024,0.004,0.029,0.001,0.068,0.00244949,-0.061,0.00244949,0.157,0.003,0.23799999,0.0014142137,0.052,0.00244949,0.04,0.00244949,0.037,0.0014142137,0.23200001,0.0014142137,0.702421230035487,0.10078704472647138,5.039892,,306.99326,1.0
2M22235463-1552009,4361.314,1.174,2.086,0.006,-0.508,0.001,0.26600003,0.0017320508,0.08100003,0.00244949,0.09,0.0033166248,0.397,0.0014142137,0.17900002,0.0017320508,0.24800003,0.0017320508,-0.102,0.0014142137,-0.05699998,0.0014142137,1.249462132577649,0.04877613529668976,17.760784,,336.65146,1.0
2M05011662+2110597,4493.207,4.541,2.272,0.016,-0.451,0.002,0.07100001,0.0053851646,-0.08900002,0.0053851646,0.15400001,0.006,0.27600002,0.0028284274,0.083000004,0.0053851646,0.13100001,0.0053851646,-0.17200002,0.0028284274,-0.22699997,0.0028284274,1.2142534154528177,0.07800134849243205,16.377719,,119.65148,1.0
2M04205444+1519524,4184.764,0.551,2.032,0.004,-0.238,0.001,0.21800001,0.0017320508,0.09200001,0.0017320508,0.156,0.00244949,0.314,0.0014142137,0.123,0.0017320508,0.201,0.0017320508,-0.23699999,0.0014142137,0.192,0.0014142137,1.1974287168853524,0.09552987950047445,15.755374,,367.90198,1.0
2M21570807-1220348,4185.542,3.23,1.023,0.024,-1.373,0.003,0.26200008,0.007071068,-0.34899998,0.010723806,0.24699998,0.017972201,0.027999997,0.004242641,0.25600004,0.007071068,0.25800002,0.007071068,-0.21399999,0.005,-0.873,0.005,1.2558202632889677,0.0407810440102166,18.022717,,103.17843,1.0
2M18501346-2508083,3899.415,0.68,1.207,0.009,-0.635,0.001,0.245,0.00244949,0.055000007,0.00244949,0.17899999,0.003,0.22399998,0.0014142137,0.15399998,0.00244949,0.23799998,0.00244949,-0.31,0.0014142137,0.188,0.0014142137,1.1617565069973437,0.13631637529820848,14.512977,,198.47087,1.0
2M17212446-2337397,4148.675,0.443,1.971,0.003,-0.311,0.001,0.255,0.0017320508,0.15299998,0.0017320508,0.16199999,0.00244949,,,0.16899998,0.0017320508,0.23699999,0.0017320508,-0.20200002,0.0014142137,0.05399999,0.0014142137,1.1747550819844137,0.11372221108145998,14.953921,,440.1044,1.0
2M08264374+2156077,4891.43,5.402,3.137,0.008,-0.103,0.001,0.0019999966,0.0037416576,-0.063999996,0.0037416576,0.224,0.0037416576,0.218,0.0014142137,0.027000003,0.0037416576,0.067,0.0037416576,-0.233,0.0014142137,-0.15300001,0.0014142137,0.4714278469087602,0.12123777070481195,2.960928,,204.78201,1.0
2M08525288+1721453,4165.991,1.255,1.858,0.011,-0.496,0.001,0.29,0.0033166248,0.125,0.0033166248,0.102999985,0.004358899,0.41399997,0.0014142137,0.146,0.0033166248,0.27499998,0.0033166248,-0.37199998,0.0022360682,-0.195,0.0022360682,1.2578287044348975,0.0405159364493057,18.106258,,163.98933,1.0
2M01113318-0022285,4851.475,6.093,3.267,0.008,-0.007,0.001,0.014,0.0037416576,-0.120000005,0.0037416576,0.203,0.004358899,0.189,0.0014142137,0.048,0.0037416576,0.01,0.0037416576,-0.222,0.0014142137,0.201,0.0014142137,0.3598624115558162,0.0659012390659119,2.290142,,166.81381,1.0
2M08181832+1325393,4908.895,3.032,3.175,0.004,-0.11,0.001,-0.019999996,0.0017320508,0.136,0.0017320508,0.246,0.00244949,0.122,0.0014142137,0.038999997,0.0017320508,-0.008000001,0.0017320508,0.837,0.0014142137,0.187,0.0014142137,1.1657638624762192,0.08969000189768149,14.647512,,343.763,1.0
2M08264772+1731265,4380.132,0.777,2.402,0.002,-0.029,0.001,0.046,0.0017320508,0.014999999,0.0017320508,0.203,0.0017320508,0.182,0.0014142137,0.02,0.0017320508,0.033,0.0017320508,-0.103,0.0014142137,-0.044,0.0014142137,1.180364614127195,0.10015371903310799,15.148325,,495.65482,1.0
2M23555014-0351242,4688.268,2.767,3.039,0.005,-0.218,0.001,0.24,0.00244949,0.114999995,0.003,0.139,0.003,0.319,0.0014142137,0.12799999,0.00244949,0.189,0.00244949,-0.194,0.0014142137,-0.17000002,0.0014142137,1.1586160580988272,0.09236549002275972,14.40841,,283.2451,1.0
2M08500058+1143578,5081.065,2.717,3.437,0.003,-0.327,0.001,0.072,0.00244949,-0.020999998,0.006164414,-0.109,0.006164414,0.196,0.0014142137,0.048999995,0.00244949,0.092999995,0.00244949,-0.37399998,0.0022360682,0.060000002,0.0014142137,0.18500242189563457,0.07643415641803228,1.531096,,588.20166,1.0
2M08500058+1143578,5081.065,2.717,3.437,0.003,-0.327,0.001,0.072,0.00244949,-0.020999998,0.006164414,-0.109,0.006164414,0.196,0.0014142137,0.048999995,0.00244949,0.092999995,0.00244949,-0.37399998,0.0022360682,0.060000002,0.0014142137,0.18500242189563457,0.07643415641803228,1.531096,,588.20166,1.0
2M03474512+1459056,4746.088,2.808,3.377,0.004,0.023,0.001,0.161,0.0017320508,0.111,0.0017320508,0.103,0.00244949,0.28,0.0014142137,0.085,0.0017320508,0.105000004,0.0017320508,-0.172,0.0014142137,0.138,0.0014142137,0.7941150764578395,0.11128781621478764,6.224652,,295.48544,1.0
2M16104581-2553540,4504.175,3.037,2.724,0.009,-0.044,0.001,0.081,0.0033166248,0.019,0.0033166248,0.16499999,0.0037416576,0.222,0.0014142137,-0.013,0.0033166248,0.074,0.0033166248,-0.008000001,0.0014142137,0.019,0.0014142137,1.0536727894484172,0.1328877268530822,11.315475,,158.72122,1.0
2M16350996-2011292,4850.668,1.332,3.081,0.002,0.103,0.001,-0.04,0.0017320508,-0.078,0.0017320508,0.31599998,0.00244949,0.163,0.0014142137,0.0,0.0017320508,-0.036,0.0017320508,-0.15,0.0014142137,0.416,0.0014142137,-0.05299195800634188,0.06556770572092888,0.8851319999999999,,697.894,1.0
2M16391937-2815597,4229.621,2.147,1.629,0.019,-0.788,0.002,0.31599998,0.0053851646,-0.028999984,0.0053851646,0.13499999,0.008306623,0.40699998,0.0028284274,0.195,0.0053851646,0.31899998,0.0053851646,-0.23100007,0.0036055513,-0.08700001,0.0028284274,1.1464652894665555,0.14031578796697694,14.010876,,119.52739,1.0
2M19185627-2824405,4261.769,1.589,2.1,0.008,-0.245,0.001,0.162,0.00244949,0.083000004,0.00244949,0.165,0.003,0.296,0.0014142137,0.089,0.00244949,0.16600001,0.00244949,-0.146,0.0014142137,-0.10699999,0.0014142137,1.1265163521954913,0.1371445625693261,13.381856,,176.45303,1.0
2M08381437+2510411,4921.426,8.607,3.17,0.012,-0.297,0.002,0.03399998,0.00489898,0.024999976,0.0053851646,0.11999999,0.006,,,0.054999992,0.00489898,0.078999996,0.00489898,-0.062000006,0.0028284274,0.09799999,0.0028284274,1.1800088810122054,0.0887220052071646,15.135922,,152.53636,1.0
2M00493904+0947336,4293.487,0.427,2.303,0.002,0.134,0.001,-0.030000001,,0.054999992,,0.265,0.0017320508,0.136,0.0014142137,-0.038000003,,0.0069999993,,-0.142,0.0014142137,0.19099998,0.0014142137,1.1171026174045928,0.14234490048167303,13.094913,,708.0669,1.0
2M08372399+1003303,3772.075,0.175,1.524,0.001,0.02,0.001,-0.003999999,,0.051000003,,0.088,,0.11600001,0.0014142137,-0.036,,0.032,,-0.121999994,0.0014142137,-0.31,0.0014142137,1.171722417766566,0.12646144056222616,14.849862,,998.24316,1.0
2M18473449-2544567,4749.074,5.227,2.918,0.008,0.044,0.001,-0.0009999983,0.0033166248,-0.102,0.0033166248,0.289,0.0037416576,0.188,0.0014142137,0.019000001,0.0033166248,-0.106,0.0033166248,-0.334,0.0014142137,0.441,0.0014142137,1.1917743791616193,0.09793376417019758,15.551575,,164.1795,1.0
2M22101642-1707269,4230.559,0.89,1.902,0.004,-0.526,0.001,0.27900004,0.0017320508,0.29800004,0.0017320508,0.36600003,0.0017320508,0.30200002,0.0014142137,0.16100001,,0.22700003,,-0.422,0.0014142137,-0.06099999,0.0014142137,1.1284170085095495,0.13541083262199996,13.440549,,368.81345,1.0
2M01130332+0603262,4732.025,4.005,2.993,0.007,-0.12,0.001,0.06299999,0.00244949,-0.044000007,0.003,0.099,0.003,0.266,0.0014142137,0.107999995,0.003,0.078999996,0.003,-0.596,0.0014142137,-0.15399998,0.0014142137,0.7033739292234835,0.11501070498800213,5.05096,,219.12009,1.0
2M08375575+2141243,4705.345,4.432,2.883,0.009,-0.447,0.002,0.23099999,0.0041231057,0.118,0.0046904157,0.05399999,0.0053851646,,,0.162,0.0041231057,0.292,0.0041231057,-0.02000001,0.0028284274,-0.14299998,0.0028284274,1.2212276467653391,0.06735275329630441,16.642848,,196.69061,1.0
2M13334678-1307553,4273.502,1.083,2.13,0.006,-0.338,0.001,0.26999998,0.00244949,0.127,0.00244949,0.151,0.003,0.38,0.0014142137,0.159,0.00244949,0.262,0.00244949,-0.19999999,0.0014142137,-0.146,0.0014142137,1.2113199344019012,0.08179237343905241,16.267467,,246.94116,1.0
2M08161695+1437370,5012.852,8.974,3.198,0.012,-0.232,0.002,0.032999992,0.0053851646,-0.074,0.006,0.121999994,0.0067082043,0.192,0.0028284274,0.027999997,0.0053851646,0.08299999,0.0053851646,-0.020999998,0.0028284274,0.132,0.0028284274,-0.012898416765503492,0.04268490782894679,0.970737,,160.82893,1.0
2M23225157+0023343,4793.229,3.818,3.003,0.006,-0.154,0.001,0.027999997,0.003,-0.056999996,0.003,0.157,0.003,0.207,0.0014142137,0.047,0.003,-0.004999995,0.00244949,-0.12500001,0.0014142137,-0.030000001,0.0014142137,0.32420629271532597,0.09587877793551593,2.10963,,266.60794,1.0
2M17425288-2902093,4261.432,0.379,1.938,0.002,-0.372,0.001,0.07700002,0.0017320508,0.008000016,0.0017320508,0.215,0.00244949,0.26,0.0014142137,0.023000002,0.0017320508,0.10700002,0.0017320508,-0.12899998,0.0014142137,-0.051,0.0014142137,1.1938304767527825,0.0980285371357633,15.625376,,754.7071,1.0
2M08135516+1358033,4994.277,7.748,3.124,0.012,-0.46,0.002,0.15100002,0.0046904157,-0.0119999945,0.0061644143,0.12600002,0.0061644143,0.282,0.0022360682,0.053000003,0.0046904157,0.185,0.0046904157,-0.29,0.0028284274,-0.281,0.0028284274,1.1944665807385328,0.08085264251113822,15.648279,,212.03055,1.0
2M08243986+1126440,4304.415,0.79,2.202,0.003,-0.12,0.001,0.029,0.0017320508,-0.0070000067,0.0017320508,0.211,0.0017320508,0.15799999,0.0014142137,0.033999994,0.0017320508,0.04,0.0017320508,-0.030000009,0.0014142137,-0.136,0.0014142137,1.2182054578192776,0.07714444411043807,16.527435,,417.56775,1.0
2M13350629-1259049,4499.143,1.234,2.412,0.004,-0.548,0.001,0.29299998,0.00244949,0.065999985,0.00244949,0.07899997,0.004242641,0.399,0.0014142137,0.21299997,0.00244949,0.25499997,0.00244949,-0.15100002,0.0022360682,0.054999977,0.0014142137,1.2071399650437316,0.08541873880885294,16.111648000000002,,427.91895,1.0
2M17184811-2356066,3999.081,0.211,1.653,0.001,-0.136,0.001,-0.029999986,,-0.065,,0.20300001,,0.105000004,0.0014142137,-0.025999993,,0.0,,0.004000008,0.0014142137,0.22,0.0014142137,1.1502161054842126,0.139624092425141,14.132406,,986.2826,1.0
2M13240885-1034304,4758.937,3.819,3.03,0.006,-0.295,0.001,0.20599999,0.003,0.051999986,0.003,0.044999987,0.0037416576,0.29599997,0.0014142137,0.116999984,0.003,0.22099999,0.003,-0.04700002,0.0014142137,-0.08700001,0.0014142137,0.8779811761371451,0.11611966896333965,7.550594999999999,,252.53618,1.0
2M03551092+1217213,4738.487,4.243,3.061,0.007,0.037,0.001,0.031000003,0.00244949,-0.054,0.00244949,0.22999999,0.003,0.201,0.0014142137,0.041,0.00244949,-0.0020000003,0.00244949,-0.17,0.0014142137,0.141,0.0014142137,0.5721865257928838,0.10835924158079845,3.734105000000001,,201.67134,1.0
2M03490673+1746575,4916.997,9.091,3.013,0.014,-0.149,0.002,0.104,0.0053851646,0.032000005,0.0053851646,0.168,0.006,0.208,0.0028284274,-0.0029999912,0.0053851646,0.259,0.0053851646,-0.565,0.0028284274,-0.121999994,0.0028284274,0.340042156910196,0.09329185066753809,2.187974,,128.7784,1.0
2M10452336+1207097,4877.144,11.587,2.924,0.02,-0.515,0.003,0.10799998,0.00781025,-0.06999999,0.012041595,-0.023000002,0.012884098,0.295,0.0036055513,0.032999992,0.00781025,0.20499998,0.00781025,0.11499998,0.0036055513,0.20299998,0.0036055513,0.38142592789917884,0.030933928328550943,2.406722,,112.60178,1.0
2M13500227-1024416,4643.242,2.365,2.802,0.004,-0.05,0.001,0.025,0.0017320508,-0.062000003,0.0017320508,0.226,0.00244949,0.206,0.0014142137,0.074,0.0017320508,-0.022999998,0.0017320508,-0.131,0.0014142137,0.037,0.0014142137,0.7840366330040776,0.1334441270368811,6.081862999999999,,328.8404,1.0
2M04020798+2006448,4787.708,5.302,2.818,0.01,-0.236,0.001,0.049999997,0.0037416576,-0.081,0.0037416576,0.19,0.004358899,0.215,0.0014142137,0.055000007,0.0037416576,0.062000006,0.0037416576,0.087,0.0014142137,-0.08500001,0.0014142137,0.7310046937195879,0.1278919679387535,5.382756,,191.68925,1.0
2M23183592-0219524,4668.724,5.239,2.944,0.009,-0.134,0.002,0.051000006,0.0041231057,-0.017999992,0.0041231057,0.061000004,0.0046904157,0.209,0.0028284274,0.081,0.0041231057,0.08500001,0.0041231057,-0.048999995,0.0028284274,0.305,0.0028284274,0.9330520667257453,0.12717344895115892,8.571406,,158.93225,1.0
2M23185101-0236148,4039.535,0.809,1.323,0.008,-0.659,0.001,0.18499997,0.00244949,0.011999965,0.00244949,0.21699998,0.003,0.27199998,0.0014142137,0.05799997,0.00244949,0.17399997,0.00244949,-0.07100004,0.0014142137,0.19299999,0.0014142137,1.1582336322838012,0.13555472020023251,14.395728,,249.37033,1.0
2M13165224-1422230,4345.739,1.4,2.115,0.007,-0.49,0.001,0.30200002,0.00244949,0.07800001,0.003,0.07000002,0.0037416576,0.435,0.0014142137,0.23300001,0.00244949,0.286,0.00244949,-0.31599998,0.0014142137,0.125,0.0014142137,1.165967952766919,0.11464155378915991,14.654397,,243.51704,1.0
2M04201528+1539122,4811.079,4.037,2.996,0.007,-0.076,0.001,0.0009999946,0.00244949,-0.098,0.003,0.222,0.003,0.175,0.0014142137,0.024999999,0.00244949,0.007999994,0.00244949,-0.268,0.0014142137,-0.0060000047,0.0014142137,0.4377679976503515,0.11443580588257202,2.74011,,257.5728,1.0
2M22250934-0435150,4070.354,0.383,1.758,0.003,-0.219,0.001,0.132,0.0017320508,0.055999994,0.0017320508,0.147,0.00244949,0.297,0.0014142137,0.054999992,0.0017320508,0.121999994,0.0017320508,-0.027999997,0.0014142137,-0.044000015,0.0014142137,1.2088022137660928,0.08870140711340985,16.173433,,494.1539,1.0
2M13472247-1053416,4624.978,3.871,2.879,0.008,-0.29,0.001,0.24,0.0037416576,0.11399999,0.0037416576,0.11999999,0.004358899,0.425,0.0014142137,0.153,0.0033166248,0.252,0.0037416576,-0.22,0.0022360682,0.29799998,0.0014142137,1.1365079961489013,0.1042411089018346,13.693295999999998,,183.26875,1.0
2M11164417+0440085,4665.378,1.688,2.908,0.003,-0.01,0.001,0.012,0.0017320508,-0.038999997,0.0017320508,0.19500001,0.00244949,0.17500001,0.0014142137,0.072,0.0017320508,-0.012,0.0017320508,-0.182,0.0014142137,0.26,0.0014142137,0.8737163445359404,0.13886635776015518,7.47681,,399.8117,1.0
2M16093720-2503249,4665.914,3.475,2.745,0.008,-0.539,0.001,0.32799998,0.003,0.034999967,0.004582576,0.048999965,0.0054772254,0.42799997,0.0014142137,0.22099999,0.003,0.31499997,0.003,-0.16900003,0.0022360682,0.04399997,0.0014142137,1.080140122289356,0.12219720155896477,12.026524,,227.45848,1.0
2M22271793-0747335,4739.475,3.26,2.858,0.006,-0.317,0.001,0.052000016,0.003,-0.051999986,0.003,0.167,0.0037416576,0.259,0.0014142137,0.074,0.003,0.096,0.003,-0.106000006,0.0014142137,-0.03999999,0.0014142137,0.8886079586754593,0.1273930311866785,7.73763,,293.0699,1.0
2M23244537-0238389,4680.578,2.721,3.08,0.004,0.095,0.001,0.051,0.00244949,-0.053,0.00244949,0.222,0.003,0.171,0.0014142137,0.06300001,0.00244949,-0.008000001,0.00244949,-0.456,0.0014142137,0.157,0.0014142137,0.5129881360545184,0.09551404144590862,3.258278,,275.72107,1.0
2M01081837+0804022,4722.309,3.993,3.092,0.007,-0.333,0.001,0.255,0.003,0.15200001,0.003,0.10800001,0.0037416576,0.366,0.0014142137,0.19,0.00244949,0.23,0.003,-0.062000006,0.0014142137,-0.062000006,0.0014142137,0.6809549610751771,0.07058860573346336,4.796837,,221.24146,1.0
2M12352499-0145487,4919.664,1.3,3.374,0.002,0.07,0.001,0.001000002,0.0017320508,-0.041,0.0017320508,0.23300001,0.00244949,0.12,0.0014142137,0.037,0.0017320508,-0.034,0.0017320508,-0.227,0.0014142137,0.335,0.0014142137,0.7103529038682652,0.10522592980778303,5.132783,,786.88885,1.0
2M08290300+1717432,4947.673,12.307,3.294,0.016,-0.261,0.002,0.062000006,0.0061644143,-0.0029999912,0.007348469,0.165,0.008062257,0.245,0.0028284274,0.073000014,0.0061644143,0.055000007,0.0061644143,0.012000009,0.0028284274,-0.07799998,0.0028284274,0.31012251443240335,0.08464452644125653,2.042314,,112.91026,1.0
2M08210864+1625225,4869.372,1.182,3.136,0.002,0.069,0.001,-0.052999996,0.0017320508,-0.127,0.0017320508,0.20499998,0.00244949,0.15400001,0.0014142137,0.074999996,0.0017320508,-0.122999996,0.0017320508,-0.177,0.0014142137,0.30699998,0.0014142137,0.008491584567476772,0.05633973745324402,1.019745,,810.55273,1.0
2M09102049+2039231,4474.796,3.148,2.149,0.012,-0.632,0.002,0.24000004,0.0041231057,0.04400003,0.0041231057,0.12700003,0.0053851646,,,0.19700003,0.0041231057,0.26500002,0.0041231057,-0.28099996,0.0028284274,-0.12799996,0.0028284274,1.0853271544912713,0.14981812159415678,12.171025,,174.3973,1.0
2M22285740-0733169,4156.377,0.499,1.992,0.003,-0.146,0.001,0.239,0.0017320508,0.12799999,0.0017320508,0.219,0.00244949,0.396,0.0014142137,0.099,0.0017320508,0.206,0.0017320508,-0.20699999,0.0014142137,-0.164,0.0014142137,0.17537408132606988,0.0072504942101555055,1.497525,,367.04135,1.0
2M03394295+1217370,4642.757,4.252,2.407,0.011,-0.552,0.002,0.09099999,0.0041231057,0.0,0.0041231057,0.10799998,0.0046904157,0.255,0.0022360682,0.078999996,0.0041231057,0.23599997,0.0041231057,-0.287,0.0028284274,0.343,0.0022360682,0.9944296058597856,0.1341653746660145,9.872556,,205.8875,1.0
2M11211660+0246418,4843.622,6.801,3.199,0.009,-0.068,0.002,0.003000006,0.0041231057,-0.06199999,0.0041231057,0.16100001,0.0046904157,0.201,0.0028284274,0.060000002,0.0041231057,-0.020999998,0.0041231057,-0.073,0.0028284274,-0.13499999,0.0028284274,0.584795015763507,0.12024934979430256,3.844103,,153.20035,1.0
2M11211660+0246418,4843.622,6.801,3.199,0.009,-0.068,0.002,0.003000006,0.0041231057,-0.06199999,0.0041231057,0.16100001,0.0046904157,0.201,0.0028284274,0.060000002,0.0041231057,-0.020999998,0.0041231057,-0.073,0.0028284274,-0.13499999,0.0028284274,0.584795015763507,0.12024934979430256,3.844103,,153.20035,1.0
2M22055648-1221020,4535.198,2.003,2.411,0.007,-0.563,0.001,0.30300003,0.003,0.030000031,0.0037416576,0.11100003,0.004582576,0.37100002,0.0014142137,0.18900001,0.003,0.31700003,0.003,-0.31,0.0022360682,-0.13199997,0.0022360682,1.198304175541765,0.07720015606818757,15.787166,,277.72406,1.0
2M18485835-2516581,4022.427,0.48,1.795,0.003,-0.007,0.001,-0.011999999,,-0.007,0.0017320508,0.121,0.0017320508,0.083,0.0014142137,-0.015,,0.021000002,0.0017320508,-0.039,0.0014142137,-0.087,0.0014142137,1.1823577795319575,0.11266636178941403,15.218007,,402.45206,1.0
2M05011671+2209203,4222.328,0.387,2.091,0.002,0.004,0.001,-0.013,0.0017320508,-0.01,0.0017320508,0.158,0.0017320508,0.14400001,0.0014142137,-0.028,,0.0,0.0017320508,0.011,0.0014142137,0.109,0.0014142137,1.1520547718399268,0.12257228803002321,14.192365,,665.0053,1.0
2M04242598+1830108,4792.522,4.325,3.271,0.006,0.09,0.001,0.011,0.00244949,-0.033000004,0.00244949,0.23499998,0.003,0.156,0.0014142137,0.054999992,0.00244949,-0.020000003,0.00244949,-0.24800001,0.0014142137,0.351,0.0014142137,1.2353401192225446,0.05434687054530457,17.192543,,209.59784,1.0
2M13204062-0727007,4764.498,4.877,3.259,0.007,-0.246,0.001,0.257,0.0037416576,0.05700001,0.004358899,0.06300001,0.0050990195,0.414,0.0014142137,0.142,0.0037416576,0.187,0.0037416576,0.028000012,0.0014142137,0.427,0.0014142137,1.2659473359977245,0.030368451360736952,18.447917,,195.33698,1.0
2M15582941-2345102,4453.986,2.097,2.366,0.007,-0.231,0.001,0.108,0.00244949,-0.055000007,0.00244949,0.13700001,0.003,0.262,0.0014142137,0.051,0.00244949,0.104,0.00244949,-0.072999984,0.0014142137,-0.088,0.0014142137,1.0751848132169433,0.1488410739026281,11.890081,,212.2698,1.0
2M22140234-1208491,4816.111,1.966,3.461,0.003,0.12,0.001,0.026,0.0017320508,0.036000006,0.0017320508,0.17300001,0.00244949,0.16,0.0014142137,0.038999997,0.0017320508,-0.048,0.0017320508,-0.111999996,0.0014142137,0.122,0.0014142137,1.1811504497005956,0.08247743507590681,15.17576,,447.89157,1.0
2M17330961-1748457,4016.884,1.821,1.822,0.011,-0.212,0.002,0.243,0.0045825755,0.20199999,0.0045825755,0.21599999,0.0053851646,0.337,0.0028284274,0.103999995,0.0045825755,0.245,0.0045825755,-0.166,0.0028284274,-0.217,0.0028284274,1.217248914153831,0.0805275213122446,16.491073,,101.33859,1.0
2M22094504-1051029,4140.769,0.899,1.726,0.008,-0.479,0.001,0.21599999,0.00244949,0.069000006,0.00244949,0.139,0.003,0.32999998,0.0014142137,0.12099999,0.00244949,0.20300001,0.00244949,-0.11200002,0.0014142137,0.15,0.0014142137,1.2303581187929502,0.06852818959327008,16.996446,,226.40005,1.0
2M03312442+2136415,4803.744,3.065,2.811,0.006,-0.279,0.001,0.052000016,0.003,-0.068999976,0.003,0.18900001,0.0037416576,0.256,0.0014142137,0.10100001,0.003,0.05400002,0.003,0.05600001,0.0014142137,-0.11499998,0.0014142137,0.5684728973749759,0.1272299694046197,3.702311,,337.8472,1.0
2M23491051-0447048,4165.125,1.105,1.437,0.011,-0.902,0.002,0.30300003,0.0034641016,-0.085999966,0.0034641016,0.12599999,0.0057445625,0.35000002,0.0022360682,0.21100003,0.0034641016,0.29400003,0.0034641016,0.009000003,0.0028284274,-0.16300005,0.0028284274,1.1790933571249425,0.11752260593303808,15.104048,,214.17574,1.0
2M12351267-0916540,4114.629,0.369,1.837,0.002,-0.26,0.001,0.09799999,0.0017320508,0.06899999,0.0017320508,0.14499998,0.00244949,0.317,0.0014142137,0.030999988,0.0017320508,0.10499999,0.0017320508,0.014999986,0.0014142137,0.030999988,0.0014142137,1.2020063479361816,0.09421610127506594,15.92232,,590.05286,1.0
2M23120662-0322394,4859.481,4.606,3.465,0.006,0.13,0.001,0.04100001,0.00244949,-0.0119999945,0.00244949,0.13300002,0.003,0.171,0.0014142137,0.051,0.00244949,-0.042999998,0.00244949,0.075,0.0014142137,0.225,0.0014142137,1.2885360737916116,0.005875932748319016,19.432831,,224.66025,1.0
2M13141719-0738266,4224.422,0.361,1.836,0.003,-0.351,0.001,0.17700002,0.0017320508,0.033000022,0.0017320508,0.16900001,0.00244949,0.31800002,0.0014142137,0.051,0.0017320508,0.17700002,0.0017320508,-0.102999985,0.0014142137,-0.0069999993,0.0014142137,1.1650104625315338,0.12145120993959506,14.622124,,650.348,1.0
2M08532742+1111047,5019.735,2.128,3.191,0.003,-0.375,0.001,0.074,0.00244949,-0.07800001,0.004242641,0.196,0.004242641,0.228,0.0014142137,0.08899999,0.00244949,0.151,0.00244949,-0.12099999,0.0014142137,-0.013000011,0.0014142137,0.49801058021596395,0.1004528072394714,3.147825,,718.4394,1.0
2M23263886-1115223,4729.525,4.909,3.03,0.008,-0.201,0.001,0.227,0.0033166248,0.141,0.0037416576,0.106000006,0.004358899,0.345,0.0014142137,0.13800001,0.0033166248,0.13,0.0033166248,-0.11500001,0.0014142137,-0.13999999,0.0014142137,0.6244736176974061,0.1148968050206286,4.211857,,181.2081,1.0
2M22184120-1008187,4867.55,21.754,3.282,0.051,-1.996,0.006,0.26100004,0.019899748,0.286,0.07736278,-0.12100005,0.2676733,-0.21499991,0.008485282,0.113000035,0.02022375,0.32700002,0.019899748,0.37300003,0.0078102495,-0.036000013,0.008485282,0.45098493716422333,0.09327628089079341,2.824782,,156.54007,1.0
2M13230082-1130481,4670.099,4.015,2.871,0.007,-0.077,0.001,0.083,0.00244949,-0.07399999,0.003,0.136,0.003,0.18599999,0.0014142137,0.046,0.00244949,0.041,0.00244949,-0.21200001,0.0014142137,0.164,0.0014142137,0.8434400310396801,0.12440296807535665,6.973327,,175.5459,1.0
2M22134064-0548455,4077.124,0.483,1.802,0.003,-0.29,0.001,0.225,0.0017320508,0.174,0.0017320508,0.17999999,0.00244949,0.333,0.0014142137,0.11299999,,0.22399999,0.0017320508,-0.183,0.0014142137,0.072,0.0014142137,1.2254171439775123,0.07241406017031361,16.804173000000002,,434.8865,1.0
2M08534672+1123307,4879.631,0.794,3.229,0.001,0.025,0.001,-0.0030000005,,-0.076,,0.273,,0.205,0.0014142137,0.003999999,,-0.081,,-0.079,0.0014142137,0.139,0.0014142137,0.6978445062217441,0.12161346935364842,4.987059,,1362.9937,1.0
2M08534672+1123307,4879.631,0.794,3.229,0.001,0.025,0.001,-0.0030000005,,-0.076,,0.273,,0.205,0.0014142137,0.003999999,,-0.081,,-0.079,0.0014142137,0.139,0.0014142137,0.6978445062217441,0.12161346935364842,4.987059,,1362.9937,1.0
2M13141250-1323517,3881.14,0.206,1.237,0.002,-0.606,0.001,0.305,0.0017320508,0.13800001,0.0017320508,0.15200001,0.00244949,0.308,0.0014142137,0.15799999,,0.279,0.0017320508,-0.20099998,0.0014142137,-0.16899997,0.0014142137,1.242414475505206,0.0540266823747186,17.474891,,711.24854,1.0
2M23114858-1003556,4711.261,2.267,2.905,0.004,-0.16,0.001,0.004999995,0.0017320508,-0.029,0.0017320508,0.139,0.00244949,0.254,0.0014142137,0.016000003,0.0017320508,-0.016000003,0.0017320508,-0.10499999,0.0014142137,0.12799999,0.0014142137,0.7623405225914409,0.12647434919395398,5.785495,,404.61758,1.0
2M22222899-1434144,5002.344,4.145,3.232,0.005,-0.179,0.001,0.025000006,0.003,-0.030999988,0.0037416576,0.09900001,0.0037416576,0.172,0.0014142137,0.069000006,0.003,0.07300001,0.003,0.116000004,0.0014142137,0.13800001,0.0014142137,0.9027709891421837,0.10700091684859753,7.994126,,328.38455,1.0
2M08190405+1317164,4773.006,4.538,3.033,0.007,-0.074,0.001,0.089,0.00244949,-0.073,0.003,0.16,0.003,0.241,0.0014142137,0.108,0.00244949,0.025000002,0.00244949,-0.288,0.0014142137,-0.088,0.0014142137,0.9311580837094015,0.12563349788471548,8.534107,,200.96126,1.0
2M13194291-0730158,4151.704,0.782,1.828,0.006,-0.418,0.001,0.23500001,0.00244949,0.08700001,0.00244949,0.155,0.003,0.37600002,0.0014142137,0.09900001,0.00244949,0.19900002,0.00244949,-0.12099996,0.0014142137,-0.294,0.0014142137,1.1761188503552906,0.11462038886168921,15.000953,,255.22546,1.0
2M22352118-1614164,4840.401,4.163,3.08,0.007,-0.208,0.001,0.060000002,0.003,-0.0119999945,0.003,0.05700001,0.0037416576,0.186,0.0014142137,0.04900001,0.003,0.073,0.003,-0.30799997,0.0014142137,-0.0059999973,0.0014142137,0.5151920755968189,0.10121883273933792,3.274855,,241.58969,1.0
2M22352118-1614164,4840.401,4.163,3.08,0.007,-0.208,0.001,0.060000002,0.003,-0.0119999945,0.003,0.05700001,0.0037416576,0.186,0.0014142137,0.04900001,0.003,0.073,0.003,-0.30799997,0.0014142137,-0.0059999973,0.0014142137,0.5151920755968189,0.10121883273933792,3.274855,,241.58969,1.0
2M08410062+1838305,4906.566,2.364,3.184,0.003,0.009,0.001,0.01,0.0017320508,-0.15,0.00244949,0.359,0.00244949,0.169,0.0014142137,0.033,0.0017320508,-0.063,0.0017320508,-0.304,0.0014142137,0.254,0.0014142137,0.28663338513054604,0.07983252116578199,1.934788,,452.67957,1.0
2M00572609+0355331,4387.053,0.632,2.498,0.002,0.034,0.001,0.012999997,0.0017320508,0.011999998,0.0017320508,0.18,0.0017320508,0.16,0.0014142137,-0.039,0.0017320508,0.011,0.0017320508,-0.122,0.0014142137,0.322,0.0014142137,1.1907405830118925,0.09170880175390335,15.5146,,608.55096,1.0
2M00572609+0355331,4387.053,0.632,2.498,0.002,0.034,0.001,0.012999997,0.0017320508,0.011999998,0.0017320508,0.18,0.0017320508,0.16,0.0014142137,-0.039,0.0017320508,0.011,0.0017320508,-0.122,0.0014142137,0.322,0.0014142137,1.1907405830118925,0.09170880175390335,15.5146,,608.55096,1.0
2M19214238-2822138,4834.281,6.191,3.214,0.008,0.084,0.001,-0.012000002,0.0033166248,-0.042,0.0033166248,0.32700002,0.0037416576,0.17200002,0.0014142137,0.044999994,0.0033166248,-0.001000002,0.0033166248,-0.373,0.0014142137,0.384,0.0014142137,0.38931177015661883,0.08552093831753424,2.450822,,154.10643,1.0
2M13523586-1059593,4366.915,3.826,1.836,0.018,-0.586,0.002,0.27700004,0.00489898,0.065,0.0053851646,0.18700004,0.006,0.35500002,0.0028284274,0.15100002,0.00489898,0.30300003,0.0053851646,-0.10899997,0.0028284274,-0.11899996,0.0028284274,1.2350750037802716,0.06387162018271066,17.182051,,114.32096,1.0
2M22140713-0653446,4195.159,0.783,1.723,0.007,-0.642,0.001,0.326,0.00244949,0.06700003,0.00244949,0.088,0.0037416576,0.386,0.0014142137,0.194,0.00244949,0.26000002,0.00244949,-0.088,0.0014142137,0.15500003,0.0014142137,0.14875592630593615,0.12237094042420137,1.408497,,279.3946,1.0
2M03574381+1553338,4974.141,8.73,2.996,0.014,-0.468,0.002,0.07099998,0.0053851646,0.030000001,0.0067082043,0.10099998,0.0067082043,0.268,0.0028284274,0.116,0.0053851646,0.25199997,0.0053851646,-0.598,0.0028284274,0.146,0.0028284274,0.7809257622615267,0.1148275518088822,6.038454,,164.47145,1.0
2M03574381+1553338,4974.141,8.73,2.996,0.014,-0.468,0.002,0.07099998,0.0053851646,0.030000001,0.0067082043,0.10099998,0.0067082043,0.268,0.0028284274,0.116,0.0053851646,0.25199997,0.0053851646,-0.598,0.0028284274,0.146,0.0028284274,0.7809257622615267,0.1148275518088822,6.038454,,164.47145,1.0
2M01331057+0659351,4640.861,3.038,3.008,0.006,-0.182,0.001,0.235,0.00244949,0.087,0.003,0.162,0.003,0.40600002,0.0014142137,0.166,0.00244949,0.19,0.00244949,-0.10200001,0.0014142137,0.111999996,0.0014142137,0.6594934838516585,0.09518147071058598,4.565554,,228.86952,1.0
2M13253950-0058444,4763.604,7.472,1.736,0.016,-1.086,0.002,0.10599995,0.006,-0.449,0.018547237,0.269,0.019519223,-0.06400001,0.0028284274,0.20599997,0.006,0.31399995,0.006,-0.222,0.0036055513,-0.07500005,0.0028284274,-0.021341154966769138,0.04292866621060003,0.952048,,199.47076,1.0
2M13261792-0945176,4643.669,20.019,1.268,0.048,-2.337,0.01,0.41499984,0.034713108,-0.99800014,1.176451,0.45099986,0.20855935,-0.1630001,0.014142135,0.38099992,0.034713108,0.60599995,0.034380227,-0.109000206,0.014142135,-0.1630001,0.014142135,1.1801490809004624,0.09560158032607757,15.140809,,111.41286,1.0
2M08425993+2210237,4686.605,4.194,2.769,0.009,-0.276,0.001,0.08299999,0.0033166248,0.040999994,0.0037416576,0.09099999,0.0037416576,0.265,0.0014142137,0.09099999,0.0033166248,0.162,0.0037416576,-0.46199998,0.0022360682,-0.29200003,0.0014142137,0.8977908828754985,0.1469783627644016,7.90298,,200.32422,1.0
2M08461057+1321393,4397.326,1.95,2.046,0.009,-0.49,0.001,0.22800002,0.00244949,-0.028999984,0.003,0.26,0.003,0.418,0.0014142137,0.141,0.00244949,0.24200001,0.00244949,-0.162,0.0014142137,-0.31199998,0.0014142137,1.1104059210838713,0.14820388591386788,12.894542,,221.509,1.0
2M23243049+0054079,4906.96,4.215,3.383,0.005,-0.057,0.001,0.034,0.00244949,-0.014000002,0.003,0.129,0.003,0.120000005,0.0014142137,0.056,0.003,0.015000001,0.00244949,-0.265,0.0014142137,0.22,0.0014142137,-0.3233667386432273,0.06912871492813963,0.474934,,266.31207,1.0
2M14020249-1505315,4229.033,0.596,1.903,0.004,-0.549,0.001,0.26100004,0.0017320508,0.06400001,0.0017320508,0.09000003,0.0033166248,0.34300002,0.0014142137,0.18600002,0.0017320508,0.23700002,0.0017320508,-0.111,0.0014142137,-0.023000002,0.0014142137,1.1801834139368799,0.11089351845820342,15.142006,,411.95917,1.0
2M15570064-2307374,4821.009,7.762,2.992,0.013,-0.389,0.002,0.195,0.0053851646,0.08500001,0.006,0.030000001,0.0067082043,0.29500002,0.0028284274,0.118,0.0053851646,0.233,0.0053851646,-0.61200005,0.0028284274,0.48,0.0028284274,0.5739812341214126,0.12340845480737529,3.749568,,138.03992,1.0
2M01074790-0050027,4575.832,9.913,1.308,0.028,-1.763,0.005,0.28400004,0.013190906,-0.08200002,0.02922328,0.24000001,0.040570926,-0.26,0.0078102495,-0.17900002,0.0137477275,0.43200004,0.013190906,-0.24499989,0.0078102495,-0.737,0.006403124,-0.082100810575894,0.11833088351411532,0.82775,,144.0608,1.0
2M01074790-0050027,4575.832,9.913,1.308,0.028,-1.763,0.005,0.28400004,0.013190906,-0.08200002,0.02922328,0.24000001,0.040570926,-0.26,0.0078102495,-0.17900002,0.0137477275,0.43200004,0.013190906,-0.24499989,0.0078102495,-0.737,0.006403124,-0.082100810575894,0.11833088351411532,0.82775,,144.0608,1.0
2M00455484+0128589,4743.822,6.562,2.052,0.016,-1.393,0.003,0.30299997,0.006403124,-0.02699995,0.020615527,-0.49399996,0.05024938,0.26,0.0036055513,-0.042999983,0.007071068,0.448,0.006403124,-0.14199996,0.004242641,-0.742,0.005,1.1442375066837465,0.12490014073024373,13.939189,,240.46696,1.0
2M00455484+0128589,4743.822,6.562,2.052,0.016,-1.393,0.003,0.30299997,0.006403124,-0.02699995,0.020615527,-0.49399996,0.05024938,0.26,0.0036055513,-0.042999983,0.007071068,0.448,0.006403124,-0.14199996,0.004242641,-0.742,0.005,1.1442375066837465,0.12490014073024373,13.939189,,240.46696,1.0
2M04534504+2117513,4925.394,8.497,3.111,0.013,-0.421,0.002,0.072,0.0053851646,0.025999993,0.006,0.065,0.0067082043,0.308,0.0028284274,0.102,0.0053851646,0.132,0.0053851646,-0.40999997,0.0028284274,0.09,0.0028284274,0.28171065657401095,0.07326709217770108,1.912981,,168.10175,1.0
2M16332110-1954536,4777.435,2.385,3.285,0.003,-0.327,0.001,0.291,0.00244949,0.12799999,0.00244949,0.09199999,0.004242641,0.373,0.0014142137,0.19,0.00244949,0.18499999,0.00244949,-0.355,0.0022360682,0.027999997,0.0014142137,0.7880125205836287,0.0972865611953215,6.137797,,409.646,1.0
2M14053620-0843199,4401.488,0.767,2.47,0.003,-0.095,0.001,0.099,0.0017320508,0.042999998,0.0017320508,0.152,0.00244949,0.22399999,0.0014142137,0.046,0.0017320508,0.084,0.0017320508,-0.59000003,0.0014142137,-0.0029999986,0.0014142137,1.2453374834957696,0.051745045226338306,17.592902,,525.0578,1.0
2M18464776-2558341,4118.383,1.205,2.174,0.005,0.161,0.001,0.019000009,,0.075,,0.247,0.00244949,0.163,0.0014142137,-0.010000005,,0.031000003,,-0.19,0.0014142137,0.14,0.0014142137,1.160988802482969,0.12189672612974857,14.487345,,175.74654,1.0
2M08291562+1701275,4931.156,3.438,3.264,0.004,-0.172,0.001,0.040000007,0.003,-0.025999993,0.003,0.143,0.0037416576,0.20300001,0.0014142137,0.030000001,0.003,0.045,0.003,-0.14099999,0.0014142137,0.06300001,0.0014142137,0.3667058569536309,0.07998928493121607,2.326515,,372.59225,1.0
2M10182334+0559522,4701.733,3.876,2.88,0.008,-0.413,0.001,0.278,0.003,0.099999994,0.0037416576,0.109,0.004582576,0.38799998,0.0014142137,0.20199999,0.003,0.273,0.003,-0.031000018,0.0014142137,-0.102999985,0.0022360682,0.9868602854941847,0.12648649555549035,9.701978,,226.05183,1.0
2M13302727-1116136,4100.07,0.509,1.911,0.004,-0.198,0.001,0.25,0.0017320508,0.163,0.0017320508,0.231,0.00244949,0.34,0.0014142137,0.13,,0.247,0.0017320508,-0.193,0.0014142137,0.070999995,0.0014142137,1.2112856005513588,0.08496177736601923,16.266181,,345.2035,1.0
2M08481640+2358130,4949.58,8.051,3.121,0.012,-0.283,0.002,0.047999993,0.00489898,-0.009000003,0.0053851646,0.18199998,0.006,0.188,0.0028284274,0.09799999,0.00489898,0.10599999,0.00489898,-1.1340001,0.0028284274,-0.07100001,0.0028284274,0.08055578206489795,0.08227666829119581,1.203804,,161.64465,1.0
2M23283675-0033339,4824.706,7.56,3.399,0.01,-0.163,0.002,0.21700001,0.0041231057,0.058000006,0.0046904157,0.052,0.0053851646,0.324,0.0028284274,0.126,0.0041231057,0.18,0.0041231057,0.113000005,0.0028284274,0.163,0.0028284274,1.0276899367993058,0.01899800931342563,10.658349,,152.59712,1.0
2M03291997+2308150,4946.803,8.059,3.196,0.012,-0.463,0.002,0.10499999,0.0053851646,0.127,0.006,0.006000012,0.0067082043,0.251,0.0028284274,0.09400001,0.0053851646,0.18599999,0.0053851646,-0.10399997,0.0028284274,0.013999999,0.0028284274,0.8248844375451357,0.11652587984014705,6.681661,,184.71788,1.0
2M10390363+0552256,4665.055,2.994,2.898,0.006,-0.245,0.001,0.186,0.00244949,0.07000001,0.003,0.13,0.003,0.312,0.0014142137,0.126,0.00244949,0.186,0.00244949,-0.431,0.0014142137,-0.037999988,0.0014142137,0.9300050829926825,0.12301106942112057,8.51148,,257.2515,1.0
2M04334172+2208006,4995.122,2.272,3.125,0.003,-0.192,0.001,-0.002000004,0.00244949,-0.14500001,0.0033166248,0.21700001,0.0033166248,0.176,0.0014142137,0.030000001,0.00244949,-0.022,0.00244949,-0.14500001,0.0014142137,0.025000006,0.0014142137,0.16857997396172814,0.0868398959234219,1.47428,,579.5615,1.0
2M13263639-0943358,4260.03,0.727,1.81,0.005,-0.45,0.001,0.25699997,0.0017320508,0.06099999,0.0017320508,0.19299999,0.00244949,0.32799998,0.0014142137,0.10699999,0.0017320508,0.24199998,0.0017320508,-0.19,0.0014142137,0.004999995,0.0014142137,1.174224854804287,0.115816872890968,14.935675,,367.29007,1.0
2M13384598-1334030,4241.438,0.286,1.991,0.002,-0.404,0.001,0.256,0.0017320508,0.053000003,0.0017320508,0.113000005,0.00244949,0.33600003,0.0014142137,0.136,0.0017320508,0.19900002,0.0017320508,-0.20199999,0.0014142137,-0.0059999824,0.0014142137,1.2401075409309956,0.05825761518992674,17.382312,,847.3144,1.0
2M22155750-0702060,4314.312,1.751,2.184,0.009,-0.419,0.001,0.265,0.0033166248,0.099999994,0.0033166248,0.12900001,0.004358899,0.37,0.0014142137,0.151,0.0033166248,0.257,0.0033166248,-0.15300003,0.0014142137,0.211,0.0014142137,1.2002039082376237,0.09016160370220538,15.856375,,180.6016,1.0
2M15595656-2215056,4103.284,0.86,1.603,0.009,-0.603,0.001,0.304,0.00244949,0.089999974,0.00244949,0.13,0.0037416576,0.31699997,0.0014142137,0.13499999,0.00244949,0.262,0.00244949,-0.167,0.0014142137,0.16199997,0.0014142137,1.196522708298482,0.10046728495643081,15.72254,,230.71193,1.0
2M13531439-1147506,4809.475,1.722,3.204,0.002,0.054,0.001,0.024,0.0017320508,-0.065,0.0017320508,0.256,0.00244949,0.133,0.0014142137,0.009,0.0017320508,-0.011,0.0017320508,-0.252,0.0014142137,0.174,0.0014142137,1.217858302589238,0.06515854819601513,16.514229,,552.2643,1.0
2M23114016-0131140,4277.425,0.463,1.9,0.003,-0.465,0.001,0.257,0.0017320508,0.072,0.0017320508,0.143,0.00244949,0.374,0.0014142137,0.181,0.0017320508,0.236,0.0017320508,-0.34699997,0.0014142137,0.097,0.0014142137,1.2436704667361265,0.05443329524336595,17.525502,,600.0005,1.0
2M13472920-1813051,4336.728,2.882,2.169,0.014,-0.383,0.002,0.17499998,0.00489898,0.068999976,0.00489898,0.13699998,0.006,,,0.13399999,0.00489898,0.18999998,0.00489898,-0.044,0.0028284274,0.23099999,0.0028284274,1.1203031694939825,0.14023599266369646,13.191773,,121.255295,1.0
2M01282606+0548126,4418.075,3.017,2.061,0.014,-0.676,0.002,0.302,0.0041231057,0.07999998,0.0046904157,0.074,0.0061644143,0.46600002,0.0028284274,0.14999998,0.0041231057,0.296,0.0041231057,-0.26599997,0.0028284274,-0.31599998,0.0028284274,1.159022329313478,0.11904909375225381,14.421895,,151.37526,1.0
2M22104758-1358506,4896.549,5.671,2.933,0.01,-0.44,0.001,0.109,0.0037416576,0.013999999,0.004358899,0.12099999,0.0050990195,0.271,0.0014142137,0.055000007,0.0037416576,0.14500001,0.0037416576,0.021999985,0.0014142137,0.076000005,0.0014142137,0.2641011181190722,0.0877523963885204,1.836966,,231.53006,1.0
2M08290837+1212022,4745.264,5.116,2.967,0.009,-0.175,0.001,0.088999994,0.0037416576,0.00999999,0.0037416576,0.12099999,0.004358899,0.235,0.0014142137,0.09599999,0.0037416576,0.110999994,0.0037416576,-0.23400001,0.0014142137,0.051999994,0.0014142137,0.9650764292322392,0.1192146457130006,9.227338,,173.0078,1.0
2M19171722-2808301,4295.449,2.229,2.26,0.01,-0.184,0.002,0.233,0.0037416574,0.097,0.0037416574,0.146,0.0046904157,0.359,0.0028284274,0.143,0.0037416574,0.197,0.0037416574,-0.10599999,0.0028284274,-0.454,0.0028284274,1.2084007200537763,0.08433430736824636,16.158488000000002,,136.90903,1.0
2M13593669-1540124,4551.411,0.854,2.753,0.002,0.006,0.001,-0.019000001,0.0017320508,-0.096,0.0017320508,0.095000006,0.00244949,0.156,0.0014142137,0.018,0.0017320508,-0.030000001,0.0017320508,-0.124,0.0014142137,0.136,0.0014142137,1.0500602795818055,0.133365547683972,11.221742,,658.6146,1.0
2M04032157+1531399,4480.066,1.82,2.369,0.006,-0.229,0.001,0.082,0.00244949,-0.020999998,0.00244949,0.114,0.003,0.183,0.0014142137,0.041999996,0.00244949,0.08500001,0.00244949,0.001000002,0.0014142137,-0.09799999,0.0014142137,1.1734256764703528,0.10393587239730633,14.908216,,250.2099,1.0
2M08505791+1549526,4932.525,13.812,3.013,0.021,-0.404,0.003,0.07800001,0.00781025,-0.037999988,0.009,0.20100002,0.010440307,0.21500002,0.004242641,0.086000025,0.00781025,0.19900002,0.00781025,-0.471,0.004242641,-0.28599998,0.004242641,0.7711066985081312,0.12337851812461965,5.903461,,102.32899,1.0
2M03523302+2213002,4879.348,7.511,3.228,0.01,-0.098,0.002,0.0059999973,0.0041231057,-0.083,0.0046904157,0.168,0.0046904157,0.221,0.0028284274,0.067,0.0041231057,-0.0069999993,0.0041231057,0.055999998,0.0028284274,0.137,0.0028284274,1.0100374345129264,0.11136486464811783,10.233812,,158.35603,1.0
2M03574309+2450573,4918.463,6.366,2.912,0.01,-0.236,0.001,0.055999994,0.0037416576,-0.120000005,0.0037416576,0.293,0.004358899,0.305,0.0014142137,0.076000005,0.0037416576,0.201,0.0037416576,-0.19799998,0.0022360682,-0.010000005,0.0014142137,0.16209521070346877,0.12854420563626498,1.45243,,186.24016,1.0
2M04173373+2322376,4519.652,2.042,2.693,0.006,-0.042,0.001,0.07,0.00244949,0.016999999,0.00244949,0.145,0.003,,,0.048,0.00244949,0.073,0.00244949,-0.16700001,0.0014142137,0.105000004,0.0014142137,1.0540685814754192,0.14823970711082024,11.325792,,249.7799,1.0
2M18465327-2512542,4761.616,3.117,3.193,0.005,0.111,0.001,0.030000001,0.00244949,-0.05,0.00244949,0.241,0.003,0.17699999,0.0014142137,0.008000001,0.00244949,0.009999998,0.00244949,-1.194,0.0022360682,0.302,0.0014142137,1.2763080505002116,0.01969952778284388,18.89331,,271.26205,1.0
2M18463657-2531497,4546.888,3.151,2.918,0.006,0.201,0.001,0.058,0.0033166248,0.033999994,0.0033166248,0.344,0.0037416576,0.169,0.0014142137,0.034999996,0.0033166248,0.041999996,0.0033166248,-0.271,0.0014142137,0.239,0.0014142137,0.5537738327407938,0.11049033574952524,3.5791,,160.02608,1.0
2M10485534+0033042,4690.234,2.812,2.899,0.005,0.09,0.001,-0.047000002,0.00244949,-0.104,0.00244949,0.333,0.00244949,0.17899999,0.0014142137,-0.017000005,0.00244949,-0.046000004,0.00244949,-0.176,0.0014142137,0.22799999,0.0014142137,0.44128892358044425,0.11666129723914118,2.7624150000000003,,272.45468,1.0
2M22231853-1616118,4721.016,3.166,3.148,0.004,0.124,0.001,0.004999995,0.00244949,0.019000009,0.00244949,0.287,0.003,0.18800001,0.0014142137,0.055000007,0.00244949,-0.012999997,0.00244949,-0.282,0.0014142137,0.019999996,0.0014142137,0.4734611305989844,0.08773416497202628,2.974823,,258.93585,1.0
2M22231853-1616118,4721.016,3.166,3.148,0.004,0.124,0.001,0.004999995,0.00244949,0.019000009,0.00244949,0.287,0.003,0.18800001,0.0014142137,0.055000007,0.00244949,-0.012999997,0.00244949,-0.282,0.0014142137,0.019999996,0.0014142137,0.4734611305989844,0.08773416497202628,2.974823,,258.93585,1.0
2M04341367+1542063,4277.032,0.619,1.889,0.004,-0.385,0.001,0.20699999,0.0017320508,0.065,0.0017320508,0.189,0.00244949,0.348,0.0014142137,0.08399999,0.0017320508,0.175,0.0017320508,-0.15200001,0.0014142137,-0.232,0.0014142137,1.1842756148386062,0.10472783899360917,15.285358,,449.7253,1.0
2M08305653+2322284,4725.784,4.411,2.894,0.009,-0.362,0.001,0.189,0.0037416576,0.012999982,0.004358899,0.058999985,0.0050990195,0.364,0.0014142137,0.13799998,0.0037416576,0.166,0.0037416576,-0.08900002,0.0022360682,-0.055000007,0.0014142137,1.0581064119173003,0.12902645512306055,11.431584,,201.1553,1.0
2M04444257+2336000,4654.657,2.19,2.704,0.004,-0.125,0.001,0.020999998,0.0017320508,-0.047999993,0.0017320508,0.205,0.00244949,0.22,0.0014142137,0.048,0.0017320508,0.051,0.0017320508,-0.143,0.0014142137,0.001000002,0.0014142137,0.9224539001439548,0.13475259512298338,8.364768,,353.41025,1.0
2M08290014+1011029,4461.571,1.351,2.772,0.003,0.302,0.001,0.046000004,0.0017320508,0.023000002,0.0017320508,0.486,0.0017320508,0.15900001,0.0014142137,0.0069999993,0.0017320508,-0.012999982,,-0.403,0.0014142137,0.19700003,0.0014142137,0.8358402346463771,0.08376799423763787,6.852361,,289.15787,1.0
2M00504390+0559460,4310.917,1.668,2.092,0.008,-0.354,0.001,0.208,0.00244949,0.06400001,0.00244949,0.147,0.003,,,,,0.22,0.00244949,-0.083000004,0.0014142137,-0.33299997,0.0014142137,1.1044826386024822,0.148404271888635,12.719869,,194.31464,1.0
2M05022845+2138133,4653.317,6.692,2.517,0.016,-0.341,0.002,0.06099999,0.00489898,-0.08500001,0.0053851646,0.21399999,0.0053851646,0.13,0.0028284274,0.025999993,0.00489898,0.094,0.0053851646,0.13,0.0028284274,0.73899996,0.0028284274,0.514373734384789,0.12206685795142755,3.2686900000000003,,116.97793,1.0
2M23011499-0220044,4212.939,1.76,1.839,0.014,-0.486,0.002,0.31800002,0.0041231057,0.08899999,0.0041231057,0.13800001,0.0046904157,,,0.15400001,0.0037416574,0.27600002,0.0041231057,0.194,0.0028284274,-0.46999997,0.0028284274,1.186647419092911,0.10227763417925406,15.369064000000002,,122.62707,1.0
2M16120399-2553000,4136.396,1.051,2.138,0.005,0.075,0.001,0.099999994,0.00244949,0.081,0.00244949,0.21800001,0.00244949,0.169,0.0014142137,0.027999997,,0.077999994,0.00244949,-0.148,0.0014142137,0.121999994,0.0014142137,1.128341682104893,0.13617246103266512,13.438218,,190.76973,1.0
2M13212551-1541166,4579.874,1.472,2.656,0.004,-0.149,0.001,0.165,0.0017320508,0.027000003,0.0017320508,0.342,0.00244949,0.296,0.0014142137,0.102000006,0.0017320508,0.179,0.0017320508,-0.10199998,0.0014142137,-0.038000003,0.0014142137,0.5625715563793323,0.09955367059901508,3.652343,,427.21802,1.0
2M10542922+0932542,4465.244,4.598,1.908,0.019,-0.908,0.003,0.34399998,0.007071068,-0.055999994,0.009110434,0.12199998,0.013341664,0.40600002,0.0036055513,0.297,0.007071068,0.39200002,0.007071068,0.13800001,0.0036055513,0.20899999,0.0036055513,1.1397619369746765,0.13114694030406815,13.796278,,118.432655,1.0
2M23143318-0024085,4240.049,0.409,1.959,0.003,-0.6,0.001,0.26900002,0.00244949,0.06700003,0.00244949,0.04000002,0.0033166248,0.40300003,0.0014142137,0.22400004,0.0017320508,0.22600001,0.0017320508,-0.15999997,0.0014142137,-0.011999965,0.0014142137,1.1958980480062733,0.09900959079015181,15.699942000000002,,614.3086,1.0
2M23325531-1015585,4582.661,4.847,2.504,0.014,-0.44,0.002,0.176,0.00489898,0.0,0.0053851646,0.14899999,0.006,0.351,0.0028284274,0.146,0.00489898,0.211,0.00489898,-0.09500003,0.0028284274,-0.40399998,0.0028284274,1.106386200836965,0.11168507849155318,12.775744,,136.4949,1.0
2M11544505-0308076,4198.676,0.42,2.255,0.002,-0.027,0.001,0.145,0.0017320508,0.123,0.0017320508,0.175,0.00244949,0.108,0.0014142137,0.087,,0.128,0.0017320508,0.177,0.0014142137,-0.201,0.0014142137,1.17277430945402,0.10805992997768153,14.885873000000002,,535.54395,1.0
2M11544505-0308076,4198.676,0.42,2.255,0.002,-0.027,0.001,0.145,0.0017320508,0.123,0.0017320508,0.175,0.00244949,0.108,0.0014142137,0.087,,0.128,0.0017320508,0.177,0.0014142137,-0.201,0.0014142137,1.17277430945402,0.10805992997768153,14.885873000000002,,535.54395,1.0
2M03585355+1149278,4685.761,3.03,2.572,0.006,-0.274,0.001,0.058999985,0.003,-0.127,0.003,0.21599999,0.003,0.25599998,0.0014142137,0.08199999,0.003,-0.005000025,0.00244949,0.080999985,0.0014142137,0.167,0.0014142137,0.395077629262472,0.14172844494460046,2.483577,,288.9531,1.0
2M22150148-1245468,4560.743,4.616,2.787,0.012,-0.175,0.002,0.313,0.0053851646,-0.002000004,0.006,0.055999994,0.007483315,0.49199998,0.0028284274,0.217,0.00489898,0.259,0.0053851646,-0.40499997,0.0028284274,-0.020999998,0.0028284274,1.0621061429834306,0.14740281193497395,11.537352,,116.67069,1.0
2M12221918-0000142,4245.303,0.345,2.076,0.002,-0.369,0.001,0.24999999,0.0017320508,0.109,0.0017320508,0.15599999,0.00244949,0.347,0.0014142137,,,0.21999998,0.0017320508,-0.17200002,0.0014142137,-0.16700003,0.0014142137,1.1569595382858473,0.12331324313457734,14.353557,,710.2179,1.0
2M18480954-2554396,4702.128,3.647,3.008,0.006,0.102,0.001,0.0,0.00244949,-0.042,0.00244949,0.282,0.00244949,0.167,0.0014142137,0.029,0.00244949,-0.087,0.00244949,-0.352,0.0014142137,0.369,0.0014142137,0.6321039425461711,0.12442588562768309,4.286511,,210.56105,1.0
2M04052514+1843315,4823.542,3.113,3.098,0.005,-0.02,0.001,-0.028,0.00244949,-0.164,0.003,0.279,0.003,0.185,0.0014142137,0.019,0.00244949,0.0020000003,0.00244949,-0.082,0.0014142137,0.126,0.0014142137,0.6923818960243325,0.11883866865623105,4.924723999999999,,314.91,1.0
2M13120280-1240503,4230.132,1.727,1.99,0.012,-0.468,0.002,0.291,0.0041231057,0.139,0.0041231057,0.11199999,0.0046904157,0.414,0.0028284274,0.204,0.0037416574,0.287,0.0041231057,-0.347,0.0028284274,-0.18699998,0.0028284274,1.1758079487594617,0.1106146010250377,14.990218,,141.01595,1.0
2M23490558-0742081,4867.687,9.259,3.084,0.016,-0.636,0.002,0.28699997,0.0067082043,0.15299997,0.009643651,0.029999971,0.012247449,0.383,0.0028284274,0.21599999,0.0067082043,0.34699997,0.0067082043,-1.6600001,0.0044721365,0.060000002,0.0028284274,0.5794172633356419,0.0788865622043216,3.796796,,138.27533,1.0
2M15582812-2152454,4194.257,0.725,1.753,0.006,-0.549,0.001,0.263,0.00244949,0.04000002,0.00244949,0.113000035,0.0037416576,0.34400004,0.0014142137,0.15400001,0.00244949,0.22800002,0.00244949,-0.17199999,0.0014142137,0.22000003,0.0014142137,1.1618242210022747,0.12642692757802804,14.51524,,321.77258,1.0
2M19200881-2823518,4249.211,1.801,2.051,0.011,-0.332,0.002,0.20199999,0.0037416574,0.078999996,0.0037416574,0.144,0.0046904157,0.376,0.0028284274,0.117999986,0.0037416574,0.17499998,0.0037416574,0.0009999871,0.0028284274,-0.174,0.0028284274,1.1416397239313458,0.13173787145633906,13.856059,,142.21056,1.0
2M23245951-0743078,4278.387,0.728,1.93,0.004,-0.257,0.001,-0.0069999993,0.0017320508,-0.066000015,0.0017320508,0.096,0.00244949,0.168,0.0014142137,0.012999997,0.0017320508,0.0119999945,0.0017320508,-0.09,0.0014142137,0.11399999,0.0014142137,1.2273464301527601,0.07470390987045038,16.878989,,460.07254,1.0
2M23355852-0207339,5001.344,3.847,3.206,0.006,-0.553,0.002,0.11499998,0.0041231057,0.08499998,0.0066332496,-0.049000025,0.0075498344,0.27699998,0.0028284274,0.11799997,0.0041231057,0.19399998,0.0041231057,-0.23400003,0.0028284274,-0.06100005,0.0028284274,0.767431277338722,0.12306850636013175,5.853711,,443.24802,1.0
2M19222954-2810304,4607.302,3.33,2.962,0.006,0.1,0.001,0.047,0.00244949,-0.001000002,0.00244949,0.153,0.003,0.17700002,0.0014142137,0.034,0.00244949,0.015999995,0.00244949,0.053999998,0.0014142137,0.29500002,0.0014142137,0.559331851522124,0.09658340805178067,3.625199,,190.7728,1.0
2M19220622-2926575,4453.356,3.175,2.092,0.014,-0.7,0.002,0.276,0.0046904157,0.030999959,0.0046904157,0.09399998,0.0061644143,0.364,0.0028284274,0.20099998,0.0041231057,0.338,0.0046904157,0.09099996,0.0028284274,-0.02700001,0.0028284274,1.096629159518529,0.14689099626539734,12.491919,,153.67545,1.0
2M13182322-1345369,4708.481,3.996,2.853,0.008,-0.233,0.001,0.10499999,0.003,-0.002000004,0.003,0.09699999,0.003,0.26,0.0014142137,0.100999996,0.003,0.14299999,0.003,-0.17999999,0.0014142137,0.104,0.0014142137,1.1034107289714292,0.11482046708942185,12.688513,,209.2879,1.0
2M13290155-1408034,4857.536,6.894,3.066,0.012,-0.658,0.002,0.297,0.0053851646,0.12400001,0.008306623,-0.07700002,0.010049876,0.403,0.0028284274,0.23299998,0.0053851646,0.43,0.0053851646,-0.008000016,0.0028284274,0.073000014,0.0028284274,1.23969076858937,0.05371940030465544,17.365639,,163.76662,1.0
2M13235943-0138342,4913.961,5.522,2.975,0.009,-0.469,0.001,0.088,0.0037416576,0.043000013,0.004358899,0.18,0.0050990195,0.24100001,0.0014142137,0.11600003,0.0037416576,0.11500001,0.0037416576,-0.30499998,0.0022360682,-0.187,0.0022360682,0.4380788540976105,0.12113963777740239,2.7420720000000003,,249.01318,1.0
2M03585780+1138125,4598.718,2.179,2.998,0.004,0.022,0.001,0.097,0.00244949,0.056,0.00244949,0.158,0.003,0.26099998,0.0014142137,0.023000002,0.00244949,0.09,0.00244949,-0.45099998,0.0014142137,-0.089,0.0014142137,0.9685592469248476,0.11308554433843339,9.301634,,285.47983,1.0
2M03470641+1643563,4784.37,5.898,3.151,0.009,-0.041,0.001,,,0.011000002,0.0033166248,0.229,0.0037416576,0.258,0.0014142137,0.078,0.0033166248,0.043,0.0033166248,-0.187,0.0014142137,-0.103999995,0.0014142137,0.42301178349312873,0.07737979357547954,2.648572,,165.63423,1.0
2M01093594+0820356,4514.602,1.815,2.864,0.004,0.211,0.001,0.038000003,0.00244949,0.033000007,0.00244949,0.29600003,0.00244949,0.18400002,0.0014142137,0.019000009,0.00244949,-0.012999997,0.00244949,-0.251,0.0014142137,0.065,0.0014142137,1.0028638723011778,0.12355051108366927,10.066161,,253.08643,1.0
2M08385247+2157191,4704.707,7.728,3.073,0.013,-0.179,0.002,0.198,0.0053851646,0.04100001,0.006,0.147,0.0067082043,,,0.17400001,0.0053851646,0.20500001,0.0053851646,-1.3709999,0.0036055513,0.14400001,0.0028284274,0.7126340465439622,0.09761221337470749,5.159814,,100.808655,1.0
2M03590812+1312550,4271.218,0.884,2.126,0.004,-0.113,0.001,0.048,0.0017320508,-0.014000006,0.0017320508,0.177,0.00244949,0.206,0.0014142137,0.026999995,0.0017320508,0.045999996,0.0017320508,-0.07,0.0014142137,0.099999994,0.0014142137,1.1761140733932125,0.10873016093646413,15.000788,,336.2121,1.0
2M08504772+1745490,5061.905,13.071,3.4,0.016,-0.232,0.002,0.073999986,0.0061644143,-0.032000005,0.007348469,0.173,0.008062257,0.19999999,0.0028284274,0.041999996,0.0061644143,0.037999988,0.0061644143,-0.201,0.0028284274,0.183,0.0028284274,0.10195077349982543,0.05891117401285855,1.264593,,120.68037,1.0
2M13263121-0207009,4490.289,1.893,2.746,0.004,-0.037,0.001,0.111,0.00244949,0.087,0.00244949,0.179,0.003,0.237,0.0014142137,0.058,0.00244949,0.104,0.00244949,-0.37,0.0014142137,-0.009999998,0.0014142137,1.1685380825612797,0.07837264745357161,14.741378,,259.9349,1.0
2M00430914+0202266,4359.102,1.338,2.056,0.007,-0.644,0.001,0.313,0.003,0.050000012,0.003,0.073000014,0.004582576,0.438,0.0014142137,0.18899998,0.003,0.31399998,0.003,-0.13499999,0.0014142137,0.045000017,0.0014142137,1.1550311954788672,0.12133288232730796,14.289966,,283.60886,1.0
2M00430914+0202266,4359.102,1.338,2.056,0.007,-0.644,0.001,0.313,0.003,0.050000012,0.003,0.073000014,0.004582576,0.438,0.0014142137,0.18899998,0.003,0.31399998,0.003,-0.13499999,0.0014142137,0.045000017,0.0014142137,1.1550311954788672,0.12133288232730796,14.289966,,283.60886,1.0
2M08490391+1634107,4690.056,3.464,3.155,0.005,0.063,0.001,0.111999996,0.00244949,0.027999997,0.00244949,0.291,0.003,0.194,0.0014142137,0.041999996,0.00244949,0.04,0.00244949,-0.201,0.0014142137,0.33400002,0.0014142137,0.756627057180719,0.11057550496168456,5.709881,,213.14442,1.0
2M03504578+2041081,4675.314,2.304,2.446,0.006,-0.481,0.001,0.09100002,0.00244949,-0.016000003,0.00244949,0.17300001,0.0033166248,0.292,0.0014142137,0.065,0.00244949,0.167,0.00244949,-0.102,0.0014142137,0.28100002,0.0014142137,0.7738552393819612,0.12217890196763745,5.9409410000000005,,378.42688,1.0
2M01092256+0948013,4810.196,6.763,3.092,0.011,-0.387,0.002,0.225,0.0041231057,0.12599999,0.0046904157,0.042999983,0.0061644143,0.363,0.0028284274,0.17,0.0041231057,0.262,0.0041231057,-1.0760001,0.0028284274,-0.048999995,0.0028284274,0.23852908121978617,0.03648770755921948,1.731925,,161.56433,1.0
2M08170016+1613143,4746.043,9.192,2.68,0.018,-0.345,0.003,0.088,0.0065574385,-0.039000005,0.0065574385,0.248,0.007071068,0.277,0.0036055513,0.072,0.0065574385,0.17999999,0.0065574385,0.315,0.0036055513,0.072,0.0036055513,0.6869077524834308,0.11646714739181857,4.863039,,110.84261,1.0
2M08244743+1007087,4627.725,0.732,2.563,0.002,-0.244,0.001,0.017000005,,-0.036,,0.204,,0.201,0.0014142137,0.045,,0.074,,-0.077999994,0.0014142137,-0.015999988,0.0014142137,1.2556791279788702,0.03639722932528474,18.016861,,1002.2134,1.0
2M16114003-1848535,4223.387,1.294,2.127,0.008,-0.237,0.001,0.235,0.00244949,0.134,0.00244949,0.172,0.003,0.365,0.0014142137,0.128,0.00244949,0.223,0.00244949,-0.427,0.0014142137,0.198,0.0014142137,1.219723698175454,0.07627290891047703,16.585314,,176.54503,1.0
2M16114003-1848535,4223.387,1.294,2.127,0.008,-0.237,0.001,0.235,0.00244949,0.134,0.00244949,0.172,0.003,0.365,0.0014142137,0.128,0.00244949,0.223,0.00244949,-0.427,0.0014142137,0.198,0.0014142137,1.219723698175454,0.07627290891047703,16.585314,,176.54503,1.0
2M19213659-2804565,4411.505,0.618,2.343,0.002,-0.314,0.001,0.06100002,0.0017320508,-0.02699998,0.0017320508,0.15100001,0.00244949,0.245,0.0014142137,0.01700002,0.0017320508,0.058,0.0017320508,0.023000002,0.0014142137,0.23000002,0.0014142137,1.1441631300683401,0.12191544120612924,13.936801999999998,,747.72235,1.0
2M10403580+0613500,4975.559,7.137,3.153,0.011,-0.514,0.002,0.09099999,0.0046904157,0.08399999,0.0061644143,0.013999999,0.0061644143,0.19999999,0.0028284274,0.102,0.0046904157,0.21900001,0.0046904157,0.018000007,0.0028284274,0.21000001,0.0028284274,0.4140319137292911,0.10303489565139204,2.59437,,221.93108,1.0
2M10403580+0613500,4975.559,7.137,3.153,0.011,-0.514,0.002,0.09099999,0.0046904157,0.08399999,0.0061644143,0.013999999,0.0061644143,0.19999999,0.0028284274,0.102,0.0046904157,0.21900001,0.0046904157,0.018000007,0.0028284274,0.21000001,0.0028284274,0.4140319137292911,0.10303489565139204,2.59437,,221.93108,1.0
2M00523589-0035091,4783.129,2.45,3.117,0.004,-0.293,0.001,0.22000001,0.00244949,0.09300001,0.00244949,0.11600001,0.0033166248,0.31300002,0.0014142137,0.157,0.00244949,0.21400002,0.00244949,-0.22800002,0.0014142137,-0.021999985,0.0014142137,0.7399568689004135,0.11104491253287249,5.494863,,418.34888,1.0
2M23281237-0011489,4327.489,0.77,2.11,0.003,-0.405,0.001,0.083000004,0.0017320508,-0.0069999993,0.0017320508,0.103000015,0.00244949,0.26700002,0.0014142137,0.08000001,0.0017320508,0.07699999,0.0017320508,0.018000007,0.0014142137,-0.57500005,0.0014142137,1.1138324594283753,0.14926565141219902,12.996681,,516.04266,1.0
2M14045951-1430023,4246.135,2.048,1.995,0.014,-0.411,0.002,0.278,0.00489898,0.100000024,0.00489898,0.17500001,0.0053851646,0.35300002,0.0028284274,0.120000005,0.0045825755,0.256,0.00489898,0.006000012,0.0028284274,-0.02699998,0.0028284274,1.1991128843812,0.09307618707808905,15.816591,,121.35942,1.0
2M08314946+2153228,4629.39,5.478,2.209,0.016,-0.897,0.002,0.26700002,0.0053851646,0.060000002,0.007483315,0.039000034,0.010049876,0.325,0.0028284274,0.19,0.0053851646,0.476,0.0053851646,-0.31399995,0.0028284274,-0.39799994,0.0036055513,1.0858211495658077,0.13410400494495425,12.184877,,154.84233,1.0
2M23035546-0121476,4835.849,2.303,3.001,0.003,-0.131,0.001,0.0119999945,0.0017320508,-0.055000007,0.00244949,0.262,0.00244949,0.197,0.0014142137,0.029,0.0017320508,0.0029999912,0.0017320508,-0.13000001,0.0014142137,0.114999995,0.0014142137,0.3434954440155063,0.10942209765062771,2.205441,,462.58694,1.0
2M22221948-1458464,4577.935,1.213,2.869,0.003,0.163,0.001,0.038000003,0.0017320508,0.032999992,0.0017320508,0.413,0.0017320508,0.202,0.0014142137,0.0,0.0017320508,0.017999992,0.0017320508,-0.292,0.0014142137,-0.004999995,0.0014142137,0.8359594338273248,0.1261905336671851,6.854242,,459.50763,1.0
2M13394285-1016379,4486.95,1.768,2.612,0.005,-0.14,0.001,0.171,0.00244949,0.067,0.00244949,0.171,0.003,0.269,0.0014142137,0.093,0.00244949,0.149,0.00244949,-0.193,0.0014142137,-0.242,0.0014142137,1.2059803101833002,0.06930344062912593,16.068684,,264.89145,1.0
2M18495104-2535502,4515.121,1.66,2.532,0.005,-0.126,0.001,0.033,0.0017320508,-0.06299999,0.0017320508,0.213,0.00244949,0.235,0.0014142137,0.038000003,0.0017320508,0.054000005,0.0017320508,-0.13700001,0.0014142137,0.22,0.0014142137,0.40036009080729956,0.09852789263611875,2.51397,,303.5944,1.0
2M13281275-1044227,4636.913,3.259,3.02,0.005,0.108,0.001,0.045999996,0.00244949,0.0,0.00244949,0.18599999,0.003,0.151,0.0014142137,0.04,0.00244949,-0.0040000007,0.00244949,-0.132,0.0014142137,-0.012000002,0.0014142137,1.156940445747195,0.09536949329593178,14.352926,,216.66467,1.0
2M04043485+1310306,4643.525,2.017,2.491,0.005,-0.356,0.001,0.08900002,0.0017320508,-0.0059999824,0.00244949,0.148,0.00244949,0.257,0.0014142137,0.07500002,0.0017320508,0.125,0.0017320508,-0.40100002,0.0014142137,-0.044999987,0.0014142137,0.9653196456011339,0.1296793402193505,9.232507,,372.35358,1.0
2M03464418+1506376,4788.267,2.502,3.301,0.003,0.016,0.001,0.033,0.0017320508,-0.031,0.0017320508,0.167,0.00244949,0.222,0.0014142137,0.038999997,0.0017320508,0.012,0.0017320508,-0.124000005,0.0014142137,0.084,0.0014142137,0.8105945256486228,0.09934662424321355,6.465387000000001,,377.77975,1.0
2M13331766-1438057,4975.46,8.185,2.953,0.013,-0.607,0.002,0.262,0.0053851646,0.183,0.0067082043,0.12399998,0.007483315,0.301,0.0028284274,0.125,0.0053851646,0.339,0.0053851646,-1.893,0.0036055513,0.132,0.0028284274,1.1234760261043757,0.09776881267713228,13.288502,,167.82167,1.0
2M13305142-0302596,4702.67,6.864,2.835,0.013,-0.283,0.002,0.025000006,0.00489898,-0.024000019,0.0053851646,0.188,0.0053851646,0.24499999,0.0028284274,0.04599999,0.00489898,0.047999993,0.00489898,-0.951,0.0028284274,0.206,0.0028284274,0.4952725756684317,0.13955146602567914,3.128042,,135.75604,1.0
2M04120380+1314213,4721.494,4.467,2.392,0.01,-0.549,0.001,0.08000001,0.0037416576,-0.03999996,0.0037416576,0.19900003,0.004358899,0.27400002,0.0014142137,0.07800004,0.0037416576,0.21500003,0.0037416576,-0.27599996,0.0022360682,-0.08199996,0.0014142137,0.074162313144814,0.07830493398123153,1.186212,,224.92691,1.0
2M08253188+2043157,4594.087,2.768,3.063,0.006,-0.029,0.001,0.138,0.00244949,0.076,0.00244949,0.167,0.003,0.257,0.0014142137,0.099,0.00244949,0.095,0.00244949,-1.1389999,0.0022360682,0.31300002,0.0014142137,0.6168746502798929,0.04096713566027489,4.138802,,210.75203,1.0
2M13223127-1708442,4658.413,1.323,2.694,0.003,-0.068,0.001,-0.0069999993,0.0017320508,-0.10699999,0.0017320508,0.261,0.00244949,0.163,0.0014142137,0.033000004,0.0017320508,0.012000002,0.0017320508,-0.36699998,0.0014142137,0.21800001,0.0014142137,0.4174547528969392,0.12999106961296242,2.614898,,569.1403,1.0
2M13315821-1019170,4562.998,3.438,2.9,0.007,-0.005,0.001,0.124000005,0.0033166248,0.04,0.0033166248,0.146,0.0037416576,0.27899998,0.0014142137,0.07,0.0033166248,0.08400001,0.0033166248,-0.133,0.0014142137,0.019000001,0.0014142137,1.1442928368659904,0.10494448299950321,13.940965,,156.24779,1.0
2M15592198-2207030,4599.344,3.542,2.917,0.007,-0.035,0.001,0.109,0.00244949,0.074,0.00244949,0.113000005,0.003,0.195,0.0014142137,0.073,0.00244949,0.082,0.00244949,-0.17300001,0.0014142137,-0.089,0.0014142137,0.7912702534256392,0.11934867283957372,6.184011,,189.58926,1.0
2M13485814-1028461,4924.287,8.68,3.259,0.012,-0.29,0.002,0.11199999,0.0053851646,0.020999998,0.006,0.087999985,0.006,0.276,0.0028284274,0.095999986,0.0053851646,0.169,0.0053851646,-0.10100001,0.0028284274,-0.016000003,0.0028284274,0.27885713355867037,0.07835524354483117,1.900453,,150.11351,1.0
2M08200204+2039484,4594.906,2.38,2.323,0.006,-0.349,0.001,0.043000013,0.00244949,-0.09399998,0.003,0.207,0.003,0.193,0.0014142137,0.04000002,0.00244949,0.062000006,0.00244949,0.237,0.0014142137,-0.23199996,0.0014142137,0.11797620316629359,0.006441958026414339,1.312128,,307.48373,1.0
2M13284461-1434221,4248.947,0.428,2.12,0.002,-0.173,0.001,0.03999999,0.0017320508,-0.018000007,0.0017320508,0.173,0.00244949,0.17099999,0.0014142137,0.0,0.0017320508,0.044999987,0.0017320508,-0.055000007,0.0014142137,0.145,0.0014142137,1.1656103091355345,0.11822673856455389,14.642334,,633.2725,1.0
2M13493451-1139053,4380.474,2.214,2.243,0.01,-0.403,0.002,0.271,0.0041231057,0.07100001,0.0041231057,0.13,0.0046904157,0.409,0.0022360682,0.211,0.0037416574,0.243,0.0037416574,-0.374,0.0028284274,0.07699999,0.0028284274,1.125489235825817,0.12785767386842822,13.350245,,162.3796,1.0
2M23163199-0007069,4395.607,2.254,2.124,0.01,-0.665,0.001,0.31100002,0.0037416576,0.12200004,0.0037416576,0.088,0.004358899,0.45700002,0.0014142137,0.27800003,0.0037416576,0.26400003,0.0037416576,0.35900003,0.0014142137,0.37500003,0.0014142137,1.2152109100546877,0.07951880242392097,16.413867,,197.27408,1.0
2M23394124-0944116,4525.111,0.918,2.784,0.002,0.106,0.001,-0.020999998,0.0017320508,-0.029,0.0017320508,0.157,0.00244949,0.155,0.0014142137,0.0069999993,0.0017320508,-0.029,0.0017320508,-0.23499998,0.0014142137,-0.107999995,0.0014142137,0.9507637157315088,0.1261230032275551,8.928196,,544.44775,1.0
2M04214012+1709173,4530.415,0.846,2.207,0.002,-0.266,0.001,-0.05399999,0.0017320508,-0.18399999,0.0017320508,0.29500002,0.00244949,0.146,0.0014142137,0.013999999,0.0017320508,-0.039000005,0.0017320508,0.185,0.0014142137,0.051,0.0014142137,-0.2949560650990833,0.11862623384286639,0.507042,,724.47906,1.0
2M17212266-2422412,4768.102,5.939,3.195,0.008,-0.01,0.001,,,-0.049999997,0.0037416576,0.122999996,0.004358899,,,-0.01,0.0033166248,0.042000003,0.0033166248,-0.117000006,0.0022360682,-0.012,0.0014142137,0.5123138340626898,0.10209619451083969,3.253223,,157.31883,1.0
2M08213011+1633576,4611.476,3.158,2.746,0.007,-0.237,0.001,0.136,0.00244949,0.022,0.003,0.09900001,0.003,0.334,0.0014142137,0.08500001,0.00244949,0.13100001,0.00244949,-0.13399999,0.0014142137,0.004000008,0.0014142137,0.7383089186140748,0.13486504613466266,5.474052,,203.62312,1.0
2M16100837-2540061,4144.869,0.52,2.258,0.002,0.228,0.001,0.031000003,,0.06300001,,0.235,0.0017320508,0.15499999,0.0014142137,-0.037,,0.038000003,,-0.191,0.0014142137,-0.069000006,0.0014142137,1.2121629848042252,0.08363251296513444,16.299076,,389.7501,1.0
2M16100837-2540061,4144.869,0.52,2.258,0.002,0.228,0.001,0.031000003,,0.06300001,,0.235,0.0017320508,0.15499999,0.0014142137,-0.037,,0.038000003,,-0.191,0.0014142137,-0.069000006,0.0014142137,1.2121629848042252,0.08363251296513444,16.299076,,389.7501,1.0
2M04233613+1900599,4679.211,3.226,2.464,0.007,-0.401,0.001,0.030999988,0.003,-0.113000005,0.003,0.152,0.0037416576,,,0.069000006,0.003,0.07699999,0.003,0.083000004,0.0014142137,-0.004000008,0.0014142137,0.21998301415063096,0.14379287892933068,1.6595220000000002,,279.69406,1.0
2M16132476-2546429,4561.172,4.119,2.766,0.009,0.005,0.002,0.041,0.0037416574,0.015999999,0.0037416574,0.21000001,0.0041231057,0.242,0.0028284274,0.049000002,0.0037416574,0.054,0.0037416574,-0.121,0.0028284274,-0.0009999997,0.0028284274,1.1313819831474337,0.10223425434486123,13.532623,,144.99115,1.0
2M08211200+1630011,4836.23,4.784,3.104,0.008,-0.292,0.001,0.09099999,0.003,-0.036000013,0.0037416576,0.087,0.0037416576,0.281,0.0014142137,0.08499999,0.003,0.147,0.003,-0.18400002,0.0014142137,0.021999985,0.0014142137,0.4983568760638595,0.09404808838187126,3.150336,,217.85983,1.0
2M19211051-2853322,4268.844,2.307,1.954,0.015,-0.475,0.002,0.251,0.00489898,0.11199999,0.00489898,0.14499998,0.0053851646,0.359,0.0028284274,0.08199999,0.0045825755,0.249,0.00489898,-0.22800002,0.0028284274,0.281,0.0028284274,1.118880273372185,0.14540654945891526,13.148623,,114.96057,1.0
2M01303587+0703496,4400.875,0.39,2.743,0.001,0.293,0.001,0.01999998,,0.012999982,,0.26399997,,0.21199998,0.0014142137,0.023000002,,-0.0150000155,,-0.17300001,0.0014142137,0.176,0.0014142137,1.066816345205348,0.10190728589870773,11.663163,,888.0342,1.0
2M17205356-2318498,4093.157,0.72,2.095,0.003,0.274,0.001,-0.040999994,,0.07500002,,0.206,0.0017320508,0.06300002,0.0014142137,-0.048999995,,0.008000016,,-0.169,0.0014142137,0.033000022,0.0014142137,0.2702778892968752,0.003588744432725515,1.863279,,307.32123,1.0
2M04132788+2314474,4902.766,8.422,2.194,0.017,-1.731,0.004,0.078999996,0.008774964,-0.05700004,0.045453273,-0.513,2.7570074,-0.43499994,0.006403124,-0.7850001,0.012727923,0.2679999,0.008124038,-0.38600016,0.006403124,0.40499997,0.005,1.1163053591580707,0.11649521352520788,13.070896,,362.008,1.0
2M23061536-0820205,4636.192,3.522,3.042,0.006,0.118,0.001,0.044,0.00244949,0.022,0.00244949,0.167,0.003,0.267,0.0014142137,-0.038000003,0.00244949,0.031000003,0.00244949,-0.301,0.0014142137,0.157,0.0014142137,0.7709417320304063,0.11136627469372318,5.901219,,200.22588,1.0
2M00582372+0330501,4448.917,0.844,2.521,0.003,,,,,,,,,,,,,,,,,,,1.1476240202899664,0.11709150106616774,14.048308,,465.4455,1.0
2M00582372+0330501,4448.917,0.844,2.521,0.003,,,,,,,,,,,,,,,,,,,1.1476240202899664,0.11709150106616774,14.048308,,465.4455,1.0
2M12284156-0217128,4877.519,3.983,3.18,0.006,-0.663,0.002,0.288,0.0041231057,0.14499998,0.0075498344,-0.10500002,0.009433981,0.40699998,0.0022360682,,,0.42299998,0.0041231057,-0.26100004,0.0028284274,-0.22900003,0.0028284274,0.5809869807499438,0.06013960304890086,3.810544,,333.4254,1.0
2M13385258-1050229,4494.126,3.645,2.771,0.009,-0.157,0.002,0.15900001,0.0037416574,0.118,0.0041231057,0.126,0.0046904157,0.335,0.0028284274,0.12200001,0.0037416574,0.147,0.0037416574,0.08800001,0.0028284274,0.16600001,0.0028284274,1.1773395655017822,0.09583096028293729,15.043176999999998,,133.8501,1.0
2M08440932+1120274,4315.113,1.185,2.038,0.007,-0.562,0.001,0.26999998,0.00244949,0.055999994,0.003,0.07499999,0.0037416576,,,,,0.26,0.00244949,-0.19700003,0.0014142137,0.034999967,0.0014142137,1.1786460959873077,0.10712492890981225,15.088501,,270.7347,1.0
2M04091101+2037594,4892.57,5.885,3.291,0.008,-0.479,0.002,0.22299999,0.0041231057,0.07699999,0.0061644143,-0.04700002,0.0069999998,0.273,0.0022360682,0.167,0.0041231057,0.19100001,0.0041231057,-0.14799997,0.0028284274,0.244,0.0022360682,0.7055835532932735,0.1008157343797559,5.076724,,227.325,1.0
2M03521462+2223381,4709.301,3.541,3.047,0.005,0.012,0.001,0.021,0.00244949,-0.047,0.00244949,0.206,0.003,,,0.038000003,0.00244949,-0.026999999,0.00244949,-0.198,0.0014142137,0.036,0.0014142137,0.5285034099732596,0.09927334571853663,3.376785,,248.90498,1.0
2M13310514-1050161,4786.178,6.812,2.967,0.012,-0.219,0.002,0.082,0.00489898,-0.05600001,0.0053851646,0.09,0.006,0.269,0.0028284274,0.118999995,0.00489898,0.055999994,0.00489898,-0.26099998,0.0028284274,0.094,0.0028284274,0.8279027655460316,0.11763151853619712,6.728260000000001,,147.05261,1.0
2M22404442-1443373,4616.329,7.163,2.449,0.018,-0.449,0.002,0.096000016,0.0061644143,-0.01699999,0.0067082043,0.096000016,0.008062257,0.345,0.0028284274,0.099999994,0.0061644143,0.213,0.0061644143,0.127,0.0028284274,-0.09100002,0.0036055513,0.6469412127933101,0.14041317078107812,4.435486,,103.78815,1.0
2M01143180+0607043,4742.267,5.772,3.103,0.01,-0.375,0.002,0.29299998,0.0041231057,0.092999995,0.0053851646,0.08399999,0.0061644143,0.435,0.0028284274,0.251,0.0041231057,0.30699998,0.0041231057,0.11500001,0.0028284274,-0.16100001,0.0028284274,0.8409319117869108,0.11881147042952186,6.933171000000001,,157.50394,1.0
2M03503612+2329357,4635.857,1.783,2.898,0.003,-0.051,0.001,0.042999998,0.0017320508,-0.050000004,0.0017320508,0.088,0.00244949,0.174,0.0014142137,0.055999998,0.0017320508,0.051,0.0017320508,-0.119,0.0014142137,0.013999999,0.0014142137,0.7817068458139863,0.12052175064580738,6.049324,,396.42175,1.0
2M23015352-0149393,4763.978,5.184,2.926,0.009,-0.289,0.001,0.10700001,0.0037416576,-0.023999989,0.0037416576,0.09200001,0.004358899,0.315,0.0014142137,0.052,0.0037416576,0.068,0.0037416576,-0.083000004,0.0014142137,-0.118,0.0014142137,0.9353685415007131,0.12326768184780446,8.617247,,194.839,1.0
2M22282499-1132332,4790.075,7.701,2.997,0.014,-0.393,0.002,0.273,0.0053851646,-0.004000008,0.006,0.30200002,0.0067082043,0.368,0.0028284274,0.202,0.0053851646,0.321,0.0053851646,-0.055000007,0.0028284274,-0.037,0.0028284274,0.7848558394775571,0.1241642491718043,6.093346,,123.79218,1.0
2M13495340-1207418,4177.15,0.548,1.81,0.004,-0.41,0.001,0.247,0.0017320508,0.08899999,0.0017320508,0.157,0.00244949,,,0.14199999,0.0017320508,0.183,0.0017320508,-0.11100003,0.0014142137,-0.24600002,0.0014142137,1.1946573163943925,0.09821843373648308,15.655153,,381.29193,1.0
2M23272856-0029028,4909.367,2.269,3.331,0.003,0.025,0.001,0.0,0.0017320508,-0.069,0.00244949,0.304,0.00244949,0.18599999,0.0014142137,0.046000004,0.0017320508,0.0020000003,0.0017320508,-2.0870001,0.0022360682,-0.012,0.0014142137,0.4222497884375696,0.08466538753361263,2.643929,,506.2499,1.0
2M13351009-1354142,4878.257,10.255,3.207,0.014,-0.397,0.002,0.298,0.0061644143,0.15700002,0.007348469,0.024000019,0.008831761,0.435,0.0028284274,0.19600001,0.0061644143,0.20300001,0.0061644143,-0.095,0.0028284274,0.048000008,0.0028284274,0.9952554815939897,0.11634836415918332,9.891348,,124.65363,1.0
2M03450386+1602242,4932.247,3.975,3.065,0.006,-0.145,0.001,0.0029999912,0.003,-0.145,0.003,0.219,0.0037416576,0.185,0.0014142137,0.01699999,0.003,0.059999995,0.003,-0.135,0.0014142137,0.013999999,0.0014142137,-0.019405390083599126,0.038957032614861595,0.956301,,306.98917,1.0
2M10484857+0018283,4978.722,19.898,2.559,0.036,-1.094,0.004,0.08899999,0.012845233,-0.16200006,0.04627094,-0.459,0.5551045,-0.04100001,0.0056568547,0.19999999,0.012845233,0.291,0.012845233,0.044999957,0.0056568547,0.17699999,0.0056568547,0.18282307379738208,0.1237589266232363,1.523432,,109.46702,1.0
2M10484857+0018283,4978.722,19.898,2.559,0.036,-1.094,0.004,0.08899999,0.012845233,-0.16200006,0.04627094,-0.459,0.5551045,-0.04100001,0.0056568547,0.19999999,0.012845233,0.291,0.012845233,0.044999957,0.0056568547,0.17699999,0.0056568547,0.18282307379738208,0.1237589266232363,1.523432,,109.46702,1.0
2M08170112+1750408,4687.52,1.67,2.814,0.003,-0.258,0.001,0.09299998,0.0017320508,0.029999986,0.00244949,0.09299998,0.00244949,0.22899999,0.0014142137,0.058999985,0.0017320508,0.07999998,0.0017320508,-0.11500001,0.0014142137,0.094999984,0.0014142137,1.1551847369300812,0.09975437815245022,14.295019,,522.64386,1.0
2M09080306+1551309,4368.847,3.343,2.184,0.014,-0.464,0.002,0.19199997,0.00489898,0.059999973,0.00489898,0.10599998,0.006,,,0.12599999,0.00489898,0.197,0.00489898,-0.021000028,0.0028284274,-0.523,0.0028284274,1.1871814720608977,0.09940516730192188,15.387975,,127.977,1.0
2M23044815-0603169,4601.36,5.897,2.838,0.011,-0.005,0.002,0.05,0.00489898,0.024999999,0.00489898,0.096,0.0053851646,0.22,0.0028284274,0.022,0.00489898,0.042,0.00489898,-0.3,0.0028284274,-0.009000001,0.0028284274,0.8100080521055432,0.13378621584145037,6.456662000000001,,114.638,1.0
2M13561133-0819208,4801.847,4.32,3.141,0.006,-0.14,0.001,0.093,0.003,-0.067,0.0037416576,0.012999997,0.0037416576,0.22,0.0014142137,0.094,0.003,0.019000001,0.003,-0.379,0.0014142137,0.215,0.0014142137,1.08492946769152,0.11946613088680418,12.159885,,235.64131,1.0
2M04054380+1552085,4878.267,4.027,2.98,0.006,-0.214,0.001,0.033000007,0.003,-0.10700001,0.003,0.22,0.0037416576,0.155,0.0014142137,0.063999996,0.003,0.083000004,0.003,-0.038000003,0.0014142137,-0.098000005,0.0014142137,0.32669728114170443,0.09976083607604906,2.1217650000000003,,282.8601,1.0
2M10193757+0509503,4530.806,3.693,2.904,0.008,0.041,0.002,0.110999994,0.0037416574,0.027000003,0.0041231057,0.12799999,0.0046904157,0.343,0.0028284274,0.08,0.0037416574,0.1,0.0037416574,0.063,0.0028284274,0.19799998,0.0028284274,1.0511588920530723,0.12258469111219239,11.250165,,138.7221,1.0
2M10193757+0509503,4530.806,3.693,2.904,0.008,0.041,0.002,0.110999994,0.0037416574,0.027000003,0.0041231057,0.12799999,0.0046904157,0.343,0.0028284274,0.08,0.0037416574,0.1,0.0037416574,0.063,0.0028284274,0.19799998,0.0028284274,1.0511588920530723,0.12258469111219239,11.250165,,138.7221,1.0
2M00435910+0234080,4735.904,15.006,1.904,0.037,-1.527,0.005,0.14499998,0.015264338,0.74799997,0.017029386,-0.25100005,0.023853721,-0.143,0.0078102495,0.5209999,0.014764823,0.30499995,0.015264338,0.72999996,0.005830952,-0.97300005,0.009433982,1.1493654236866695,0.12012994495308067,14.104751,,105.81493,1.0
2M00435910+0234080,4735.904,15.006,1.904,0.037,-1.527,0.005,0.14499998,0.015264338,0.74799997,0.017029386,-0.25100005,0.023853721,-0.143,0.0078102495,0.5209999,0.014764823,0.30499995,0.015264338,0.72999996,0.005830952,-0.97300005,0.009433982,1.1493654236866695,0.12012994495308067,14.104751,,105.81493,1.0
2M22423323-1551478,4693.792,2.286,3.302,0.003,0.167,0.001,0.00500001,0.0017320508,-0.008000001,0.0017320508,0.19800001,0.00244949,0.17500001,0.0014142137,-0.019999996,0.0017320508,-0.022,0.0017320508,-0.08799999,0.0014142137,0.227,0.0014142137,0.5212182638073378,0.04829424406017504,3.320613,,332.98712,1.0
2M08382903+1856313,4142.085,0.514,1.917,0.003,-0.15,0.001,0.14600001,0.0017320508,0.083000004,0.0017320508,0.19600001,0.0017320508,0.26500002,0.0014142137,0.035000004,,0.10800001,0.0017320508,-0.15,0.0014142137,-0.265,0.0014142137,1.2004795211215213,0.092879502400779,15.866441,,402.01038,1.0
2M13202154-1545339,4826.26,2.666,2.817,0.005,-0.398,0.001,0.081,0.00244949,-0.03400001,0.00244949,0.16600001,0.0033166248,0.238,0.0014142137,0.09799999,0.00244949,0.055000007,0.00244949,-0.12900001,0.0014142137,0.261,0.0014142137,0.7404861694965913,0.13187625008145012,5.501564,,436.6005,1.0
2M08292855+1736129,4669.161,2.254,2.559,0.006,-0.605,0.001,0.24200001,0.00244949,-0.04399997,0.0033166248,0.28100002,0.004242641,0.361,0.0014142137,0.18800002,0.00244949,0.30600002,0.00244949,-0.38099998,0.0022360682,-0.097,0.0014142137,1.078003871627658,0.13548607950648717,11.967512,,382.08533,1.0
2M04201060+1443051,4898.092,4.56,2.975,0.007,-0.299,0.001,0.04699999,0.003,-0.137,0.0037416576,0.232,0.0037416576,0.284,0.0014142137,0.087,0.003,0.054999992,0.003,0.08399999,0.0014142137,-0.18200001,0.0014142137,0.5278502139907048,0.11621577413250399,3.37171,,271.6246,1.0
2M14065495-0805487,4295.806,0.48,2.106,0.003,-0.375,0.001,0.277,0.0017320508,0.06299999,0.0017320508,0.09099999,0.00244949,0.396,0.0014142137,0.189,0.0017320508,0.223,0.0017320508,-0.0119999945,0.0014142137,-0.046000004,0.0014142137,1.1904821341361347,0.0992485139117279,15.50537,,622.55414,1.0
2M23083919-0527277,4711.737,2.259,2.969,0.004,-0.37,0.001,0.294,0.00244949,0.13800001,0.00244949,0.134,0.0033166248,0.397,0.0014142137,0.161,0.0017320508,0.252,0.00244949,-0.19300002,0.0014142137,-0.002000004,0.0014142137,0.8102035416535716,0.11914060602769022,6.459569,,378.52386,1.0
2M23155448-0307247,4800.339,7.303,2.954,0.012,-0.118,0.002,0.013000004,0.00489898,-0.042999998,0.00489898,0.15200001,0.0053851646,0.15900001,0.0028284274,-0.0040000007,0.00489898,0.081,0.00489898,-0.059,0.0028284274,-0.16600001,0.0028284274,0.6071567052361967,0.11885235963130938,4.047219,,124.17092,1.0
2M11200248+0120424,4252.497,1.414,2.096,0.01,-0.367,0.001,0.333,0.0033166248,0.103000015,0.0033166248,0.15500002,0.004358899,0.372,0.0014142137,0.143,0.0033166248,0.27400002,0.0033166248,-0.17599997,0.0014142137,-0.42599997,0.0014142137,1.164518361832414,0.11455243178486865,14.605565,,175.77368,1.0
2M11200248+0120424,4252.497,1.414,2.096,0.01,-0.367,0.001,0.333,0.0033166248,0.103000015,0.0033166248,0.15500002,0.004358899,0.372,0.0014142137,0.143,0.0033166248,0.27400002,0.0033166248,-0.17599997,0.0014142137,-0.42599997,0.0014142137,1.164518361832414,0.11455243178486865,14.605565,,175.77368,1.0
2M04153231+2320537,4681.644,2.203,2.427,0.005,-0.509,0.001,0.078999996,0.0017320508,0.17500001,0.0017320508,0.324,0.00244949,,,0.078999996,0.0017320508,0.096000016,0.0017320508,0.499,0.0014142137,0.18400002,0.0014142137,0.9764747462205476,0.14170018652624886,9.472721,,387.95517,1.0
2M08392695+1337504,4708.224,7.409,2.271,0.019,-1.005,0.002,0.305,0.0067082043,0.08899999,0.012247449,-0.12899995,0.019748418,0.41799998,0.0028284274,0.305,0.0067082043,0.45999998,0.0067082043,0.112999976,0.0028284274,-0.120000005,0.0036055513,1.1743412080125755,0.1035699762120195,14.939677,,145.77911,1.0
2M12073427-0009431,4616.464,1.678,2.838,0.004,-0.365,0.001,0.308,0.00244949,0.11400002,0.00244949,0.11400002,0.0033166248,0.425,0.0014142137,0.16100001,0.0017320508,0.303,0.00244949,-0.218,0.0014142137,0.26000002,0.0014142137,1.0369138874204717,0.13379452370021241,10.887142,,390.26157,1.0
2M13420089-1115116,4621.435,6.075,2.671,0.015,-0.445,0.002,0.268,0.0053851646,0.034999996,0.0067082043,0.08899999,0.007483315,0.38,0.0028284274,0.239,0.0053851646,0.304,0.0053851646,-0.68899995,0.0036055513,0.047999978,0.0028284274,0.8802671233053732,0.1341148392551691,7.590443,,116.29246,1.0
2M19173345-2920412,4528.763,1.544,2.78,0.003,0.026,0.001,0.024999999,0.0017320508,-0.005000001,0.0017320508,0.19999999,0.00244949,0.15900001,0.0014142137,0.022999998,0.0017320508,0.019000001,0.0017320508,-0.185,0.0014142137,-0.028,0.0014142137,1.2382612138931488,0.06100798125268935,17.308571,,338.0431,1.0
2M08205215+2045489,4718.329,4.269,3.112,0.006,0.131,0.001,0.015000001,0.00244949,0.04100001,0.00244949,0.268,0.003,0.184,0.0014142137,0.030000001,0.00244949,-0.024999999,0.00244949,-0.366,0.0014142137,0.163,0.0014142137,0.5466365448361307,0.10332118080146362,3.5207610000000003,,188.05914,1.0
2M00574135+0812372,4823.91,1.787,3.112,0.003,-0.134,0.001,0.043000005,0.0017320508,-0.060000002,0.00244949,0.199,0.00244949,0.165,0.0014142137,0.062000006,0.00244949,-0.001000002,0.0017320508,-0.08499999,0.0014142137,0.149,0.0014142137,0.24190144096290653,0.0647592747681733,1.745426,,611.5403,1.0
2M04210079+1813324,4699.801,2.255,3.095,0.003,0.091,0.001,0.035000004,0.0017320508,0.04500001,0.0017320508,0.245,0.0017320508,,,0.04500001,0.0017320508,-0.027999997,0.0017320508,-0.116,0.0014142137,0.169,0.0014142137,0.8064279260529603,0.1178771550355462,6.4036550000000005,,342.83292,1.0
2M08310577+1557194,4751.293,1.307,2.936,0.002,-0.082,0.001,-0.0040000007,0.0017320508,-0.077999994,0.0017320508,0.315,0.00244949,0.146,0.0014142137,0.027000003,0.0017320508,-0.009999998,0.0017320508,-0.186,0.0014142137,0.016000003,0.0014142137,0.7058162621648042,0.12769204000670248,5.079445,,692.53284,1.0
2M13214071-1640522,4935.91,10.132,3.062,0.016,-0.481,0.002,0.197,0.0061644143,0.020999998,0.008831761,0.06999999,0.009643651,0.334,0.0028284274,0.17200002,0.0061644143,0.32700002,0.0061644143,0.268,0.0028284274,-0.421,0.0036055513,0.2457504776247674,0.07111563386044062,1.760964,,130.74191,1.0
2M22070851-1038531,4541.306,1.738,2.891,0.004,-0.086,0.001,0.191,0.0017320508,0.113000005,0.0017320508,0.18200001,0.00244949,0.333,0.0014142137,0.094000004,0.0017320508,0.14500001,0.0017320508,-0.162,0.0014142137,0.157,0.0014142137,1.074398029654591,0.12064839874009795,11.86856,,293.614,1.0
2M04112190+1910456,4941.976,7.014,3.227,0.011,-0.374,0.002,0.14700001,0.0041231057,0.01000002,0.0053851646,0.066000015,0.0061644143,0.32700002,0.0022360682,0.13900001,0.0041231057,0.10500002,0.0041231057,-0.462,0.0028284274,0.04700002,0.0028284274,0.4422931548128614,0.09153552898642194,2.76881,,187.81078,1.0
2M13482160-1030321,4509.367,3.459,2.776,0.008,0.09,0.002,0.066,0.0037416574,0.018999994,0.0037416574,0.20899999,0.0041231057,0.125,0.0028284274,0.047999993,0.0037416574,0.051,0.0037416574,0.05399999,0.0028284274,-0.235,0.0028284274,1.059477800061884,0.08959104879657855,11.467739,,136.64435,1.0
2M08321120+1054499,4796.945,1.915,2.98,0.003,-0.107,0.001,0.030000001,0.0017320508,-0.087000005,0.00244949,0.243,0.00244949,0.149,0.0014142137,0.057,0.0017320508,0.0050000027,0.0017320508,-0.051999994,0.0014142137,0.013999999,0.0014142137,0.42768568289408726,0.11385300025025945,2.67723,,520.8095,1.0
2M22004745-1127033,4615.485,1.101,2.942,0.002,0.296,0.001,0.013999999,0.0017320508,-0.073,0.0017320508,0.508,0.0017320508,0.21700001,0.0014142137,-0.0119999945,0.0017320508,-0.02000001,0.0017320508,-0.331,0.0014142137,0.254,0.0014142137,0.6271848286920759,0.11898681581432097,4.238233,,533.88245,1.0
2M00534599+0548349,4509.024,2.509,2.549,0.007,-0.054,0.001,0.0050000027,0.00244949,-0.044999998,0.00244949,0.206,0.003,0.164,0.0014142137,0.036000002,0.00244949,0.04,0.00244949,-0.166,0.0014142137,-0.11,0.0014142137,1.034234044060223,0.1488635880416044,10.820169,,200.9082,1.0
2M22182719-1252464,4552.135,1.267,2.691,0.003,-0.103,0.001,0.048,0.0017320508,-0.016000003,0.0017320508,0.20300001,0.00244949,0.22600001,0.0014142137,0.009999998,0.0017320508,0.046,0.0017320508,-0.118,0.0014142137,-0.047999993,0.0014142137,0.876807203177342,0.12842421250224687,7.530212,,446.57773,1.0
2M23070178-0443348,4778.921,2.81,2.681,0.006,-0.9,0.001,0.34099996,0.00244949,0.85599995,0.00244949,0.589,0.00244949,0.36699998,0.0014142137,0.22999996,0.00244949,0.30799997,0.00244949,1.7249999,0.0014142137,-0.5910001,0.0022360682,0.9958162444925275,0.07132784679291124,9.904128,,299.85062,1.0
2M13150638-1348049,4824.889,3.762,3.259,0.005,0.015,0.001,0.029,0.00244949,0.026,0.00244949,0.206,0.003,0.197,0.0014142137,0.056,0.00244949,0.020999998,0.00244949,-0.107,0.0014142137,0.174,0.0014142137,1.169109336824219,0.09020111871699855,14.760781,,247.1227,1.0
2M13304767-1358050,4552.596,1.801,2.622,0.005,-0.194,0.001,0.10000001,0.0017320508,-0.003999993,0.0017320508,0.11800001,0.00244949,0.256,0.0014142137,0.051,0.0017320508,0.113000005,0.0017320508,-0.162,0.0014142137,0.128,0.0014142137,1.0513238901885622,0.0970136542311989,11.25444,,308.72742,1.0
2M23261969-0953132,4539.716,3.808,2.796,0.008,-0.185,0.002,0.13,0.0041231057,0.077,0.0041231057,0.158,0.0046904157,0.29,0.0028284274,0.078,0.0037416574,0.154,0.0041231057,-0.239,0.0028284274,0.086,0.0028284274,1.225287437198089,0.06882332922913653,16.799155,,145.37659,1.0
2M04054414+1413306,4795.326,4.0,3.056,0.007,0.012,0.001,0.0020000003,0.00244949,-0.13599999,0.00244949,0.344,0.003,0.118999995,0.0014142137,0.049999997,0.00244949,-0.018,0.00244949,0.013,0.0014142137,0.009,0.0014142137,0.1087723126646127,0.04317494595036905,1.284613,,256.1339,1.0
2M13151642-1417413,4148.245,0.298,2.22,0.001,0.166,0.001,0.004000008,,0.066,,0.246,,0.12100001,0.0014142137,-0.019999996,,0.030000001,,-0.173,0.0014142137,-0.03199999,0.0014142137,1.209970463148943,0.08493011660572991,16.216998,,729.1116,1.0
2M19184148-2922263,4226.905,2.182,2.109,0.013,-0.184,0.002,0.148,0.0045825755,0.068,0.0045825755,0.194,0.0053851646,0.287,0.0028284274,0.044,0.0045825755,0.146,0.0045825755,-0.07900001,0.0028284274,-0.054000005,0.0028284274,1.1920442566781209,0.09837723620088498,15.561242000000002,,105.369896,1.0
2M22015755-1132238,4129.394,0.705,1.973,0.004,-0.056,0.001,0.035000004,0.0017320508,-0.012000002,0.0017320508,0.094,0.00244949,0.135,0.0014142137,-0.015000001,0.0017320508,0.019000001,0.0017320508,-0.074999996,0.0014142137,-0.11799999,0.0014142137,1.132646570904952,0.1417117506678549,13.572085,,318.95456,1.0
2M22025828-0706505,4628.097,4.922,2.948,0.01,-0.308,0.002,0.264,0.0041231057,0.181,0.0041231057,0.0119999945,0.0053851646,0.373,0.0028284274,0.141,0.0041231057,0.218,0.0041231057,-0.048000008,0.0028284274,-0.25500003,0.0028284274,1.1612768207738746,0.09845915978490472,14.496956,,162.0,1.0
2M22204679-1227458,4867.96,5.817,3.187,0.009,-0.276,0.001,0.09899999,0.0037416576,0.002000004,0.004358899,0.14199999,0.004358899,0.23499998,0.0014142137,0.04699999,0.0037416576,0.06299999,0.0037416576,-0.167,0.0014142137,0.122999996,0.0014142137,0.9028816385325008,0.1068511560106114,7.996163,,193.11928,1.0
2M04005718+2259406,4233.476,0.446,2.211,0.002,-0.018,0.001,0.047,0.0017320508,0.005999999,0.0017320508,0.117,0.00244949,0.20500001,0.0014142137,-0.0020000003,0.0017320508,0.048,0.0017320508,-0.034,0.0014142137,-0.064,0.0014142137,1.2343635575683412,0.06256428017901042,17.153927,,551.952,1.0
